protocol,readout,layer,split,family,factor,metric,value
actual,prompt_end,0,valid,regression,object_a_xyz,mean_r2,0.8970925807952881
actual,prompt_end,0,valid,regression,object_b_xyz,mean_r2,0.9253263473510742
actual,prompt_end,0,valid,regression,target_xyz,mean_r2,0.9146342277526855
actual,prompt_end,0,valid,regression,alternative_xyz,mean_r2,0.9916194081306458
actual,prompt_end,0,valid,regression,eef_xyz,mean_r2,0.9687665104866028
actual,prompt_end,0,valid,regression,robot_joint_pos,mean_r2,0.9541243314743042
actual,prompt_end,0,valid,regression,gripper_width,mean_r2,0.5690562129020691
actual,prompt_end,0,valid,regression,target_to_eef_xyz,mean_r2,0.840207040309906
actual,prompt_end,0,valid,regression,alternative_to_eef_xyz,mean_r2,0.947418212890625
actual,prompt_end,0,valid,regression,target_to_basket_xyz,mean_r2,0.9235661625862122
actual,prompt_end,0,valid,regression,eef_target_distance,mean_r2,0.9154519438743591
actual,prompt_end,0,valid,regression,eef_alternative_distance,mean_r2,0.9277186989784241
actual,prompt_end,0,valid,regression,target_basket_distance,mean_r2,0.9482483267784119
actual,prompt_end,0,valid,regression,target_displacement_xyz,mean_r2,0.8780773282051086
actual,prompt_end,0,valid,regression,target_speed_per_action_step,mean_r2,0.8368151187896729
actual,prompt_end,0,valid,regression,normalized_action_progress,mean_r2,0.6641043424606323
actual,prompt_end,0,valid,regression,raw_action,mean_r2,0.45368117094039917
actual,prompt_end,0,valid,binary,target_grasped,auc,0.9945293644408688
actual,prompt_end,0,valid,binary,target_moved,auc,0.9985632183908046
actual,prompt_end,0,valid,binary,target_lifted,auc,0.9976464859600714
actual,prompt_end,0,valid,binary,near_target,auc,0.9992792792792793
actual,prompt_end,0,valid,binary,near_basket,auc,0.9954710144927537
actual,prompt_end,0,valid,phase,phase_coarse,macro_f1,0.9138258157612996
actual,prompt_end,0,test,regression,object_a_xyz,mean_r2,0.9245703816413879
actual,prompt_end,0,test,regression,object_b_xyz,mean_r2,0.9310183525085449
actual,prompt_end,0,test,regression,target_xyz,mean_r2,0.9426687359809875
actual,prompt_end,0,test,regression,alternative_xyz,mean_r2,0.9888210892677307
actual,prompt_end,0,test,regression,eef_xyz,mean_r2,0.9626011848449707
actual,prompt_end,0,test,regression,robot_joint_pos,mean_r2,0.93218594789505
actual,prompt_end,0,test,regression,gripper_width,mean_r2,0.7431080341339111
actual,prompt_end,0,test,regression,target_to_eef_xyz,mean_r2,0.8369131684303284
actual,prompt_end,0,test,regression,alternative_to_eef_xyz,mean_r2,0.9463127255439758
actual,prompt_end,0,test,regression,target_to_basket_xyz,mean_r2,0.948964536190033
actual,prompt_end,0,test,regression,eef_target_distance,mean_r2,0.9200807213783264
actual,prompt_end,0,test,regression,eef_alternative_distance,mean_r2,0.9209855198860168
actual,prompt_end,0,test,regression,target_basket_distance,mean_r2,0.9653220176696777
actual,prompt_end,0,test,regression,target_displacement_xyz,mean_r2,0.9133901596069336
actual,prompt_end,0,test,regression,target_speed_per_action_step,mean_r2,0.7237792015075684
actual,prompt_end,0,test,regression,normalized_action_progress,mean_r2,0.6224848031997681
actual,prompt_end,0,test,regression,raw_action,mean_r2,0.2654149830341339
actual,prompt_end,0,test,binary,target_grasped,auc,0.9726713982585791
actual,prompt_end,0,test,binary,target_moved,auc,0.9999619308664535
actual,prompt_end,0,test,binary,target_lifted,auc,0.9998896247240618
actual,prompt_end,0,test,binary,near_target,auc,0.9842494113826419
actual,prompt_end,0,test,binary,near_basket,auc,0.9941052971576227
actual,prompt_end,0,test,phase,phase_coarse,macro_f1,0.9252939652939652
actual,prompt_end,1,valid,regression,object_a_xyz,mean_r2,0.9355342388153076
actual,prompt_end,1,valid,regression,object_b_xyz,mean_r2,0.9270839691162109
actual,prompt_end,1,valid,regression,target_xyz,mean_r2,0.9276466369628906
actual,prompt_end,1,valid,regression,alternative_xyz,mean_r2,0.9908132553100586
actual,prompt_end,1,valid,regression,eef_xyz,mean_r2,0.9771172404289246
actual,prompt_end,1,valid,regression,robot_joint_pos,mean_r2,0.9580187797546387
actual,prompt_end,1,valid,regression,gripper_width,mean_r2,0.7080557942390442
actual,prompt_end,1,valid,regression,target_to_eef_xyz,mean_r2,0.892219066619873
actual,prompt_end,1,valid,regression,alternative_to_eef_xyz,mean_r2,0.9543917775154114
actual,prompt_end,1,valid,regression,target_to_basket_xyz,mean_r2,0.9342997670173645
actual,prompt_end,1,valid,regression,eef_target_distance,mean_r2,0.9281989932060242
actual,prompt_end,1,valid,regression,eef_alternative_distance,mean_r2,0.9340140223503113
actual,prompt_end,1,valid,regression,target_basket_distance,mean_r2,0.9639759063720703
actual,prompt_end,1,valid,regression,target_displacement_xyz,mean_r2,0.9148337841033936
actual,prompt_end,1,valid,regression,target_speed_per_action_step,mean_r2,0.8439493179321289
actual,prompt_end,1,valid,regression,normalized_action_progress,mean_r2,0.7027559280395508
actual,prompt_end,1,valid,regression,raw_action,mean_r2,0.4615211486816406
actual,prompt_end,1,valid,binary,target_grasped,auc,0.9933226065969428
actual,prompt_end,1,valid,binary,target_moved,auc,0.9990703177822853
actual,prompt_end,1,valid,binary,target_lifted,auc,0.9994319104041551
actual,prompt_end,1,valid,binary,near_target,auc,0.9991891891891892
actual,prompt_end,1,valid,binary,near_basket,auc,0.9972826086956522
actual,prompt_end,1,valid,phase,phase_coarse,macro_f1,0.9084178335747626
actual,prompt_end,1,test,regression,object_a_xyz,mean_r2,0.950428307056427
actual,prompt_end,1,test,regression,object_b_xyz,mean_r2,0.9389698505401611
actual,prompt_end,1,test,regression,target_xyz,mean_r2,0.9573702216148376
actual,prompt_end,1,test,regression,alternative_xyz,mean_r2,0.9889732003211975
actual,prompt_end,1,test,regression,eef_xyz,mean_r2,0.9728312492370605
actual,prompt_end,1,test,regression,robot_joint_pos,mean_r2,0.9464849829673767
actual,prompt_end,1,test,regression,gripper_width,mean_r2,0.8354549407958984
actual,prompt_end,1,test,regression,target_to_eef_xyz,mean_r2,0.8842477798461914
actual,prompt_end,1,test,regression,alternative_to_eef_xyz,mean_r2,0.9626585841178894
actual,prompt_end,1,test,regression,target_to_basket_xyz,mean_r2,0.9601256251335144
actual,prompt_end,1,test,regression,eef_target_distance,mean_r2,0.911710798740387
actual,prompt_end,1,test,regression,eef_alternative_distance,mean_r2,0.9284763336181641
actual,prompt_end,1,test,regression,target_basket_distance,mean_r2,0.9801891446113586
actual,prompt_end,1,test,regression,target_displacement_xyz,mean_r2,0.941690981388092
actual,prompt_end,1,test,regression,target_speed_per_action_step,mean_r2,0.7534735798835754
actual,prompt_end,1,test,regression,normalized_action_progress,mean_r2,0.6510776281356812
actual,prompt_end,1,test,regression,raw_action,mean_r2,0.24577052891254425
actual,prompt_end,1,test,binary,target_grasped,auc,0.9723055535230848
actual,prompt_end,1,test,binary,target_moved,auc,0.9996573777980813
actual,prompt_end,1,test,binary,target_lifted,auc,0.9998160412067697
actual,prompt_end,1,test,binary,near_target,auc,0.9887959730453845
actual,prompt_end,1,test,binary,near_basket,auc,0.9972545219638242
actual,prompt_end,1,test,phase,phase_coarse,macro_f1,0.9146682839669373
actual,prompt_end,2,valid,regression,object_a_xyz,mean_r2,0.9407450556755066
actual,prompt_end,2,valid,regression,object_b_xyz,mean_r2,0.9232366681098938
actual,prompt_end,2,valid,regression,target_xyz,mean_r2,0.9384610652923584
actual,prompt_end,2,valid,regression,alternative_xyz,mean_r2,0.987133800983429
actual,prompt_end,2,valid,regression,eef_xyz,mean_r2,0.972980797290802
actual,prompt_end,2,valid,regression,robot_joint_pos,mean_r2,0.9615188837051392
actual,prompt_end,2,valid,regression,gripper_width,mean_r2,0.6883116960525513
actual,prompt_end,2,valid,regression,target_to_eef_xyz,mean_r2,0.8686833381652832
actual,prompt_end,2,valid,regression,alternative_to_eef_xyz,mean_r2,0.9484093189239502
actual,prompt_end,2,valid,regression,target_to_basket_xyz,mean_r2,0.9393930435180664
actual,prompt_end,2,valid,regression,eef_target_distance,mean_r2,0.937551736831665
actual,prompt_end,2,valid,regression,eef_alternative_distance,mean_r2,0.9385432600975037
actual,prompt_end,2,valid,regression,target_basket_distance,mean_r2,0.958686113357544
actual,prompt_end,2,valid,regression,target_displacement_xyz,mean_r2,0.9111308455467224
actual,prompt_end,2,valid,regression,target_speed_per_action_step,mean_r2,0.8277242183685303
actual,prompt_end,2,valid,regression,normalized_action_progress,mean_r2,0.6836594343185425
actual,prompt_end,2,valid,regression,raw_action,mean_r2,0.5006119608879089
actual,prompt_end,2,valid,binary,target_grasped,auc,0.9945293644408688
actual,prompt_end,2,valid,binary,target_moved,auc,0.999577417173766
actual,prompt_end,2,valid,binary,target_lifted,auc,0.999675377373803
actual,prompt_end,2,valid,binary,near_target,auc,0.9985585585585586
actual,prompt_end,2,valid,binary,near_basket,auc,0.9966787439613527
actual,prompt_end,2,valid,phase,phase_coarse,macro_f1,0.9160415689951554
actual,prompt_end,2,test,regression,object_a_xyz,mean_r2,0.9557993412017822
actual,prompt_end,2,test,regression,object_b_xyz,mean_r2,0.9399747848510742
actual,prompt_end,2,test,regression,target_xyz,mean_r2,0.9637981057167053
actual,prompt_end,2,test,regression,alternative_xyz,mean_r2,0.9857456684112549
actual,prompt_end,2,test,regression,eef_xyz,mean_r2,0.9639541506767273
actual,prompt_end,2,test,regression,robot_joint_pos,mean_r2,0.9474083185195923
actual,prompt_end,2,test,regression,gripper_width,mean_r2,0.7913540005683899
actual,prompt_end,2,test,regression,target_to_eef_xyz,mean_r2,0.8709710240364075
actual,prompt_end,2,test,regression,alternative_to_eef_xyz,mean_r2,0.9579225182533264
actual,prompt_end,2,test,regression,target_to_basket_xyz,mean_r2,0.9625152945518494
actual,prompt_end,2,test,regression,eef_target_distance,mean_r2,0.882847011089325
actual,prompt_end,2,test,regression,eef_alternative_distance,mean_r2,0.9534303545951843
actual,prompt_end,2,test,regression,target_basket_distance,mean_r2,0.9787880182266235
actual,prompt_end,2,test,regression,target_displacement_xyz,mean_r2,0.952353298664093
actual,prompt_end,2,test,regression,target_speed_per_action_step,mean_r2,0.7743782997131348
actual,prompt_end,2,test,regression,normalized_action_progress,mean_r2,0.6733789443969727
actual,prompt_end,2,test,regression,raw_action,mean_r2,0.3138999044895172
actual,prompt_end,2,test,binary,target_grasped,auc,0.9737689324650618
actual,prompt_end,2,test,binary,target_moved,auc,0.9995812395309883
actual,prompt_end,2,test,binary,target_lifted,auc,1.0
actual,prompt_end,2,test,binary,near_target,auc,0.9803523585288626
actual,prompt_end,2,test,binary,near_basket,auc,0.9943475452196382
actual,prompt_end,2,test,phase,phase_coarse,macro_f1,0.8803589799903967
actual,prompt_end,3,valid,regression,object_a_xyz,mean_r2,0.9562812447547913
actual,prompt_end,3,valid,regression,object_b_xyz,mean_r2,0.9396559596061707
actual,prompt_end,3,valid,regression,target_xyz,mean_r2,0.9483652710914612
actual,prompt_end,3,valid,regression,alternative_xyz,mean_r2,0.9896433353424072
actual,prompt_end,3,valid,regression,eef_xyz,mean_r2,0.9735415577888489
actual,prompt_end,3,valid,regression,robot_joint_pos,mean_r2,0.9580699801445007
actual,prompt_end,3,valid,regression,gripper_width,mean_r2,0.7292534708976746
actual,prompt_end,3,valid,regression,target_to_eef_xyz,mean_r2,0.8999783396720886
actual,prompt_end,3,valid,regression,alternative_to_eef_xyz,mean_r2,0.945514976978302
actual,prompt_end,3,valid,regression,target_to_basket_xyz,mean_r2,0.9552209973335266
actual,prompt_end,3,valid,regression,eef_target_distance,mean_r2,0.9235130548477173
actual,prompt_end,3,valid,regression,eef_alternative_distance,mean_r2,0.9479433298110962
actual,prompt_end,3,valid,regression,target_basket_distance,mean_r2,0.9698097705841064
actual,prompt_end,3,valid,regression,target_displacement_xyz,mean_r2,0.920982837677002
actual,prompt_end,3,valid,regression,target_speed_per_action_step,mean_r2,0.8396151065826416
actual,prompt_end,3,valid,regression,normalized_action_progress,mean_r2,0.743597686290741
actual,prompt_end,3,valid,regression,raw_action,mean_r2,0.4715411365032196
actual,prompt_end,3,valid,binary,target_grasped,auc,0.9930008045052293
actual,prompt_end,3,valid,binary,target_moved,auc,0.9993238674780257
actual,prompt_end,3,valid,binary,target_lifted,auc,0.9995130660607044
actual,prompt_end,3,valid,binary,near_target,auc,0.9990990990990991
actual,prompt_end,3,valid,binary,near_basket,auc,0.9960748792270532
actual,prompt_end,3,valid,phase,phase_coarse,macro_f1,0.9306424186529094
actual,prompt_end,3,test,regression,object_a_xyz,mean_r2,0.9608647227287292
actual,prompt_end,3,test,regression,object_b_xyz,mean_r2,0.9567930102348328
actual,prompt_end,3,test,regression,target_xyz,mean_r2,0.9667204022407532
actual,prompt_end,3,test,regression,alternative_xyz,mean_r2,0.9852338433265686
actual,prompt_end,3,test,regression,eef_xyz,mean_r2,0.9667980670928955
actual,prompt_end,3,test,regression,robot_joint_pos,mean_r2,0.9520716071128845
actual,prompt_end,3,test,regression,gripper_width,mean_r2,0.8321231603622437
actual,prompt_end,3,test,regression,target_to_eef_xyz,mean_r2,0.9059191346168518
actual,prompt_end,3,test,regression,alternative_to_eef_xyz,mean_r2,0.9622401595115662
actual,prompt_end,3,test,regression,target_to_basket_xyz,mean_r2,0.9597694873809814
actual,prompt_end,3,test,regression,eef_target_distance,mean_r2,0.9194396138191223
actual,prompt_end,3,test,regression,eef_alternative_distance,mean_r2,0.9611427783966064
actual,prompt_end,3,test,regression,target_basket_distance,mean_r2,0.9712340235710144
actual,prompt_end,3,test,regression,target_displacement_xyz,mean_r2,0.9557745456695557
actual,prompt_end,3,test,regression,target_speed_per_action_step,mean_r2,0.7834062576293945
actual,prompt_end,3,test,regression,normalized_action_progress,mean_r2,0.7456424236297607
actual,prompt_end,3,test,regression,raw_action,mean_r2,0.19889535009860992
actual,prompt_end,3,test,binary,target_grasped,auc,0.9843784297943953
actual,prompt_end,3,test,binary,target_moved,auc,0.9996954469316278
actual,prompt_end,3,test,binary,target_lifted,auc,1.0
actual,prompt_end,3,test,binary,near_target,auc,0.9790533409109361
actual,prompt_end,3,test,binary,near_basket,auc,0.9930555555555556
actual,prompt_end,3,test,phase,phase_coarse,macro_f1,0.8619513225058695
actual,prompt_end,4,valid,regression,object_a_xyz,mean_r2,0.9522294402122498
actual,prompt_end,4,valid,regression,object_b_xyz,mean_r2,0.9284217953681946
actual,prompt_end,4,valid,regression,target_xyz,mean_r2,0.9438815116882324
actual,prompt_end,4,valid,regression,alternative_xyz,mean_r2,0.9882895350456238
actual,prompt_end,4,valid,regression,eef_xyz,mean_r2,0.967993438243866
actual,prompt_end,4,valid,regression,robot_joint_pos,mean_r2,0.9667680859565735
actual,prompt_end,4,valid,regression,gripper_width,mean_r2,0.8168452978134155
actual,prompt_end,4,valid,regression,target_to_eef_xyz,mean_r2,0.8906667232513428
actual,prompt_end,4,valid,regression,alternative_to_eef_xyz,mean_r2,0.9561543464660645
actual,prompt_end,4,valid,regression,target_to_basket_xyz,mean_r2,0.9400525093078613
actual,prompt_end,4,valid,regression,eef_target_distance,mean_r2,0.9353021383285522
actual,prompt_end,4,valid,regression,eef_alternative_distance,mean_r2,0.9512940049171448
actual,prompt_end,4,valid,regression,target_basket_distance,mean_r2,0.9680366516113281
actual,prompt_end,4,valid,regression,target_displacement_xyz,mean_r2,0.9192188382148743
actual,prompt_end,4,valid,regression,target_speed_per_action_step,mean_r2,0.8527116775512695
actual,prompt_end,4,valid,regression,normalized_action_progress,mean_r2,0.7328497171401978
actual,prompt_end,4,valid,regression,raw_action,mean_r2,0.42439326643943787
actual,prompt_end,4,valid,binary,target_grasped,auc,0.9950925181013677
actual,prompt_end,4,valid,binary,target_moved,auc,0.9997464503042597
actual,prompt_end,4,valid,binary,target_lifted,auc,0.9999188443434507
actual,prompt_end,4,valid,binary,near_target,auc,0.9988288288288288
actual,prompt_end,4,valid,binary,near_basket,auc,0.9758454106280193
actual,prompt_end,4,valid,phase,phase_coarse,macro_f1,0.9175673101877256
actual,prompt_end,4,test,regression,object_a_xyz,mean_r2,0.96333247423172
actual,prompt_end,4,test,regression,object_b_xyz,mean_r2,0.9389687180519104
actual,prompt_end,4,test,regression,target_xyz,mean_r2,0.9633683562278748
actual,prompt_end,4,test,regression,alternative_xyz,mean_r2,0.9801511764526367
actual,prompt_end,4,test,regression,eef_xyz,mean_r2,0.9725373387336731
actual,prompt_end,4,test,regression,robot_joint_pos,mean_r2,0.959057629108429
actual,prompt_end,4,test,regression,gripper_width,mean_r2,0.8321185111999512
actual,prompt_end,4,test,regression,target_to_eef_xyz,mean_r2,0.8970291614532471
actual,prompt_end,4,test,regression,alternative_to_eef_xyz,mean_r2,0.962738573551178
actual,prompt_end,4,test,regression,target_to_basket_xyz,mean_r2,0.9540681838989258
actual,prompt_end,4,test,regression,eef_target_distance,mean_r2,0.879727840423584
actual,prompt_end,4,test,regression,eef_alternative_distance,mean_r2,0.9537128210067749
actual,prompt_end,4,test,regression,target_basket_distance,mean_r2,0.9598195552825928
actual,prompt_end,4,test,regression,target_displacement_xyz,mean_r2,0.9402787685394287
actual,prompt_end,4,test,regression,target_speed_per_action_step,mean_r2,0.7863583564758301
actual,prompt_end,4,test,regression,normalized_action_progress,mean_r2,0.7012279033660889
actual,prompt_end,4,test,regression,raw_action,mean_r2,0.18353888392448425
actual,prompt_end,4,test,binary,target_grasped,auc,0.9791468500768274
actual,prompt_end,4,test,binary,target_moved,auc,0.9997335160651744
actual,prompt_end,4,test,binary,target_lifted,auc,1.0
actual,prompt_end,4,test,binary,near_target,auc,0.9857514005033693
actual,prompt_end,4,test,binary,near_basket,auc,0.9830426356589147
actual,prompt_end,4,test,phase,phase_coarse,macro_f1,0.8950683797240684
actual,prompt_end,5,valid,regression,object_a_xyz,mean_r2,0.9422189593315125
actual,prompt_end,5,valid,regression,object_b_xyz,mean_r2,0.9321501851081848
actual,prompt_end,5,valid,regression,target_xyz,mean_r2,0.9415424466133118
actual,prompt_end,5,valid,regression,alternative_xyz,mean_r2,0.9863044619560242
actual,prompt_end,5,valid,regression,eef_xyz,mean_r2,0.9684247374534607
actual,prompt_end,5,valid,regression,robot_joint_pos,mean_r2,0.9643598794937134
actual,prompt_end,5,valid,regression,gripper_width,mean_r2,0.8471459150314331
actual,prompt_end,5,valid,regression,target_to_eef_xyz,mean_r2,0.8906505107879639
actual,prompt_end,5,valid,regression,alternative_to_eef_xyz,mean_r2,0.9625714421272278
actual,prompt_end,5,valid,regression,target_to_basket_xyz,mean_r2,0.9415051341056824
actual,prompt_end,5,valid,regression,eef_target_distance,mean_r2,0.9269083142280579
actual,prompt_end,5,valid,regression,eef_alternative_distance,mean_r2,0.9346702098846436
actual,prompt_end,5,valid,regression,target_basket_distance,mean_r2,0.9698199033737183
actual,prompt_end,5,valid,regression,target_displacement_xyz,mean_r2,0.9213805198669434
actual,prompt_end,5,valid,regression,target_speed_per_action_step,mean_r2,0.8568612337112427
actual,prompt_end,5,valid,regression,normalized_action_progress,mean_r2,0.7607972621917725
actual,prompt_end,5,valid,regression,raw_action,mean_r2,0.45881766080856323
actual,prompt_end,5,valid,binary,target_grasped,auc,0.9939662107803701
actual,prompt_end,5,valid,binary,target_moved,auc,0.9992393509127789
actual,prompt_end,5,valid,binary,target_lifted,auc,0.9999188443434507
actual,prompt_end,5,valid,binary,near_target,auc,0.9981981981981982
actual,prompt_end,5,valid,binary,near_basket,auc,0.9909420289855072
actual,prompt_end,5,valid,phase,phase_coarse,macro_f1,0.9304954304954305
actual,prompt_end,5,test,regression,object_a_xyz,mean_r2,0.9595399498939514
actual,prompt_end,5,test,regression,object_b_xyz,mean_r2,0.9591793417930603
actual,prompt_end,5,test,regression,target_xyz,mean_r2,0.9594637751579285
actual,prompt_end,5,test,regression,alternative_xyz,mean_r2,0.984244167804718
actual,prompt_end,5,test,regression,eef_xyz,mean_r2,0.9686079025268555
actual,prompt_end,5,test,regression,robot_joint_pos,mean_r2,0.9612236022949219
actual,prompt_end,5,test,regression,gripper_width,mean_r2,0.822419285774231
actual,prompt_end,5,test,regression,target_to_eef_xyz,mean_r2,0.8828635811805725
actual,prompt_end,5,test,regression,alternative_to_eef_xyz,mean_r2,0.9712532162666321
actual,prompt_end,5,test,regression,target_to_basket_xyz,mean_r2,0.9536024928092957
actual,prompt_end,5,test,regression,eef_target_distance,mean_r2,0.9216092824935913
actual,prompt_end,5,test,regression,eef_alternative_distance,mean_r2,0.9434723258018494
actual,prompt_end,5,test,regression,target_basket_distance,mean_r2,0.9734307527542114
actual,prompt_end,5,test,regression,target_displacement_xyz,mean_r2,0.9494073390960693
actual,prompt_end,5,test,regression,target_speed_per_action_step,mean_r2,0.8310929536819458
actual,prompt_end,5,test,regression,normalized_action_progress,mean_r2,0.7252979278564453
actual,prompt_end,5,test,regression,raw_action,mean_r2,0.3006485402584076
actual,prompt_end,5,test,binary,target_grasped,auc,0.988402721884832
actual,prompt_end,5,test,binary,target_moved,auc,0.9998096543322674
actual,prompt_end,5,test,binary,target_lifted,auc,1.0
actual,prompt_end,5,test,binary,near_target,auc,0.9811236502395064
actual,prompt_end,5,test,binary,near_basket,auc,0.9792474160206718
actual,prompt_end,5,test,phase,phase_coarse,macro_f1,0.8810588234397355
actual,prompt_end,6,valid,regression,object_a_xyz,mean_r2,0.9378151893615723
actual,prompt_end,6,valid,regression,object_b_xyz,mean_r2,0.9412310123443604
actual,prompt_end,6,valid,regression,target_xyz,mean_r2,0.9399015307426453
actual,prompt_end,6,valid,regression,alternative_xyz,mean_r2,0.9860589504241943
actual,prompt_end,6,valid,regression,eef_xyz,mean_r2,0.9726974368095398
actual,prompt_end,6,valid,regression,robot_joint_pos,mean_r2,0.9668390154838562
actual,prompt_end,6,valid,regression,gripper_width,mean_r2,0.767436146736145
actual,prompt_end,6,valid,regression,target_to_eef_xyz,mean_r2,0.8732110857963562
actual,prompt_end,6,valid,regression,alternative_to_eef_xyz,mean_r2,0.9609816074371338
actual,prompt_end,6,valid,regression,target_to_basket_xyz,mean_r2,0.9393590092658997
actual,prompt_end,6,valid,regression,eef_target_distance,mean_r2,0.9188235998153687
actual,prompt_end,6,valid,regression,eef_alternative_distance,mean_r2,0.9441248774528503
actual,prompt_end,6,valid,regression,target_basket_distance,mean_r2,0.9632164835929871
actual,prompt_end,6,valid,regression,target_displacement_xyz,mean_r2,0.913524329662323
actual,prompt_end,6,valid,regression,target_speed_per_action_step,mean_r2,0.8659582138061523
actual,prompt_end,6,valid,regression,normalized_action_progress,mean_r2,0.6717586517333984
actual,prompt_end,6,valid,regression,raw_action,mean_r2,0.4676488935947418
actual,prompt_end,6,valid,binary,target_grasped,auc,0.995172968624296
actual,prompt_end,6,valid,binary,target_moved,auc,0.998816768086545
actual,prompt_end,6,valid,binary,target_lifted,auc,0.9995942217172537
actual,prompt_end,6,valid,binary,near_target,auc,0.9985585585585586
actual,prompt_end,6,valid,binary,near_basket,auc,0.9942632850241546
actual,prompt_end,6,valid,phase,phase_coarse,macro_f1,0.9444333444333445
actual,prompt_end,6,test,regression,object_a_xyz,mean_r2,0.9563155770301819
actual,prompt_end,6,test,regression,object_b_xyz,mean_r2,0.9529364705085754
actual,prompt_end,6,test,regression,target_xyz,mean_r2,0.9630422592163086
actual,prompt_end,6,test,regression,alternative_xyz,mean_r2,0.9854009747505188
actual,prompt_end,6,test,regression,eef_xyz,mean_r2,0.9755304455757141
actual,prompt_end,6,test,regression,robot_joint_pos,mean_r2,0.9632653594017029
actual,prompt_end,6,test,regression,gripper_width,mean_r2,0.799112856388092
actual,prompt_end,6,test,regression,target_to_eef_xyz,mean_r2,0.8942459225654602
actual,prompt_end,6,test,regression,alternative_to_eef_xyz,mean_r2,0.9670681953430176
actual,prompt_end,6,test,regression,target_to_basket_xyz,mean_r2,0.9732269644737244
actual,prompt_end,6,test,regression,eef_target_distance,mean_r2,0.9050547480583191
actual,prompt_end,6,test,regression,eef_alternative_distance,mean_r2,0.9571501612663269
actual,prompt_end,6,test,regression,target_basket_distance,mean_r2,0.971598207950592
actual,prompt_end,6,test,regression,target_displacement_xyz,mean_r2,0.9487022757530212
actual,prompt_end,6,test,regression,target_speed_per_action_step,mean_r2,0.8320326805114746
actual,prompt_end,6,test,regression,normalized_action_progress,mean_r2,0.7247016429901123
actual,prompt_end,6,test,regression,raw_action,mean_r2,0.28819912672042847
actual,prompt_end,6,test,binary,target_grasped,auc,0.9844150142679446
actual,prompt_end,6,test,binary,target_moved,auc,0.9997335160651744
actual,prompt_end,6,test,binary,target_lifted,auc,0.9998528329654157
actual,prompt_end,6,test,binary,near_target,auc,0.9905821222700333
actual,prompt_end,6,test,binary,near_basket,auc,0.9677002583979328
actual,prompt_end,6,test,phase,phase_coarse,macro_f1,0.8808402009707964
actual,prompt_end,7,valid,regression,object_a_xyz,mean_r2,0.9297318458557129
actual,prompt_end,7,valid,regression,object_b_xyz,mean_r2,0.9190542101860046
actual,prompt_end,7,valid,regression,target_xyz,mean_r2,0.928048849105835
actual,prompt_end,7,valid,regression,alternative_xyz,mean_r2,0.9870466589927673
actual,prompt_end,7,valid,regression,eef_xyz,mean_r2,0.9678072929382324
actual,prompt_end,7,valid,regression,robot_joint_pos,mean_r2,0.9623359441757202
actual,prompt_end,7,valid,regression,gripper_width,mean_r2,0.7974129915237427
actual,prompt_end,7,valid,regression,target_to_eef_xyz,mean_r2,0.8562097549438477
actual,prompt_end,7,valid,regression,alternative_to_eef_xyz,mean_r2,0.9592954516410828
actual,prompt_end,7,valid,regression,target_to_basket_xyz,mean_r2,0.927459716796875
actual,prompt_end,7,valid,regression,eef_target_distance,mean_r2,0.8996613025665283
actual,prompt_end,7,valid,regression,eef_alternative_distance,mean_r2,0.9472386837005615
actual,prompt_end,7,valid,regression,target_basket_distance,mean_r2,0.9622875452041626
actual,prompt_end,7,valid,regression,target_displacement_xyz,mean_r2,0.8907184600830078
actual,prompt_end,7,valid,regression,target_speed_per_action_step,mean_r2,0.8384476900100708
actual,prompt_end,7,valid,regression,normalized_action_progress,mean_r2,0.6690826416015625
actual,prompt_end,7,valid,regression,raw_action,mean_r2,0.46223190426826477
actual,prompt_end,7,valid,binary,target_grasped,auc,0.9958165728077233
actual,prompt_end,7,valid,binary,target_moved,auc,0.9912947937795809
actual,prompt_end,7,valid,binary,target_lifted,auc,0.9987826651517611
actual,prompt_end,7,valid,binary,near_target,auc,0.9989189189189189
actual,prompt_end,7,valid,binary,near_basket,auc,0.982638888888889
actual,prompt_end,7,valid,phase,phase_coarse,macro_f1,0.9194642600306744
actual,prompt_end,7,test,regression,object_a_xyz,mean_r2,0.9569212794303894
actual,prompt_end,7,test,regression,object_b_xyz,mean_r2,0.9416138529777527
actual,prompt_end,7,test,regression,target_xyz,mean_r2,0.9594652056694031
actual,prompt_end,7,test,regression,alternative_xyz,mean_r2,0.9847054481506348
actual,prompt_end,7,test,regression,eef_xyz,mean_r2,0.9687151908874512
actual,prompt_end,7,test,regression,robot_joint_pos,mean_r2,0.9473448991775513
actual,prompt_end,7,test,regression,gripper_width,mean_r2,0.8321378827095032
actual,prompt_end,7,test,regression,target_to_eef_xyz,mean_r2,0.8666890263557434
actual,prompt_end,7,test,regression,alternative_to_eef_xyz,mean_r2,0.9657763838768005
actual,prompt_end,7,test,regression,target_to_basket_xyz,mean_r2,0.9522203803062439
actual,prompt_end,7,test,regression,eef_target_distance,mean_r2,0.9088406562805176
actual,prompt_end,7,test,regression,eef_alternative_distance,mean_r2,0.9478617906570435
actual,prompt_end,7,test,regression,target_basket_distance,mean_r2,0.9633943438529968
actual,prompt_end,7,test,regression,target_displacement_xyz,mean_r2,0.9473326206207275
actual,prompt_end,7,test,regression,target_speed_per_action_step,mean_r2,0.8064435720443726
actual,prompt_end,7,test,regression,normalized_action_progress,mean_r2,0.7731385827064514
actual,prompt_end,7,test,regression,raw_action,mean_r2,0.3571876585483551
actual,prompt_end,7,test,binary,target_grasped,auc,0.9820736079607815
actual,prompt_end,7,test,binary,target_moved,auc,0.999048271661337
actual,prompt_end,7,test,binary,target_lifted,auc,0.9999264164827079
actual,prompt_end,7,test,binary,near_target,auc,0.9881464642364212
actual,prompt_end,7,test,binary,near_basket,auc,0.9756944444444444
actual,prompt_end,7,test,phase,phase_coarse,macro_f1,0.8818668572060869
actual,prompt_end,8,valid,regression,object_a_xyz,mean_r2,0.9232938289642334
actual,prompt_end,8,valid,regression,object_b_xyz,mean_r2,0.9040861129760742
actual,prompt_end,8,valid,regression,target_xyz,mean_r2,0.9207671284675598
actual,prompt_end,8,valid,regression,alternative_xyz,mean_r2,0.9833722710609436
actual,prompt_end,8,valid,regression,eef_xyz,mean_r2,0.9647759795188904
actual,prompt_end,8,valid,regression,robot_joint_pos,mean_r2,0.957046389579773
actual,prompt_end,8,valid,regression,gripper_width,mean_r2,0.7668299674987793
actual,prompt_end,8,valid,regression,target_to_eef_xyz,mean_r2,0.8809924125671387
actual,prompt_end,8,valid,regression,alternative_to_eef_xyz,mean_r2,0.9536841511726379
actual,prompt_end,8,valid,regression,target_to_basket_xyz,mean_r2,0.9101184010505676
actual,prompt_end,8,valid,regression,eef_target_distance,mean_r2,0.917455792427063
actual,prompt_end,8,valid,regression,eef_alternative_distance,mean_r2,0.9453722238540649
actual,prompt_end,8,valid,regression,target_basket_distance,mean_r2,0.9598976373672485
actual,prompt_end,8,valid,regression,target_displacement_xyz,mean_r2,0.8866447806358337
actual,prompt_end,8,valid,regression,target_speed_per_action_step,mean_r2,0.8244308829307556
actual,prompt_end,8,valid,regression,normalized_action_progress,mean_r2,0.6431019306182861
actual,prompt_end,8,valid,regression,raw_action,mean_r2,0.45666074752807617
actual,prompt_end,8,valid,binary,target_grasped,auc,0.9939662107803701
actual,prompt_end,8,valid,binary,target_moved,auc,0.993238674780257
actual,prompt_end,8,valid,binary,target_lifted,auc,0.9987826651517611
actual,prompt_end,8,valid,binary,near_target,auc,0.9985585585585586
actual,prompt_end,8,valid,binary,near_basket,auc,0.9924516908212561
actual,prompt_end,8,valid,phase,phase_coarse,macro_f1,0.9090101229592933
actual,prompt_end,8,test,regression,object_a_xyz,mean_r2,0.9554843902587891
actual,prompt_end,8,test,regression,object_b_xyz,mean_r2,0.9323668479919434
actual,prompt_end,8,test,regression,target_xyz,mean_r2,0.958693265914917
actual,prompt_end,8,test,regression,alternative_xyz,mean_r2,0.9827616810798645
actual,prompt_end,8,test,regression,eef_xyz,mean_r2,0.96556156873703
actual,prompt_end,8,test,regression,robot_joint_pos,mean_r2,0.952538013458252
actual,prompt_end,8,test,regression,gripper_width,mean_r2,0.883510172367096
actual,prompt_end,8,test,regression,target_to_eef_xyz,mean_r2,0.8785976767539978
actual,prompt_end,8,test,regression,alternative_to_eef_xyz,mean_r2,0.9638161063194275
actual,prompt_end,8,test,regression,target_to_basket_xyz,mean_r2,0.9483518004417419
actual,prompt_end,8,test,regression,eef_target_distance,mean_r2,0.9042798280715942
actual,prompt_end,8,test,regression,eef_alternative_distance,mean_r2,0.9249478578567505
actual,prompt_end,8,test,regression,target_basket_distance,mean_r2,0.9731353521347046
actual,prompt_end,8,test,regression,target_displacement_xyz,mean_r2,0.9509649872779846
actual,prompt_end,8,test,regression,target_speed_per_action_step,mean_r2,0.8001483082771301
actual,prompt_end,8,test,regression,normalized_action_progress,mean_r2,0.7801252007484436
actual,prompt_end,8,test,regression,raw_action,mean_r2,0.3323151469230652
actual,prompt_end,8,test,binary,target_grasped,auc,0.9726713982585791
actual,prompt_end,8,test,binary,target_moved,auc,0.9999238617329069
actual,prompt_end,8,test,binary,target_lifted,auc,0.9997424576894776
actual,prompt_end,8,test,binary,near_target,auc,0.972395875619063
actual,prompt_end,8,test,binary,near_basket,auc,0.9497739018087855
actual,prompt_end,8,test,phase,phase_coarse,macro_f1,0.9005827854770453
actual,prompt_end,9,valid,regression,object_a_xyz,mean_r2,0.9254158139228821
actual,prompt_end,9,valid,regression,object_b_xyz,mean_r2,0.9108293056488037
actual,prompt_end,9,valid,regression,target_xyz,mean_r2,0.9079069495201111
actual,prompt_end,9,valid,regression,alternative_xyz,mean_r2,0.975878894329071
actual,prompt_end,9,valid,regression,eef_xyz,mean_r2,0.9538185596466064
actual,prompt_end,9,valid,regression,robot_joint_pos,mean_r2,0.9430869221687317
actual,prompt_end,9,valid,regression,gripper_width,mean_r2,0.7805719375610352
actual,prompt_end,9,valid,regression,target_to_eef_xyz,mean_r2,0.8946400284767151
actual,prompt_end,9,valid,regression,alternative_to_eef_xyz,mean_r2,0.9398160576820374
actual,prompt_end,9,valid,regression,target_to_basket_xyz,mean_r2,0.9190923571586609
actual,prompt_end,9,valid,regression,eef_target_distance,mean_r2,0.9193581938743591
actual,prompt_end,9,valid,regression,eef_alternative_distance,mean_r2,0.9356845617294312
actual,prompt_end,9,valid,regression,target_basket_distance,mean_r2,0.9541872143745422
actual,prompt_end,9,valid,regression,target_displacement_xyz,mean_r2,0.9005799293518066
actual,prompt_end,9,valid,regression,target_speed_per_action_step,mean_r2,0.8085988163948059
actual,prompt_end,9,valid,regression,normalized_action_progress,mean_r2,0.7464746236801147
actual,prompt_end,9,valid,regression,raw_action,mean_r2,0.49923351407051086
actual,prompt_end,9,valid,binary,target_grasped,auc,0.9950120675784393
actual,prompt_end,9,valid,binary,target_moved,auc,0.9921399594320487
actual,prompt_end,9,valid,binary,target_lifted,auc,0.9999188443434507
actual,prompt_end,9,valid,binary,near_target,auc,0.998018018018018
actual,prompt_end,9,valid,binary,near_basket,auc,0.9963768115942029
actual,prompt_end,9,valid,phase,phase_coarse,macro_f1,0.9202977139819245
actual,prompt_end,9,test,regression,object_a_xyz,mean_r2,0.9522038102149963
actual,prompt_end,9,test,regression,object_b_xyz,mean_r2,0.9458006024360657
actual,prompt_end,9,test,regression,target_xyz,mean_r2,0.9430176615715027
actual,prompt_end,9,test,regression,alternative_xyz,mean_r2,0.9784252643585205
actual,prompt_end,9,test,regression,eef_xyz,mean_r2,0.9583439826965332
actual,prompt_end,9,test,regression,robot_joint_pos,mean_r2,0.9380239844322205
actual,prompt_end,9,test,regression,gripper_width,mean_r2,0.832007110118866
actual,prompt_end,9,test,regression,target_to_eef_xyz,mean_r2,0.8882971405982971
actual,prompt_end,9,test,regression,alternative_to_eef_xyz,mean_r2,0.9594663977622986
actual,prompt_end,9,test,regression,target_to_basket_xyz,mean_r2,0.9516871571540833
actual,prompt_end,9,test,regression,eef_target_distance,mean_r2,0.9037179946899414
actual,prompt_end,9,test,regression,eef_alternative_distance,mean_r2,0.9503968954086304
actual,prompt_end,9,test,regression,target_basket_distance,mean_r2,0.9646279215812683
actual,prompt_end,9,test,regression,target_displacement_xyz,mean_r2,0.9439411163330078
actual,prompt_end,9,test,regression,target_speed_per_action_step,mean_r2,0.805337131023407
actual,prompt_end,9,test,regression,normalized_action_progress,mean_r2,0.6897547245025635
actual,prompt_end,9,test,regression,raw_action,mean_r2,0.37276968359947205
actual,prompt_end,9,test,binary,target_grasped,auc,0.9776103021877515
actual,prompt_end,9,test,binary,target_moved,auc,0.9995051012638952
actual,prompt_end,9,test,binary,target_lifted,auc,0.9997792494481236
actual,prompt_end,9,test,binary,near_target,auc,0.9786068036047739
actual,prompt_end,9,test,binary,near_basket,auc,0.9906330749354005
actual,prompt_end,9,test,phase,phase_coarse,macro_f1,0.8883303976926026
actual,prompt_end,10,valid,regression,object_a_xyz,mean_r2,0.9336095452308655
actual,prompt_end,10,valid,regression,object_b_xyz,mean_r2,0.9296659827232361
actual,prompt_end,10,valid,regression,target_xyz,mean_r2,0.9326386451721191
actual,prompt_end,10,valid,regression,alternative_xyz,mean_r2,0.9700176119804382
actual,prompt_end,10,valid,regression,eef_xyz,mean_r2,0.9499967694282532
actual,prompt_end,10,valid,regression,robot_joint_pos,mean_r2,0.9423345923423767
actual,prompt_end,10,valid,regression,gripper_width,mean_r2,0.8022048473358154
actual,prompt_end,10,valid,regression,target_to_eef_xyz,mean_r2,0.8528415560722351
actual,prompt_end,10,valid,regression,alternative_to_eef_xyz,mean_r2,0.9427908062934875
actual,prompt_end,10,valid,regression,target_to_basket_xyz,mean_r2,0.9273783564567566
actual,prompt_end,10,valid,regression,eef_target_distance,mean_r2,0.8897272944450378
actual,prompt_end,10,valid,regression,eef_alternative_distance,mean_r2,0.9487064480781555
actual,prompt_end,10,valid,regression,target_basket_distance,mean_r2,0.9597762227058411
actual,prompt_end,10,valid,regression,target_displacement_xyz,mean_r2,0.9172671437263489
actual,prompt_end,10,valid,regression,target_speed_per_action_step,mean_r2,0.8478291630744934
actual,prompt_end,10,valid,regression,normalized_action_progress,mean_r2,0.6897254586219788
actual,prompt_end,10,valid,regression,raw_action,mean_r2,0.49616050720214844
actual,prompt_end,10,valid,binary,target_grasped,auc,0.9946098149637973
actual,prompt_end,10,valid,binary,target_moved,auc,0.9842799188640974
actual,prompt_end,10,valid,binary,target_lifted,auc,1.0
actual,prompt_end,10,valid,binary,near_target,auc,0.9992792792792793
actual,prompt_end,10,valid,binary,near_basket,auc,0.9942632850241546
actual,prompt_end,10,valid,phase,phase_coarse,macro_f1,0.9523965488558207
actual,prompt_end,10,test,regression,object_a_xyz,mean_r2,0.9571765065193176
actual,prompt_end,10,test,regression,object_b_xyz,mean_r2,0.9473795890808105
actual,prompt_end,10,test,regression,target_xyz,mean_r2,0.9535877108573914
actual,prompt_end,10,test,regression,alternative_xyz,mean_r2,0.9663630127906799
actual,prompt_end,10,test,regression,eef_xyz,mean_r2,0.9535240530967712
actual,prompt_end,10,test,regression,robot_joint_pos,mean_r2,0.9364753365516663
actual,prompt_end,10,test,regression,gripper_width,mean_r2,0.8336223363876343
actual,prompt_end,10,test,regression,target_to_eef_xyz,mean_r2,0.8591139912605286
actual,prompt_end,10,test,regression,alternative_to_eef_xyz,mean_r2,0.9391298294067383
actual,prompt_end,10,test,regression,target_to_basket_xyz,mean_r2,0.9556834697723389
actual,prompt_end,10,test,regression,eef_target_distance,mean_r2,0.9238325953483582
actual,prompt_end,10,test,regression,eef_alternative_distance,mean_r2,0.9235328435897827
actual,prompt_end,10,test,regression,target_basket_distance,mean_r2,0.9586890935897827
actual,prompt_end,10,test,regression,target_displacement_xyz,mean_r2,0.9505142569541931
actual,prompt_end,10,test,regression,target_speed_per_action_step,mean_r2,0.7933311462402344
actual,prompt_end,10,test,regression,normalized_action_progress,mean_r2,0.7561798095703125
actual,prompt_end,10,test,regression,raw_action,mean_r2,0.2720728814601898
actual,prompt_end,10,test,binary,target_grasped,auc,0.9902319455623033
actual,prompt_end,10,test,binary,target_moved,auc,0.9997715851987209
actual,prompt_end,10,test,binary,target_lifted,auc,0.9998896247240618
actual,prompt_end,10,test,binary,near_target,auc,0.9848177315904847
actual,prompt_end,10,test,binary,near_basket,auc,0.9910368217054264
actual,prompt_end,10,test,phase,phase_coarse,macro_f1,0.9154280499340149
actual,prompt_end,11,valid,regression,object_a_xyz,mean_r2,0.935779869556427
actual,prompt_end,11,valid,regression,object_b_xyz,mean_r2,0.9218847155570984
actual,prompt_end,11,valid,regression,target_xyz,mean_r2,0.9333508610725403
actual,prompt_end,11,valid,regression,alternative_xyz,mean_r2,0.9751855731010437
actual,prompt_end,11,valid,regression,eef_xyz,mean_r2,0.9536036849021912
actual,prompt_end,11,valid,regression,robot_joint_pos,mean_r2,0.9518771767616272
actual,prompt_end,11,valid,regression,gripper_width,mean_r2,0.8443973064422607
actual,prompt_end,11,valid,regression,target_to_eef_xyz,mean_r2,0.8848482966423035
actual,prompt_end,11,valid,regression,alternative_to_eef_xyz,mean_r2,0.9382412433624268
actual,prompt_end,11,valid,regression,target_to_basket_xyz,mean_r2,0.9310357570648193
actual,prompt_end,11,valid,regression,eef_target_distance,mean_r2,0.909430980682373
actual,prompt_end,11,valid,regression,eef_alternative_distance,mean_r2,0.9554998278617859
actual,prompt_end,11,valid,regression,target_basket_distance,mean_r2,0.9473279714584351
actual,prompt_end,11,valid,regression,target_displacement_xyz,mean_r2,0.9132526516914368
actual,prompt_end,11,valid,regression,target_speed_per_action_step,mean_r2,0.8613461256027222
actual,prompt_end,11,valid,regression,normalized_action_progress,mean_r2,0.7862555980682373
actual,prompt_end,11,valid,regression,raw_action,mean_r2,0.478865385055542
actual,prompt_end,11,valid,binary,target_grasped,auc,0.9962188254223653
actual,prompt_end,11,valid,binary,target_moved,auc,0.9942528735632183
actual,prompt_end,11,valid,binary,target_lifted,auc,1.0
actual,prompt_end,11,valid,binary,near_target,auc,0.9993693693693694
actual,prompt_end,11,valid,binary,near_basket,auc,0.9861111111111112
actual,prompt_end,11,valid,phase,phase_coarse,macro_f1,0.9529667479474323
actual,prompt_end,11,test,regression,object_a_xyz,mean_r2,0.9565421938896179
actual,prompt_end,11,test,regression,object_b_xyz,mean_r2,0.9484021067619324
actual,prompt_end,11,test,regression,target_xyz,mean_r2,0.9562690854072571
actual,prompt_end,11,test,regression,alternative_xyz,mean_r2,0.9743754267692566
actual,prompt_end,11,test,regression,eef_xyz,mean_r2,0.9405716061592102
actual,prompt_end,11,test,regression,robot_joint_pos,mean_r2,0.9282693862915039
actual,prompt_end,11,test,regression,gripper_width,mean_r2,0.884275496006012
actual,prompt_end,11,test,regression,target_to_eef_xyz,mean_r2,0.8764605522155762
actual,prompt_end,11,test,regression,alternative_to_eef_xyz,mean_r2,0.9407808780670166
actual,prompt_end,11,test,regression,target_to_basket_xyz,mean_r2,0.9424896240234375
actual,prompt_end,11,test,regression,eef_target_distance,mean_r2,0.8915081024169922
actual,prompt_end,11,test,regression,eef_alternative_distance,mean_r2,0.8539209365844727
actual,prompt_end,11,test,regression,target_basket_distance,mean_r2,0.9636761546134949
actual,prompt_end,11,test,regression,target_displacement_xyz,mean_r2,0.9447231888771057
actual,prompt_end,11,test,regression,target_speed_per_action_step,mean_r2,0.731307864189148
actual,prompt_end,11,test,regression,normalized_action_progress,mean_r2,0.7904178500175476
actual,prompt_end,11,test,regression,raw_action,mean_r2,0.2904709279537201
actual,prompt_end,11,test,binary,target_grasped,auc,0.9737323479915124
actual,prompt_end,11,test,binary,target_moved,auc,0.9994670321303487
actual,prompt_end,11,test,binary,target_lifted,auc,1.0
actual,prompt_end,11,test,binary,near_target,auc,0.9818949419501501
actual,prompt_end,11,test,binary,near_basket,auc,0.993297803617571
actual,prompt_end,11,test,phase,phase_coarse,macro_f1,0.9284989216754725
actual,prompt_end,12,valid,regression,object_a_xyz,mean_r2,0.9360306262969971
actual,prompt_end,12,valid,regression,object_b_xyz,mean_r2,0.9195348620414734
actual,prompt_end,12,valid,regression,target_xyz,mean_r2,0.9278448224067688
actual,prompt_end,12,valid,regression,alternative_xyz,mean_r2,0.9668424129486084
actual,prompt_end,12,valid,regression,eef_xyz,mean_r2,0.9577713012695312
actual,prompt_end,12,valid,regression,robot_joint_pos,mean_r2,0.9450251460075378
actual,prompt_end,12,valid,regression,gripper_width,mean_r2,0.8474389314651489
actual,prompt_end,12,valid,regression,target_to_eef_xyz,mean_r2,0.8720147609710693
actual,prompt_end,12,valid,regression,alternative_to_eef_xyz,mean_r2,0.9426353573799133
actual,prompt_end,12,valid,regression,target_to_basket_xyz,mean_r2,0.9393649101257324
actual,prompt_end,12,valid,regression,eef_target_distance,mean_r2,0.9116774201393127
actual,prompt_end,12,valid,regression,eef_alternative_distance,mean_r2,0.938464879989624
actual,prompt_end,12,valid,regression,target_basket_distance,mean_r2,0.9667709469795227
actual,prompt_end,12,valid,regression,target_displacement_xyz,mean_r2,0.9030628800392151
actual,prompt_end,12,valid,regression,target_speed_per_action_step,mean_r2,0.8575347661972046
actual,prompt_end,12,valid,regression,normalized_action_progress,mean_r2,0.7711215615272522
actual,prompt_end,12,valid,regression,raw_action,mean_r2,0.4704771041870117
actual,prompt_end,12,valid,binary,target_grasped,auc,0.9960579243765084
actual,prompt_end,12,valid,binary,target_moved,auc,0.9890128465179175
actual,prompt_end,12,valid,binary,target_lifted,auc,1.0
actual,prompt_end,12,valid,binary,near_target,auc,0.9998198198198198
actual,prompt_end,12,valid,binary,near_basket,auc,0.9927536231884058
actual,prompt_end,12,valid,phase,phase_coarse,macro_f1,0.9596143778331099
actual,prompt_end,12,test,regression,object_a_xyz,mean_r2,0.9592775702476501
actual,prompt_end,12,test,regression,object_b_xyz,mean_r2,0.93467777967453
actual,prompt_end,12,test,regression,target_xyz,mean_r2,0.955221951007843
actual,prompt_end,12,test,regression,alternative_xyz,mean_r2,0.9586198329925537
actual,prompt_end,12,test,regression,eef_xyz,mean_r2,0.9513130187988281
actual,prompt_end,12,test,regression,robot_joint_pos,mean_r2,0.9275398850440979
actual,prompt_end,12,test,regression,gripper_width,mean_r2,0.8750271797180176
actual,prompt_end,12,test,regression,target_to_eef_xyz,mean_r2,0.8887351155281067
actual,prompt_end,12,test,regression,alternative_to_eef_xyz,mean_r2,0.9326490759849548
actual,prompt_end,12,test,regression,target_to_basket_xyz,mean_r2,0.957718551158905
actual,prompt_end,12,test,regression,eef_target_distance,mean_r2,0.9181435704231262
actual,prompt_end,12,test,regression,eef_alternative_distance,mean_r2,0.9363014698028564
actual,prompt_end,12,test,regression,target_basket_distance,mean_r2,0.9690915942192078
actual,prompt_end,12,test,regression,target_displacement_xyz,mean_r2,0.9442951083183289
actual,prompt_end,12,test,regression,target_speed_per_action_step,mean_r2,0.7850762605667114
actual,prompt_end,12,test,regression,normalized_action_progress,mean_r2,0.7539796829223633
actual,prompt_end,12,test,regression,raw_action,mean_r2,0.20717279613018036
actual,prompt_end,12,test,binary,target_grasped,auc,0.981268749542694
actual,prompt_end,12,test,binary,target_moved,auc,0.9992386173290696
actual,prompt_end,12,test,binary,target_lifted,auc,0.9998896247240618
actual,prompt_end,12,test,binary,near_target,auc,0.9894454818543477
actual,prompt_end,12,test,binary,near_basket,auc,0.9930555555555556
actual,prompt_end,12,test,phase,phase_coarse,macro_f1,0.9313625552157662
actual,prompt_end,13,valid,regression,object_a_xyz,mean_r2,0.9094123840332031
actual,prompt_end,13,valid,regression,object_b_xyz,mean_r2,0.9158954620361328
actual,prompt_end,13,valid,regression,target_xyz,mean_r2,0.92887282371521
actual,prompt_end,13,valid,regression,alternative_xyz,mean_r2,0.9603132605552673
actual,prompt_end,13,valid,regression,eef_xyz,mean_r2,0.9386729598045349
actual,prompt_end,13,valid,regression,robot_joint_pos,mean_r2,0.9326671361923218
actual,prompt_end,13,valid,regression,gripper_width,mean_r2,0.8563100695610046
actual,prompt_end,13,valid,regression,target_to_eef_xyz,mean_r2,0.8879263401031494
actual,prompt_end,13,valid,regression,alternative_to_eef_xyz,mean_r2,0.9347779154777527
actual,prompt_end,13,valid,regression,target_to_basket_xyz,mean_r2,0.9270164966583252
actual,prompt_end,13,valid,regression,eef_target_distance,mean_r2,0.9066669344902039
actual,prompt_end,13,valid,regression,eef_alternative_distance,mean_r2,0.8967158198356628
actual,prompt_end,13,valid,regression,target_basket_distance,mean_r2,0.9571408033370972
actual,prompt_end,13,valid,regression,target_displacement_xyz,mean_r2,0.8931054472923279
actual,prompt_end,13,valid,regression,target_speed_per_action_step,mean_r2,0.8600992560386658
actual,prompt_end,13,valid,regression,normalized_action_progress,mean_r2,0.6922076940536499
actual,prompt_end,13,valid,regression,raw_action,mean_r2,0.48660093545913696
actual,prompt_end,13,valid,binary,target_grasped,auc,0.9975060337892196
actual,prompt_end,13,valid,binary,target_moved,auc,0.9904496281271129
actual,prompt_end,13,valid,binary,target_lifted,auc,1.0
actual,prompt_end,13,valid,binary,near_target,auc,0.9992792792792793
actual,prompt_end,13,valid,binary,near_basket,auc,0.9915458937198067
actual,prompt_end,13,valid,phase,phase_coarse,macro_f1,0.9721464343313082
actual,prompt_end,13,test,regression,object_a_xyz,mean_r2,0.9480025768280029
actual,prompt_end,13,test,regression,object_b_xyz,mean_r2,0.9386516213417053
actual,prompt_end,13,test,regression,target_xyz,mean_r2,0.948173999786377
actual,prompt_end,13,test,regression,alternative_xyz,mean_r2,0.9477025866508484
actual,prompt_end,13,test,regression,eef_xyz,mean_r2,0.9274725914001465
actual,prompt_end,13,test,regression,robot_joint_pos,mean_r2,0.9083123207092285
actual,prompt_end,13,test,regression,gripper_width,mean_r2,0.8863601684570312
actual,prompt_end,13,test,regression,target_to_eef_xyz,mean_r2,0.8580257892608643
actual,prompt_end,13,test,regression,alternative_to_eef_xyz,mean_r2,0.9099936485290527
actual,prompt_end,13,test,regression,target_to_basket_xyz,mean_r2,0.9400603175163269
actual,prompt_end,13,test,regression,eef_target_distance,mean_r2,0.9093818068504333
actual,prompt_end,13,test,regression,eef_alternative_distance,mean_r2,0.9381838440895081
actual,prompt_end,13,test,regression,target_basket_distance,mean_r2,0.9534866213798523
actual,prompt_end,13,test,regression,target_displacement_xyz,mean_r2,0.9404779076576233
actual,prompt_end,13,test,regression,target_speed_per_action_step,mean_r2,0.7574631571769714
actual,prompt_end,13,test,regression,normalized_action_progress,mean_r2,0.6937340497970581
actual,prompt_end,13,test,regression,raw_action,mean_r2,0.2630188763141632
actual,prompt_end,13,test,binary,target_grasped,auc,0.9782322382380918
actual,prompt_end,13,test,binary,target_moved,auc,0.9993528247297091
actual,prompt_end,13,test,binary,target_lifted,auc,0.9998160412067697
actual,prompt_end,13,test,binary,near_target,auc,0.98790289843306
actual,prompt_end,13,test,binary,near_basket,auc,0.9958817829457365
actual,prompt_end,13,test,phase,phase_coarse,macro_f1,0.9276525698662604
actual,prompt_end,14,valid,regression,object_a_xyz,mean_r2,0.9260993599891663
actual,prompt_end,14,valid,regression,object_b_xyz,mean_r2,0.9194164872169495
actual,prompt_end,14,valid,regression,target_xyz,mean_r2,0.9347831606864929
actual,prompt_end,14,valid,regression,alternative_xyz,mean_r2,0.9505897164344788
actual,prompt_end,14,valid,regression,eef_xyz,mean_r2,0.9334268569946289
actual,prompt_end,14,valid,regression,robot_joint_pos,mean_r2,0.9343551993370056
actual,prompt_end,14,valid,regression,gripper_width,mean_r2,0.8159646391868591
actual,prompt_end,14,valid,regression,target_to_eef_xyz,mean_r2,0.8798763155937195
actual,prompt_end,14,valid,regression,alternative_to_eef_xyz,mean_r2,0.910414457321167
actual,prompt_end,14,valid,regression,target_to_basket_xyz,mean_r2,0.9228615760803223
actual,prompt_end,14,valid,regression,eef_target_distance,mean_r2,0.8972314596176147
actual,prompt_end,14,valid,regression,eef_alternative_distance,mean_r2,0.9173378348350525
actual,prompt_end,14,valid,regression,target_basket_distance,mean_r2,0.969383716583252
actual,prompt_end,14,valid,regression,target_displacement_xyz,mean_r2,0.8914974331855774
actual,prompt_end,14,valid,regression,target_speed_per_action_step,mean_r2,0.8516550064086914
actual,prompt_end,14,valid,regression,normalized_action_progress,mean_r2,0.6879338026046753
actual,prompt_end,14,valid,regression,raw_action,mean_r2,0.46713876724243164
actual,prompt_end,14,valid,binary,target_grasped,auc,0.9979082864038616
actual,prompt_end,14,valid,binary,target_moved,auc,0.9889283299526708
actual,prompt_end,14,valid,binary,target_lifted,auc,1.0
actual,prompt_end,14,valid,binary,near_target,auc,0.9994594594594595
actual,prompt_end,14,valid,binary,near_basket,auc,0.992602657004831
actual,prompt_end,14,valid,phase,phase_coarse,macro_f1,0.950020673464382
actual,prompt_end,14,test,regression,object_a_xyz,mean_r2,0.9388838410377502
actual,prompt_end,14,test,regression,object_b_xyz,mean_r2,0.9351727366447449
actual,prompt_end,14,test,regression,target_xyz,mean_r2,0.9352953433990479
actual,prompt_end,14,test,regression,alternative_xyz,mean_r2,0.944237470626831
actual,prompt_end,14,test,regression,eef_xyz,mean_r2,0.9103257060050964
actual,prompt_end,14,test,regression,robot_joint_pos,mean_r2,0.8959016799926758
actual,prompt_end,14,test,regression,gripper_width,mean_r2,0.909213662147522
actual,prompt_end,14,test,regression,target_to_eef_xyz,mean_r2,0.8542599081993103
actual,prompt_end,14,test,regression,alternative_to_eef_xyz,mean_r2,0.913865864276886
actual,prompt_end,14,test,regression,target_to_basket_xyz,mean_r2,0.9464669227600098
actual,prompt_end,14,test,regression,eef_target_distance,mean_r2,0.8943215608596802
actual,prompt_end,14,test,regression,eef_alternative_distance,mean_r2,0.9333336353302002
actual,prompt_end,14,test,regression,target_basket_distance,mean_r2,0.9651039242744446
actual,prompt_end,14,test,regression,target_displacement_xyz,mean_r2,0.9253533482551575
actual,prompt_end,14,test,regression,target_speed_per_action_step,mean_r2,0.7437229752540588
actual,prompt_end,14,test,regression,normalized_action_progress,mean_r2,0.7111405730247498
actual,prompt_end,14,test,regression,raw_action,mean_r2,0.2533138692378998
actual,prompt_end,14,test,binary,target_grasped,auc,0.9858418087363723
actual,prompt_end,14,test,binary,target_moved,auc,0.9994670321303487
actual,prompt_end,14,test,binary,target_lifted,auc,0.9998528329654157
actual,prompt_end,14,test,binary,near_target,auc,0.9862385321100917
actual,prompt_end,14,test,binary,near_basket,auc,0.9951550387596899
actual,prompt_end,14,test,phase,phase_coarse,macro_f1,0.9150737945227831
actual,prompt_end,15,valid,regression,object_a_xyz,mean_r2,0.9188165664672852
actual,prompt_end,15,valid,regression,object_b_xyz,mean_r2,0.899176299571991
actual,prompt_end,15,valid,regression,target_xyz,mean_r2,0.9253726005554199
actual,prompt_end,15,valid,regression,alternative_xyz,mean_r2,0.9478573203086853
actual,prompt_end,15,valid,regression,eef_xyz,mean_r2,0.9302989840507507
actual,prompt_end,15,valid,regression,robot_joint_pos,mean_r2,0.9256774187088013
actual,prompt_end,15,valid,regression,gripper_width,mean_r2,0.7528320550918579
actual,prompt_end,15,valid,regression,target_to_eef_xyz,mean_r2,0.857698917388916
actual,prompt_end,15,valid,regression,alternative_to_eef_xyz,mean_r2,0.9075026512145996
actual,prompt_end,15,valid,regression,target_to_basket_xyz,mean_r2,0.8948743343353271
actual,prompt_end,15,valid,regression,eef_target_distance,mean_r2,0.9183882474899292
actual,prompt_end,15,valid,regression,eef_alternative_distance,mean_r2,0.8924319744110107
actual,prompt_end,15,valid,regression,target_basket_distance,mean_r2,0.9419889450073242
actual,prompt_end,15,valid,regression,target_displacement_xyz,mean_r2,0.8694798350334167
actual,prompt_end,15,valid,regression,target_speed_per_action_step,mean_r2,0.8552502393722534
actual,prompt_end,15,valid,regression,normalized_action_progress,mean_r2,0.6950568556785583
actual,prompt_end,15,valid,regression,raw_action,mean_r2,0.38559690117836
actual,prompt_end,15,valid,binary,target_grasped,auc,0.9975060337892196
actual,prompt_end,15,valid,binary,target_moved,auc,0.991210277214334
actual,prompt_end,15,valid,binary,target_lifted,auc,1.0
actual,prompt_end,15,valid,binary,near_target,auc,0.9993693693693694
actual,prompt_end,15,valid,binary,near_basket,auc,0.9923007246376812
actual,prompt_end,15,valid,phase,phase_coarse,macro_f1,0.9559583255120764
actual,prompt_end,15,test,regression,object_a_xyz,mean_r2,0.932409942150116
actual,prompt_end,15,test,regression,object_b_xyz,mean_r2,0.9356510639190674
actual,prompt_end,15,test,regression,target_xyz,mean_r2,0.9363394379615784
actual,prompt_end,15,test,regression,alternative_xyz,mean_r2,0.9399730563163757
actual,prompt_end,15,test,regression,eef_xyz,mean_r2,0.9303445816040039
actual,prompt_end,15,test,regression,robot_joint_pos,mean_r2,0.9002537727355957
actual,prompt_end,15,test,regression,gripper_width,mean_r2,0.8678376078605652
actual,prompt_end,15,test,regression,target_to_eef_xyz,mean_r2,0.8559957146644592
actual,prompt_end,15,test,regression,alternative_to_eef_xyz,mean_r2,0.9187490344047546
actual,prompt_end,15,test,regression,target_to_basket_xyz,mean_r2,0.9477613568305969
actual,prompt_end,15,test,regression,eef_target_distance,mean_r2,0.9061552286148071
actual,prompt_end,15,test,regression,eef_alternative_distance,mean_r2,0.8846946954727173
actual,prompt_end,15,test,regression,target_basket_distance,mean_r2,0.956677258014679
actual,prompt_end,15,test,regression,target_displacement_xyz,mean_r2,0.9339475631713867
actual,prompt_end,15,test,regression,target_speed_per_action_step,mean_r2,0.8099992275238037
actual,prompt_end,15,test,regression,normalized_action_progress,mean_r2,0.7115322351455688
actual,prompt_end,15,test,regression,raw_action,mean_r2,0.22182200849056244
actual,prompt_end,15,test,binary,target_grasped,auc,0.9912563108216873
actual,prompt_end,15,test,binary,target_moved,auc,0.9996193086645347
actual,prompt_end,15,test,binary,target_lifted,auc,0.9999264164827079
actual,prompt_end,15,test,binary,near_target,auc,0.9920841113907607
actual,prompt_end,15,test,binary,near_basket,auc,0.9951550387596899
actual,prompt_end,15,test,phase,phase_coarse,macro_f1,0.8964256963037837
actual,prompt_end,16,valid,regression,object_a_xyz,mean_r2,0.9111418128013611
actual,prompt_end,16,valid,regression,object_b_xyz,mean_r2,0.9127163290977478
actual,prompt_end,16,valid,regression,target_xyz,mean_r2,0.9026753306388855
actual,prompt_end,16,valid,regression,alternative_xyz,mean_r2,0.9354527592658997
actual,prompt_end,16,valid,regression,eef_xyz,mean_r2,0.9127245545387268
actual,prompt_end,16,valid,regression,robot_joint_pos,mean_r2,0.9124347567558289
actual,prompt_end,16,valid,regression,gripper_width,mean_r2,0.7890589833259583
actual,prompt_end,16,valid,regression,target_to_eef_xyz,mean_r2,0.858463704586029
actual,prompt_end,16,valid,regression,alternative_to_eef_xyz,mean_r2,0.8751122951507568
actual,prompt_end,16,valid,regression,target_to_basket_xyz,mean_r2,0.9070653915405273
actual,prompt_end,16,valid,regression,eef_target_distance,mean_r2,0.8979503512382507
actual,prompt_end,16,valid,regression,eef_alternative_distance,mean_r2,0.9318138360977173
actual,prompt_end,16,valid,regression,target_basket_distance,mean_r2,0.9389821290969849
actual,prompt_end,16,valid,regression,target_displacement_xyz,mean_r2,0.8828558921813965
actual,prompt_end,16,valid,regression,target_speed_per_action_step,mean_r2,0.8328797221183777
actual,prompt_end,16,valid,regression,normalized_action_progress,mean_r2,0.7362998723983765
actual,prompt_end,16,valid,regression,raw_action,mean_r2,0.3976142704486847
actual,prompt_end,16,valid,binary,target_grasped,auc,0.997586484312148
actual,prompt_end,16,valid,binary,target_moved,auc,0.9934077079107505
actual,prompt_end,16,valid,binary,target_lifted,auc,1.0
actual,prompt_end,16,valid,binary,near_target,auc,0.9992792792792793
actual,prompt_end,16,valid,binary,near_basket,auc,0.9932065217391305
actual,prompt_end,16,valid,phase,phase_coarse,macro_f1,0.9569193984620963
actual,prompt_end,16,test,regression,object_a_xyz,mean_r2,0.9319629073143005
actual,prompt_end,16,test,regression,object_b_xyz,mean_r2,0.9235541224479675
actual,prompt_end,16,test,regression,target_xyz,mean_r2,0.9445626139640808
actual,prompt_end,16,test,regression,alternative_xyz,mean_r2,0.9331780076026917
actual,prompt_end,16,test,regression,eef_xyz,mean_r2,0.9366863369941711
actual,prompt_end,16,test,regression,robot_joint_pos,mean_r2,0.8945687413215637
actual,prompt_end,16,test,regression,gripper_width,mean_r2,0.8776010274887085
actual,prompt_end,16,test,regression,target_to_eef_xyz,mean_r2,0.8644974231719971
actual,prompt_end,16,test,regression,alternative_to_eef_xyz,mean_r2,0.8847238421440125
actual,prompt_end,16,test,regression,target_to_basket_xyz,mean_r2,0.9375438690185547
actual,prompt_end,16,test,regression,eef_target_distance,mean_r2,0.9213303923606873
actual,prompt_end,16,test,regression,eef_alternative_distance,mean_r2,0.8977435827255249
actual,prompt_end,16,test,regression,target_basket_distance,mean_r2,0.9589348435401917
actual,prompt_end,16,test,regression,target_displacement_xyz,mean_r2,0.9277653098106384
actual,prompt_end,16,test,regression,target_speed_per_action_step,mean_r2,0.7992032766342163
actual,prompt_end,16,test,regression,normalized_action_progress,mean_r2,0.7179104089736938
actual,prompt_end,16,test,regression,raw_action,mean_r2,0.1652616709470749
actual,prompt_end,16,test,binary,target_grasped,auc,0.9946952513353333
actual,prompt_end,16,test,binary,target_moved,auc,0.9995051012638952
actual,prompt_end,16,test,binary,target_lifted,auc,0.9998896247240618
actual,prompt_end,16,test,binary,near_target,auc,0.9868677437687748
actual,prompt_end,16,test,binary,near_basket,auc,0.9955587855297158
actual,prompt_end,16,test,phase,phase_coarse,macro_f1,0.9176225145513497
actual,prompt_end,17,valid,regression,object_a_xyz,mean_r2,0.9109705090522766
actual,prompt_end,17,valid,regression,object_b_xyz,mean_r2,0.8864981532096863
actual,prompt_end,17,valid,regression,target_xyz,mean_r2,0.9051713943481445
actual,prompt_end,17,valid,regression,alternative_xyz,mean_r2,0.940056562423706
actual,prompt_end,17,valid,regression,eef_xyz,mean_r2,0.918999969959259
actual,prompt_end,17,valid,regression,robot_joint_pos,mean_r2,0.9150838851928711
actual,prompt_end,17,valid,regression,gripper_width,mean_r2,0.7136479020118713
actual,prompt_end,17,valid,regression,target_to_eef_xyz,mean_r2,0.866741955280304
actual,prompt_end,17,valid,regression,alternative_to_eef_xyz,mean_r2,0.8916113972663879
actual,prompt_end,17,valid,regression,target_to_basket_xyz,mean_r2,0.9152545928955078
actual,prompt_end,17,valid,regression,eef_target_distance,mean_r2,0.8809000849723816
actual,prompt_end,17,valid,regression,eef_alternative_distance,mean_r2,0.9108828902244568
actual,prompt_end,17,valid,regression,target_basket_distance,mean_r2,0.9304351806640625
actual,prompt_end,17,valid,regression,target_displacement_xyz,mean_r2,0.8573203086853027
actual,prompt_end,17,valid,regression,target_speed_per_action_step,mean_r2,0.838691234588623
actual,prompt_end,17,valid,regression,normalized_action_progress,mean_r2,0.5870747566223145
actual,prompt_end,17,valid,regression,raw_action,mean_r2,0.38155296444892883
actual,prompt_end,17,valid,binary,target_grasped,auc,0.9979082864038616
actual,prompt_end,17,valid,binary,target_moved,auc,0.9904496281271129
actual,prompt_end,17,valid,binary,target_lifted,auc,1.0
actual,prompt_end,17,valid,binary,near_target,auc,0.9991891891891892
actual,prompt_end,17,valid,binary,near_basket,auc,0.993659420289855
actual,prompt_end,17,valid,phase,phase_coarse,macro_f1,0.960295837633299
actual,prompt_end,17,test,regression,object_a_xyz,mean_r2,0.9358391761779785
actual,prompt_end,17,test,regression,object_b_xyz,mean_r2,0.9051989912986755
actual,prompt_end,17,test,regression,target_xyz,mean_r2,0.9272421002388
actual,prompt_end,17,test,regression,alternative_xyz,mean_r2,0.9352340698242188
actual,prompt_end,17,test,regression,eef_xyz,mean_r2,0.9078461527824402
actual,prompt_end,17,test,regression,robot_joint_pos,mean_r2,0.891260027885437
actual,prompt_end,17,test,regression,gripper_width,mean_r2,0.8630895614624023
actual,prompt_end,17,test,regression,target_to_eef_xyz,mean_r2,0.8284493088722229
actual,prompt_end,17,test,regression,alternative_to_eef_xyz,mean_r2,0.8808078765869141
actual,prompt_end,17,test,regression,target_to_basket_xyz,mean_r2,0.9270406365394592
actual,prompt_end,17,test,regression,eef_target_distance,mean_r2,0.8778650760650635
actual,prompt_end,17,test,regression,eef_alternative_distance,mean_r2,0.8836562037467957
actual,prompt_end,17,test,regression,target_basket_distance,mean_r2,0.950591504573822
actual,prompt_end,17,test,regression,target_displacement_xyz,mean_r2,0.9264307022094727
actual,prompt_end,17,test,regression,target_speed_per_action_step,mean_r2,0.7742707133293152
actual,prompt_end,17,test,regression,normalized_action_progress,mean_r2,0.6778878569602966
actual,prompt_end,17,test,regression,raw_action,mean_r2,0.16232572495937347
actual,prompt_end,17,test,binary,target_grasped,auc,0.9940001463378942
actual,prompt_end,17,test,binary,target_moved,auc,0.9996193086645347
actual,prompt_end,17,test,binary,target_lifted,auc,0.9999264164827079
actual,prompt_end,17,test,binary,near_target,auc,0.9866038808151335
actual,prompt_end,17,test,binary,near_basket,auc,0.9966892764857881
actual,prompt_end,17,test,phase,phase_coarse,macro_f1,0.8958929987217449
actual,prompt_end,18,valid,regression,object_a_xyz,mean_r2,0.8966397643089294
actual,prompt_end,18,valid,regression,object_b_xyz,mean_r2,0.8789789080619812
actual,prompt_end,18,valid,regression,target_xyz,mean_r2,0.886427104473114
actual,prompt_end,18,valid,regression,alternative_xyz,mean_r2,0.9262752532958984
actual,prompt_end,18,valid,regression,eef_xyz,mean_r2,0.9057093262672424
actual,prompt_end,18,valid,regression,robot_joint_pos,mean_r2,0.9058817028999329
actual,prompt_end,18,valid,regression,gripper_width,mean_r2,0.7369998693466187
actual,prompt_end,18,valid,regression,target_to_eef_xyz,mean_r2,0.851250410079956
actual,prompt_end,18,valid,regression,alternative_to_eef_xyz,mean_r2,0.8884143829345703
actual,prompt_end,18,valid,regression,target_to_basket_xyz,mean_r2,0.896514356136322
actual,prompt_end,18,valid,regression,eef_target_distance,mean_r2,0.8985124230384827
actual,prompt_end,18,valid,regression,eef_alternative_distance,mean_r2,0.9083494544029236
actual,prompt_end,18,valid,regression,target_basket_distance,mean_r2,0.9081311225891113
actual,prompt_end,18,valid,regression,target_displacement_xyz,mean_r2,0.8768868446350098
actual,prompt_end,18,valid,regression,target_speed_per_action_step,mean_r2,0.8067237138748169
actual,prompt_end,18,valid,regression,normalized_action_progress,mean_r2,0.6558789610862732
actual,prompt_end,18,valid,regression,raw_action,mean_r2,0.4532306492328644
actual,prompt_end,18,valid,binary,target_grasped,auc,0.9986323411102173
actual,prompt_end,18,valid,binary,target_moved,auc,0.9906186612576064
actual,prompt_end,18,valid,binary,target_lifted,auc,1.0
actual,prompt_end,18,valid,binary,near_target,auc,0.9993693693693694
actual,prompt_end,18,valid,binary,near_basket,auc,0.9950181159420289
actual,prompt_end,18,valid,phase,phase_coarse,macro_f1,0.964679173185719
actual,prompt_end,18,test,regression,object_a_xyz,mean_r2,0.9309370517730713
actual,prompt_end,18,test,regression,object_b_xyz,mean_r2,0.9060638546943665
actual,prompt_end,18,test,regression,target_xyz,mean_r2,0.9177985191345215
actual,prompt_end,18,test,regression,alternative_xyz,mean_r2,0.9336103796958923
actual,prompt_end,18,test,regression,eef_xyz,mean_r2,0.9041492938995361
actual,prompt_end,18,test,regression,robot_joint_pos,mean_r2,0.8657499551773071
actual,prompt_end,18,test,regression,gripper_width,mean_r2,0.8811672925949097
actual,prompt_end,18,test,regression,target_to_eef_xyz,mean_r2,0.7831851840019226
actual,prompt_end,18,test,regression,alternative_to_eef_xyz,mean_r2,0.8736925721168518
actual,prompt_end,18,test,regression,target_to_basket_xyz,mean_r2,0.9147756695747375
actual,prompt_end,18,test,regression,eef_target_distance,mean_r2,0.9107114672660828
actual,prompt_end,18,test,regression,eef_alternative_distance,mean_r2,0.859153687953949
actual,prompt_end,18,test,regression,target_basket_distance,mean_r2,0.9489949345588684
actual,prompt_end,18,test,regression,target_displacement_xyz,mean_r2,0.8985257744789124
actual,prompt_end,18,test,regression,target_speed_per_action_step,mean_r2,0.765408456325531
actual,prompt_end,18,test,regression,normalized_action_progress,mean_r2,0.6647471189498901
actual,prompt_end,18,test,regression,raw_action,mean_r2,0.16248539090156555
actual,prompt_end,18,test,binary,target_grasped,auc,0.9923172605546207
actual,prompt_end,18,test,binary,target_moved,auc,0.9995431703974418
actual,prompt_end,18,test,binary,target_lifted,auc,0.999963208241354
actual,prompt_end,18,test,binary,near_target,auc,0.993342534708127
actual,prompt_end,18,test,binary,near_basket,auc,0.9970122739018088
actual,prompt_end,18,test,phase,phase_coarse,macro_f1,0.9287511356731576
actual,prompt_end,19,valid,regression,object_a_xyz,mean_r2,0.8953194618225098
actual,prompt_end,19,valid,regression,object_b_xyz,mean_r2,0.8701224327087402
actual,prompt_end,19,valid,regression,target_xyz,mean_r2,0.8872269988059998
actual,prompt_end,19,valid,regression,alternative_xyz,mean_r2,0.9265246391296387
actual,prompt_end,19,valid,regression,eef_xyz,mean_r2,0.9054713845252991
actual,prompt_end,19,valid,regression,robot_joint_pos,mean_r2,0.9045698046684265
actual,prompt_end,19,valid,regression,gripper_width,mean_r2,0.7682133316993713
actual,prompt_end,19,valid,regression,target_to_eef_xyz,mean_r2,0.8436703681945801
actual,prompt_end,19,valid,regression,alternative_to_eef_xyz,mean_r2,0.8800757527351379
actual,prompt_end,19,valid,regression,target_to_basket_xyz,mean_r2,0.8915303349494934
actual,prompt_end,19,valid,regression,eef_target_distance,mean_r2,0.867859959602356
actual,prompt_end,19,valid,regression,eef_alternative_distance,mean_r2,0.8500820398330688
actual,prompt_end,19,valid,regression,target_basket_distance,mean_r2,0.9013479948043823
actual,prompt_end,19,valid,regression,target_displacement_xyz,mean_r2,0.8699228167533875
actual,prompt_end,19,valid,regression,target_speed_per_action_step,mean_r2,0.840825617313385
actual,prompt_end,19,valid,regression,normalized_action_progress,mean_r2,0.6188704967498779
actual,prompt_end,19,valid,regression,raw_action,mean_r2,0.3934420943260193
actual,prompt_end,19,valid,binary,target_grasped,auc,0.9970233306516493
actual,prompt_end,19,valid,binary,target_moved,auc,0.9947599729546991
actual,prompt_end,19,valid,binary,target_lifted,auc,1.0
actual,prompt_end,19,valid,binary,near_target,auc,0.9997297297297297
actual,prompt_end,19,valid,binary,near_basket,auc,0.9945652173913043
actual,prompt_end,19,valid,phase,phase_coarse,macro_f1,0.976263370194153
actual,prompt_end,19,test,regression,object_a_xyz,mean_r2,0.8980662226676941
actual,prompt_end,19,test,regression,object_b_xyz,mean_r2,0.8888667225837708
actual,prompt_end,19,test,regression,target_xyz,mean_r2,0.9304454326629639
actual,prompt_end,19,test,regression,alternative_xyz,mean_r2,0.9326360821723938
actual,prompt_end,19,test,regression,eef_xyz,mean_r2,0.9006865620613098
actual,prompt_end,19,test,regression,robot_joint_pos,mean_r2,0.8812541961669922
actual,prompt_end,19,test,regression,gripper_width,mean_r2,0.836498498916626
actual,prompt_end,19,test,regression,target_to_eef_xyz,mean_r2,0.8241744041442871
actual,prompt_end,19,test,regression,alternative_to_eef_xyz,mean_r2,0.8890464305877686
actual,prompt_end,19,test,regression,target_to_basket_xyz,mean_r2,0.9189713597297668
actual,prompt_end,19,test,regression,eef_target_distance,mean_r2,0.8989049792289734
actual,prompt_end,19,test,regression,eef_alternative_distance,mean_r2,0.8554587960243225
actual,prompt_end,19,test,regression,target_basket_distance,mean_r2,0.9462345242500305
actual,prompt_end,19,test,regression,target_displacement_xyz,mean_r2,0.9072092175483704
actual,prompt_end,19,test,regression,target_speed_per_action_step,mean_r2,0.7654455304145813
actual,prompt_end,19,test,regression,normalized_action_progress,mean_r2,0.6625718474388123
actual,prompt_end,19,test,regression,raw_action,mean_r2,0.16640570759773254
actual,prompt_end,19,test,binary,target_grasped,auc,0.9931587034462575
actual,prompt_end,19,test,binary,target_moved,auc,0.9996573777980813
actual,prompt_end,19,test,binary,target_lifted,auc,0.999963208241354
actual,prompt_end,19,test,binary,near_target,auc,0.9886741901437038
actual,prompt_end,19,test,binary,near_basket,auc,0.9969315245478036
actual,prompt_end,19,test,phase,phase_coarse,macro_f1,0.9308212777579589
actual,prompt_end,20,valid,regression,object_a_xyz,mean_r2,0.8680244088172913
actual,prompt_end,20,valid,regression,object_b_xyz,mean_r2,0.8567841649055481
actual,prompt_end,20,valid,regression,target_xyz,mean_r2,0.8921499848365784
actual,prompt_end,20,valid,regression,alternative_xyz,mean_r2,0.8937466144561768
actual,prompt_end,20,valid,regression,eef_xyz,mean_r2,0.8926656246185303
actual,prompt_end,20,valid,regression,robot_joint_pos,mean_r2,0.8789795637130737
actual,prompt_end,20,valid,regression,gripper_width,mean_r2,0.677031934261322
actual,prompt_end,20,valid,regression,target_to_eef_xyz,mean_r2,0.8420849442481995
actual,prompt_end,20,valid,regression,alternative_to_eef_xyz,mean_r2,0.8510465025901794
actual,prompt_end,20,valid,regression,target_to_basket_xyz,mean_r2,0.8738167881965637
actual,prompt_end,20,valid,regression,eef_target_distance,mean_r2,0.8378418684005737
actual,prompt_end,20,valid,regression,eef_alternative_distance,mean_r2,0.9109652042388916
actual,prompt_end,20,valid,regression,target_basket_distance,mean_r2,0.9147471785545349
actual,prompt_end,20,valid,regression,target_displacement_xyz,mean_r2,0.8359511494636536
actual,prompt_end,20,valid,regression,target_speed_per_action_step,mean_r2,0.7976008653640747
actual,prompt_end,20,valid,regression,normalized_action_progress,mean_r2,0.7296618223190308
actual,prompt_end,20,valid,regression,raw_action,mean_r2,0.421976774930954
actual,prompt_end,20,valid,binary,target_grasped,auc,0.9969428801287208
actual,prompt_end,20,valid,binary,target_moved,auc,0.991210277214334
actual,prompt_end,20,valid,binary,target_lifted,auc,1.0
actual,prompt_end,20,valid,binary,near_target,auc,0.9995495495495496
actual,prompt_end,20,valid,binary,near_basket,auc,0.9945652173913043
actual,prompt_end,20,valid,phase,phase_coarse,macro_f1,0.9573750181265778
actual,prompt_end,20,test,regression,object_a_xyz,mean_r2,0.9056217670440674
actual,prompt_end,20,test,regression,object_b_xyz,mean_r2,0.9082558751106262
actual,prompt_end,20,test,regression,target_xyz,mean_r2,0.8915000557899475
actual,prompt_end,20,test,regression,alternative_xyz,mean_r2,0.8905690312385559
actual,prompt_end,20,test,regression,eef_xyz,mean_r2,0.8692473769187927
actual,prompt_end,20,test,regression,robot_joint_pos,mean_r2,0.8370641469955444
actual,prompt_end,20,test,regression,gripper_width,mean_r2,0.8112528324127197
actual,prompt_end,20,test,regression,target_to_eef_xyz,mean_r2,0.7766227722167969
actual,prompt_end,20,test,regression,alternative_to_eef_xyz,mean_r2,0.8589337468147278
actual,prompt_end,20,test,regression,target_to_basket_xyz,mean_r2,0.9116485714912415
actual,prompt_end,20,test,regression,eef_target_distance,mean_r2,0.8523749113082886
actual,prompt_end,20,test,regression,eef_alternative_distance,mean_r2,0.8741918802261353
actual,prompt_end,20,test,regression,target_basket_distance,mean_r2,0.9258486032485962
actual,prompt_end,20,test,regression,target_displacement_xyz,mean_r2,0.8994293212890625
actual,prompt_end,20,test,regression,target_speed_per_action_step,mean_r2,0.7666459083557129
actual,prompt_end,20,test,regression,normalized_action_progress,mean_r2,0.7243669033050537
actual,prompt_end,20,test,regression,raw_action,mean_r2,0.19158223271369934
actual,prompt_end,20,test,binary,target_grasped,auc,0.9957196165947172
actual,prompt_end,20,test,binary,target_moved,auc,0.9997335160651744
actual,prompt_end,20,test,binary,target_lifted,auc,0.999963208241354
actual,prompt_end,20,test,binary,near_target,auc,0.9899326134610701
actual,prompt_end,20,test,binary,near_basket,auc,0.9970122739018088
actual,prompt_end,20,test,phase,phase_coarse,macro_f1,0.9151965312358
actual,prompt_end,21,valid,regression,object_a_xyz,mean_r2,0.8897364735603333
actual,prompt_end,21,valid,regression,object_b_xyz,mean_r2,0.8733193278312683
actual,prompt_end,21,valid,regression,target_xyz,mean_r2,0.8804287314414978
actual,prompt_end,21,valid,regression,alternative_xyz,mean_r2,0.8969411849975586
actual,prompt_end,21,valid,regression,eef_xyz,mean_r2,0.8897835612297058
actual,prompt_end,21,valid,regression,robot_joint_pos,mean_r2,0.8600507974624634
actual,prompt_end,21,valid,regression,gripper_width,mean_r2,0.6621009111404419
actual,prompt_end,21,valid,regression,target_to_eef_xyz,mean_r2,0.8334283828735352
actual,prompt_end,21,valid,regression,alternative_to_eef_xyz,mean_r2,0.8687877058982849
actual,prompt_end,21,valid,regression,target_to_basket_xyz,mean_r2,0.8879930377006531
actual,prompt_end,21,valid,regression,eef_target_distance,mean_r2,0.8677938580513
actual,prompt_end,21,valid,regression,eef_alternative_distance,mean_r2,0.8661708235740662
actual,prompt_end,21,valid,regression,target_basket_distance,mean_r2,0.9079622626304626
actual,prompt_end,21,valid,regression,target_displacement_xyz,mean_r2,0.8358303904533386
actual,prompt_end,21,valid,regression,target_speed_per_action_step,mean_r2,0.8192110061645508
actual,prompt_end,21,valid,regression,normalized_action_progress,mean_r2,0.6490577459335327
actual,prompt_end,21,valid,regression,raw_action,mean_r2,0.2892739474773407
actual,prompt_end,21,valid,binary,target_grasped,auc,0.9960579243765084
actual,prompt_end,21,valid,binary,target_moved,auc,0.9909567275185936
actual,prompt_end,21,valid,binary,target_lifted,auc,1.0
actual,prompt_end,21,valid,binary,near_target,auc,0.9991891891891892
actual,prompt_end,21,valid,binary,near_basket,auc,0.9941123188405797
actual,prompt_end,21,valid,phase,phase_coarse,macro_f1,0.964679173185719
actual,prompt_end,21,test,regression,object_a_xyz,mean_r2,0.8979978561401367
actual,prompt_end,21,test,regression,object_b_xyz,mean_r2,0.8813163638114929
actual,prompt_end,21,test,regression,target_xyz,mean_r2,0.910679280757904
actual,prompt_end,21,test,regression,alternative_xyz,mean_r2,0.8913097381591797
actual,prompt_end,21,test,regression,eef_xyz,mean_r2,0.8672232627868652
actual,prompt_end,21,test,regression,robot_joint_pos,mean_r2,0.8369781374931335
actual,prompt_end,21,test,regression,gripper_width,mean_r2,0.8059118986129761
actual,prompt_end,21,test,regression,target_to_eef_xyz,mean_r2,0.7765912413597107
actual,prompt_end,21,test,regression,alternative_to_eef_xyz,mean_r2,0.8775444626808167
actual,prompt_end,21,test,regression,target_to_basket_xyz,mean_r2,0.9038870930671692
actual,prompt_end,21,test,regression,eef_target_distance,mean_r2,0.8630435466766357
actual,prompt_end,21,test,regression,eef_alternative_distance,mean_r2,0.886165976524353
actual,prompt_end,21,test,regression,target_basket_distance,mean_r2,0.920804500579834
actual,prompt_end,21,test,regression,target_displacement_xyz,mean_r2,0.8852185606956482
actual,prompt_end,21,test,regression,target_speed_per_action_step,mean_r2,0.7325097322463989
actual,prompt_end,21,test,regression,normalized_action_progress,mean_r2,0.6374571323394775
actual,prompt_end,21,test,regression,raw_action,mean_r2,0.09073925018310547
actual,prompt_end,21,test,binary,target_grasped,auc,0.9968537352747494
actual,prompt_end,21,test,binary,target_moved,auc,0.9997335160651744
actual,prompt_end,21,test,binary,target_lifted,auc,0.999963208241354
actual,prompt_end,21,test,binary,near_target,auc,0.9903791507672323
actual,prompt_end,21,test,binary,near_basket,auc,0.9970122739018088
actual,prompt_end,21,test,phase,phase_coarse,macro_f1,0.9033737109102861
actual,prompt_end,22,valid,regression,object_a_xyz,mean_r2,0.8828387260437012
actual,prompt_end,22,valid,regression,object_b_xyz,mean_r2,0.8587746024131775
actual,prompt_end,22,valid,regression,target_xyz,mean_r2,0.8686175346374512
actual,prompt_end,22,valid,regression,alternative_xyz,mean_r2,0.8957439064979553
actual,prompt_end,22,valid,regression,eef_xyz,mean_r2,0.8737881779670715
actual,prompt_end,22,valid,regression,robot_joint_pos,mean_r2,0.8740519285202026
actual,prompt_end,22,valid,regression,gripper_width,mean_r2,0.72757488489151
actual,prompt_end,22,valid,regression,target_to_eef_xyz,mean_r2,0.8218622207641602
actual,prompt_end,22,valid,regression,alternative_to_eef_xyz,mean_r2,0.8460371494293213
actual,prompt_end,22,valid,regression,target_to_basket_xyz,mean_r2,0.8553929924964905
actual,prompt_end,22,valid,regression,eef_target_distance,mean_r2,0.8557648062705994
actual,prompt_end,22,valid,regression,eef_alternative_distance,mean_r2,0.8638988733291626
actual,prompt_end,22,valid,regression,target_basket_distance,mean_r2,0.8884063363075256
actual,prompt_end,22,valid,regression,target_displacement_xyz,mean_r2,0.8101972937583923
actual,prompt_end,22,valid,regression,target_speed_per_action_step,mean_r2,0.8196370601654053
actual,prompt_end,22,valid,regression,normalized_action_progress,mean_r2,0.6473251581192017
actual,prompt_end,22,valid,regression,raw_action,mean_r2,0.33618131279945374
actual,prompt_end,22,valid,binary,target_grasped,auc,0.99597747385358
actual,prompt_end,22,valid,binary,target_moved,auc,0.9946754563894523
actual,prompt_end,22,valid,binary,target_lifted,auc,1.0
actual,prompt_end,22,valid,binary,near_target,auc,0.9993693693693694
actual,prompt_end,22,valid,binary,near_basket,auc,0.9932065217391304
actual,prompt_end,22,valid,phase,phase_coarse,macro_f1,0.9458811831966195
actual,prompt_end,22,test,regression,object_a_xyz,mean_r2,0.9068448543548584
actual,prompt_end,22,test,regression,object_b_xyz,mean_r2,0.8626852035522461
actual,prompt_end,22,test,regression,target_xyz,mean_r2,0.903182327747345
actual,prompt_end,22,test,regression,alternative_xyz,mean_r2,0.9051559567451477
actual,prompt_end,22,test,regression,eef_xyz,mean_r2,0.8462762832641602
actual,prompt_end,22,test,regression,robot_joint_pos,mean_r2,0.8474443554878235
actual,prompt_end,22,test,regression,gripper_width,mean_r2,0.8177579045295715
actual,prompt_end,22,test,regression,target_to_eef_xyz,mean_r2,0.7846601605415344
actual,prompt_end,22,test,regression,alternative_to_eef_xyz,mean_r2,0.8604536652565002
actual,prompt_end,22,test,regression,target_to_basket_xyz,mean_r2,0.9030922055244446
actual,prompt_end,22,test,regression,eef_target_distance,mean_r2,0.8474723100662231
actual,prompt_end,22,test,regression,eef_alternative_distance,mean_r2,0.8469935059547424
actual,prompt_end,22,test,regression,target_basket_distance,mean_r2,0.9280569553375244
actual,prompt_end,22,test,regression,target_displacement_xyz,mean_r2,0.8861066699028015
actual,prompt_end,22,test,regression,target_speed_per_action_step,mean_r2,0.6952819228172302
actual,prompt_end,22,test,regression,normalized_action_progress,mean_r2,0.7210149765014648
actual,prompt_end,22,test,regression,raw_action,mean_r2,0.04449775442481041
actual,prompt_end,22,test,binary,target_grasped,auc,0.9946220823882345
actual,prompt_end,22,test,binary,target_moved,auc,0.9996193086645347
actual,prompt_end,22,test,binary,target_lifted,auc,0.999963208241354
actual,prompt_end,22,test,binary,near_target,auc,0.9848989201916051
actual,prompt_end,22,test,binary,near_basket,auc,0.9961240310077519
actual,prompt_end,22,test,phase,phase_coarse,macro_f1,0.9309560401523019
actual,prompt_end,23,valid,regression,object_a_xyz,mean_r2,0.8484296798706055
actual,prompt_end,23,valid,regression,object_b_xyz,mean_r2,0.8278188109397888
actual,prompt_end,23,valid,regression,target_xyz,mean_r2,0.8672208786010742
actual,prompt_end,23,valid,regression,alternative_xyz,mean_r2,0.8823255896568298
actual,prompt_end,23,valid,regression,eef_xyz,mean_r2,0.8610995411872864
actual,prompt_end,23,valid,regression,robot_joint_pos,mean_r2,0.8553981781005859
actual,prompt_end,23,valid,regression,gripper_width,mean_r2,0.579970121383667
actual,prompt_end,23,valid,regression,target_to_eef_xyz,mean_r2,0.83823561668396
actual,prompt_end,23,valid,regression,alternative_to_eef_xyz,mean_r2,0.8499428629875183
actual,prompt_end,23,valid,regression,target_to_basket_xyz,mean_r2,0.8591123223304749
actual,prompt_end,23,valid,regression,eef_target_distance,mean_r2,0.8530265688896179
actual,prompt_end,23,valid,regression,eef_alternative_distance,mean_r2,0.8486626744270325
actual,prompt_end,23,valid,regression,target_basket_distance,mean_r2,0.8796542286872864
actual,prompt_end,23,valid,regression,target_displacement_xyz,mean_r2,0.8411169648170471
actual,prompt_end,23,valid,regression,target_speed_per_action_step,mean_r2,0.7907428741455078
actual,prompt_end,23,valid,regression,normalized_action_progress,mean_r2,0.6672985553741455
actual,prompt_end,23,valid,regression,raw_action,mean_r2,0.3326783776283264
actual,prompt_end,23,valid,binary,target_grasped,auc,0.9954947707160097
actual,prompt_end,23,valid,binary,target_moved,auc,0.9920554428668019
actual,prompt_end,23,valid,binary,target_lifted,auc,1.0
actual,prompt_end,23,valid,binary,near_target,auc,0.9989189189189189
actual,prompt_end,23,valid,binary,near_basket,auc,0.9939613526570048
actual,prompt_end,23,valid,phase,phase_coarse,macro_f1,0.9311555181969818
actual,prompt_end,23,test,regression,object_a_xyz,mean_r2,0.8898295760154724
actual,prompt_end,23,test,regression,object_b_xyz,mean_r2,0.8701162934303284
actual,prompt_end,23,test,regression,target_xyz,mean_r2,0.8763526082038879
actual,prompt_end,23,test,regression,alternative_xyz,mean_r2,0.8930404782295227
actual,prompt_end,23,test,regression,eef_xyz,mean_r2,0.8360188603401184
actual,prompt_end,23,test,regression,robot_joint_pos,mean_r2,0.7983838319778442
actual,prompt_end,23,test,regression,gripper_width,mean_r2,0.8286474943161011
actual,prompt_end,23,test,regression,target_to_eef_xyz,mean_r2,0.7614641189575195
actual,prompt_end,23,test,regression,alternative_to_eef_xyz,mean_r2,0.8204036355018616
actual,prompt_end,23,test,regression,target_to_basket_xyz,mean_r2,0.8863827586174011
actual,prompt_end,23,test,regression,eef_target_distance,mean_r2,0.7839682102203369
actual,prompt_end,23,test,regression,eef_alternative_distance,mean_r2,0.8552711009979248
actual,prompt_end,23,test,regression,target_basket_distance,mean_r2,0.9108551144599915
actual,prompt_end,23,test,regression,target_displacement_xyz,mean_r2,0.85733562707901
actual,prompt_end,23,test,regression,target_speed_per_action_step,mean_r2,0.6842809319496155
actual,prompt_end,23,test,regression,normalized_action_progress,mean_r2,0.6723290681838989
actual,prompt_end,23,test,regression,raw_action,mean_r2,0.09526736289262772
actual,prompt_end,23,test,binary,target_grasped,auc,0.994146484232092
actual,prompt_end,23,test,binary,target_moved,auc,0.9988959951271509
actual,prompt_end,23,test,binary,target_lifted,auc,0.9998896247240618
actual,prompt_end,23,test,binary,near_target,auc,0.9898514248599497
actual,prompt_end,23,test,binary,near_basket,auc,0.9947916666666667
actual,prompt_end,23,test,phase,phase_coarse,macro_f1,0.9259808944225375
actual,prompt_end,24,valid,regression,object_a_xyz,mean_r2,0.8323764801025391
actual,prompt_end,24,valid,regression,object_b_xyz,mean_r2,0.8167247176170349
actual,prompt_end,24,valid,regression,target_xyz,mean_r2,0.8598722815513611
actual,prompt_end,24,valid,regression,alternative_xyz,mean_r2,0.8782932162284851
actual,prompt_end,24,valid,regression,eef_xyz,mean_r2,0.8368642926216125
actual,prompt_end,24,valid,regression,robot_joint_pos,mean_r2,0.8431875109672546
actual,prompt_end,24,valid,regression,gripper_width,mean_r2,0.6835989952087402
actual,prompt_end,24,valid,regression,target_to_eef_xyz,mean_r2,0.8218557834625244
actual,prompt_end,24,valid,regression,alternative_to_eef_xyz,mean_r2,0.8268991112709045
actual,prompt_end,24,valid,regression,target_to_basket_xyz,mean_r2,0.8214502334594727
actual,prompt_end,24,valid,regression,eef_target_distance,mean_r2,0.8663837313652039
actual,prompt_end,24,valid,regression,eef_alternative_distance,mean_r2,0.7379409074783325
actual,prompt_end,24,valid,regression,target_basket_distance,mean_r2,0.863398015499115
actual,prompt_end,24,valid,regression,target_displacement_xyz,mean_r2,0.8149648308753967
actual,prompt_end,24,valid,regression,target_speed_per_action_step,mean_r2,0.788834810256958
actual,prompt_end,24,valid,regression,normalized_action_progress,mean_r2,0.4937986731529236
actual,prompt_end,24,valid,regression,raw_action,mean_r2,0.3417971432209015
actual,prompt_end,24,valid,binary,target_grasped,auc,0.9950925181013677
actual,prompt_end,24,valid,binary,target_moved,auc,0.9972109533468559
actual,prompt_end,24,valid,binary,target_lifted,auc,1.0
actual,prompt_end,24,valid,binary,near_target,auc,0.9993693693693694
actual,prompt_end,24,valid,binary,near_basket,auc,0.9935084541062802
actual,prompt_end,24,valid,phase,phase_coarse,macro_f1,0.9669740938964405
actual,prompt_end,24,test,regression,object_a_xyz,mean_r2,0.8958857655525208
actual,prompt_end,24,test,regression,object_b_xyz,mean_r2,0.8611211776733398
actual,prompt_end,24,test,regression,target_xyz,mean_r2,0.8595356941223145
actual,prompt_end,24,test,regression,alternative_xyz,mean_r2,0.8660674095153809
actual,prompt_end,24,test,regression,eef_xyz,mean_r2,0.8528526425361633
actual,prompt_end,24,test,regression,robot_joint_pos,mean_r2,0.8242311477661133
actual,prompt_end,24,test,regression,gripper_width,mean_r2,0.7764707803726196
actual,prompt_end,24,test,regression,target_to_eef_xyz,mean_r2,0.7088231444358826
actual,prompt_end,24,test,regression,alternative_to_eef_xyz,mean_r2,0.8353502154350281
actual,prompt_end,24,test,regression,target_to_basket_xyz,mean_r2,0.8777668476104736
actual,prompt_end,24,test,regression,eef_target_distance,mean_r2,0.8583090901374817
actual,prompt_end,24,test,regression,eef_alternative_distance,mean_r2,0.8547093272209167
actual,prompt_end,24,test,regression,target_basket_distance,mean_r2,0.8915082216262817
actual,prompt_end,24,test,regression,target_displacement_xyz,mean_r2,0.8742310404777527
actual,prompt_end,24,test,regression,target_speed_per_action_step,mean_r2,0.7300113439559937
actual,prompt_end,24,test,regression,normalized_action_progress,mean_r2,0.5647746324539185
actual,prompt_end,24,test,regression,raw_action,mean_r2,0.08841453492641449
actual,prompt_end,24,test,binary,target_grasped,auc,0.9949879271237287
actual,prompt_end,24,test,binary,target_moved,auc,0.9992766864626161
actual,prompt_end,24,test,binary,target_lifted,auc,0.9998896247240618
actual,prompt_end,24,test,binary,near_target,auc,0.9863603150117723
actual,prompt_end,24,test,binary,near_basket,auc,0.9960836563307494
actual,prompt_end,24,test,phase,phase_coarse,macro_f1,0.9348770859945302
actual,prompt_end,25,valid,regression,object_a_xyz,mean_r2,0.8138325810432434
actual,prompt_end,25,valid,regression,object_b_xyz,mean_r2,0.8337244987487793
actual,prompt_end,25,valid,regression,target_xyz,mean_r2,0.8466518521308899
actual,prompt_end,25,valid,regression,alternative_xyz,mean_r2,0.872678279876709
actual,prompt_end,25,valid,regression,eef_xyz,mean_r2,0.8514552116394043
actual,prompt_end,25,valid,regression,robot_joint_pos,mean_r2,0.8482310175895691
actual,prompt_end,25,valid,regression,gripper_width,mean_r2,0.6870931386947632
actual,prompt_end,25,valid,regression,target_to_eef_xyz,mean_r2,0.8117614388465881
actual,prompt_end,25,valid,regression,alternative_to_eef_xyz,mean_r2,0.8342628479003906
actual,prompt_end,25,valid,regression,target_to_basket_xyz,mean_r2,0.8468735814094543
actual,prompt_end,25,valid,regression,eef_target_distance,mean_r2,0.8228402733802795
actual,prompt_end,25,valid,regression,eef_alternative_distance,mean_r2,0.8233070969581604
actual,prompt_end,25,valid,regression,target_basket_distance,mean_r2,0.8505240082740784
actual,prompt_end,25,valid,regression,target_displacement_xyz,mean_r2,0.7978259921073914
actual,prompt_end,25,valid,regression,target_speed_per_action_step,mean_r2,0.7234488725662231
actual,prompt_end,25,valid,regression,normalized_action_progress,mean_r2,0.6399209499359131
actual,prompt_end,25,valid,regression,raw_action,mean_r2,0.35550037026405334
actual,prompt_end,25,valid,binary,target_grasped,auc,0.9946098149637973
actual,prompt_end,25,valid,binary,target_moved,auc,0.9973799864773496
actual,prompt_end,25,valid,binary,target_lifted,auc,0.9997565330303522
actual,prompt_end,25,valid,binary,near_target,auc,0.9981081081081081
actual,prompt_end,25,valid,binary,near_basket,auc,0.9894323671497584
actual,prompt_end,25,valid,phase,phase_coarse,macro_f1,0.9558513931888545
actual,prompt_end,25,test,regression,object_a_xyz,mean_r2,0.8682953715324402
actual,prompt_end,25,test,regression,object_b_xyz,mean_r2,0.8555378913879395
actual,prompt_end,25,test,regression,target_xyz,mean_r2,0.8673689961433411
actual,prompt_end,25,test,regression,alternative_xyz,mean_r2,0.8571527600288391
actual,prompt_end,25,test,regression,eef_xyz,mean_r2,0.8329728245735168
actual,prompt_end,25,test,regression,robot_joint_pos,mean_r2,0.8173936605453491
actual,prompt_end,25,test,regression,gripper_width,mean_r2,0.7738703489303589
actual,prompt_end,25,test,regression,target_to_eef_xyz,mean_r2,0.7544563412666321
actual,prompt_end,25,test,regression,alternative_to_eef_xyz,mean_r2,0.8243343830108643
actual,prompt_end,25,test,regression,target_to_basket_xyz,mean_r2,0.8719775080680847
actual,prompt_end,25,test,regression,eef_target_distance,mean_r2,0.7902346849441528
actual,prompt_end,25,test,regression,eef_alternative_distance,mean_r2,0.8476047515869141
actual,prompt_end,25,test,regression,target_basket_distance,mean_r2,0.8929764628410339
actual,prompt_end,25,test,regression,target_displacement_xyz,mean_r2,0.855499267578125
actual,prompt_end,25,test,regression,target_speed_per_action_step,mean_r2,0.667192280292511
actual,prompt_end,25,test,regression,normalized_action_progress,mean_r2,0.6459051966667175
actual,prompt_end,25,test,regression,raw_action,mean_r2,-0.004514855798333883
actual,prompt_end,25,test,binary,target_grasped,auc,0.9925367673959171
actual,prompt_end,25,test,binary,target_moved,auc,0.9996573777980813
actual,prompt_end,25,test,binary,target_lifted,auc,0.9999264164827079
actual,prompt_end,25,test,binary,near_target,auc,0.9744661849476334
actual,prompt_end,25,test,binary,near_basket,auc,0.9964874031007752
actual,prompt_end,25,test,phase,phase_coarse,macro_f1,0.9008534559426407
actual,prompt_end,26,valid,regression,object_a_xyz,mean_r2,0.7941301465034485
actual,prompt_end,26,valid,regression,object_b_xyz,mean_r2,0.8237640261650085
actual,prompt_end,26,valid,regression,target_xyz,mean_r2,0.8280782103538513
actual,prompt_end,26,valid,regression,alternative_xyz,mean_r2,0.8538782596588135
actual,prompt_end,26,valid,regression,eef_xyz,mean_r2,0.8194761276245117
actual,prompt_end,26,valid,regression,robot_joint_pos,mean_r2,0.8322166204452515
actual,prompt_end,26,valid,regression,gripper_width,mean_r2,0.5757286548614502
actual,prompt_end,26,valid,regression,target_to_eef_xyz,mean_r2,0.7959575653076172
actual,prompt_end,26,valid,regression,alternative_to_eef_xyz,mean_r2,0.7996161580085754
actual,prompt_end,26,valid,regression,target_to_basket_xyz,mean_r2,0.8165819644927979
actual,prompt_end,26,valid,regression,eef_target_distance,mean_r2,0.7881968021392822
actual,prompt_end,26,valid,regression,eef_alternative_distance,mean_r2,0.8359192609786987
actual,prompt_end,26,valid,regression,target_basket_distance,mean_r2,0.8352792263031006
actual,prompt_end,26,valid,regression,target_displacement_xyz,mean_r2,0.7885168194770813
actual,prompt_end,26,valid,regression,target_speed_per_action_step,mean_r2,0.7846734523773193
actual,prompt_end,26,valid,regression,normalized_action_progress,mean_r2,0.6686263084411621
actual,prompt_end,26,valid,regression,raw_action,mean_r2,0.32452964782714844
actual,prompt_end,26,valid,binary,target_grasped,auc,0.9943684633950121
actual,prompt_end,26,valid,binary,target_moved,auc,0.9934077079107505
actual,prompt_end,26,valid,binary,target_lifted,auc,1.0
actual,prompt_end,26,valid,binary,near_target,auc,0.9981981981981982
actual,prompt_end,26,valid,binary,near_basket,auc,0.9932065217391304
actual,prompt_end,26,valid,phase,phase_coarse,macro_f1,0.9130028764465851
actual,prompt_end,26,test,regression,object_a_xyz,mean_r2,0.851430356502533
actual,prompt_end,26,test,regression,object_b_xyz,mean_r2,0.803783655166626
actual,prompt_end,26,test,regression,target_xyz,mean_r2,0.8612439632415771
actual,prompt_end,26,test,regression,alternative_xyz,mean_r2,0.8507394194602966
actual,prompt_end,26,test,regression,eef_xyz,mean_r2,0.8150114417076111
actual,prompt_end,26,test,regression,robot_joint_pos,mean_r2,0.7903738021850586
actual,prompt_end,26,test,regression,gripper_width,mean_r2,0.7348806858062744
actual,prompt_end,26,test,regression,target_to_eef_xyz,mean_r2,0.7496156692504883
actual,prompt_end,26,test,regression,alternative_to_eef_xyz,mean_r2,0.8048748970031738
actual,prompt_end,26,test,regression,target_to_basket_xyz,mean_r2,0.8633187413215637
actual,prompt_end,26,test,regression,eef_target_distance,mean_r2,0.8387978076934814
actual,prompt_end,26,test,regression,eef_alternative_distance,mean_r2,0.8206053376197815
actual,prompt_end,26,test,regression,target_basket_distance,mean_r2,0.8997406363487244
actual,prompt_end,26,test,regression,target_displacement_xyz,mean_r2,0.8541033864021301
actual,prompt_end,26,test,regression,target_speed_per_action_step,mean_r2,0.628562331199646
actual,prompt_end,26,test,regression,normalized_action_progress,mean_r2,0.6621737480163574
actual,prompt_end,26,test,regression,raw_action,mean_r2,-0.017628218978643417
actual,prompt_end,26,test,binary,target_grasped,auc,0.9947684202824322
actual,prompt_end,26,test,binary,target_moved,auc,0.9995051012638952
actual,prompt_end,26,test,binary,target_lifted,auc,0.9998896247240618
actual,prompt_end,26,test,binary,near_target,auc,0.9715839896078591
actual,prompt_end,26,test,binary,near_basket,auc,0.9937419250645995
actual,prompt_end,26,test,phase,phase_coarse,macro_f1,0.9314012229765516
actual,prompt_end,27,valid,regression,object_a_xyz,mean_r2,0.7884893417358398
actual,prompt_end,27,valid,regression,object_b_xyz,mean_r2,0.8125670552253723
actual,prompt_end,27,valid,regression,target_xyz,mean_r2,0.8127672672271729
actual,prompt_end,27,valid,regression,alternative_xyz,mean_r2,0.8316240906715393
actual,prompt_end,27,valid,regression,eef_xyz,mean_r2,0.8380424976348877
actual,prompt_end,27,valid,regression,robot_joint_pos,mean_r2,0.8099384903907776
actual,prompt_end,27,valid,regression,gripper_width,mean_r2,0.5865789651870728
actual,prompt_end,27,valid,regression,target_to_eef_xyz,mean_r2,0.7537105083465576
actual,prompt_end,27,valid,regression,alternative_to_eef_xyz,mean_r2,0.7989673614501953
actual,prompt_end,27,valid,regression,target_to_basket_xyz,mean_r2,0.7923523783683777
actual,prompt_end,27,valid,regression,eef_target_distance,mean_r2,0.7725009322166443
actual,prompt_end,27,valid,regression,eef_alternative_distance,mean_r2,0.7798408269882202
actual,prompt_end,27,valid,regression,target_basket_distance,mean_r2,0.7875246405601501
actual,prompt_end,27,valid,regression,target_displacement_xyz,mean_r2,0.8045389652252197
actual,prompt_end,27,valid,regression,target_speed_per_action_step,mean_r2,0.6895741820335388
actual,prompt_end,27,valid,regression,normalized_action_progress,mean_r2,0.5885437726974487
actual,prompt_end,27,valid,regression,raw_action,mean_r2,0.24934151768684387
actual,prompt_end,27,valid,binary,target_grasped,auc,0.9911504424778761
actual,prompt_end,27,valid,binary,target_moved,auc,0.9976335361730899
actual,prompt_end,27,valid,binary,target_lifted,auc,1.0
actual,prompt_end,27,valid,binary,near_target,auc,0.9978378378378379
actual,prompt_end,27,valid,binary,near_basket,auc,0.9933574879227053
actual,prompt_end,27,valid,phase,phase_coarse,macro_f1,0.9278489015331121
actual,prompt_end,27,test,regression,object_a_xyz,mean_r2,0.840484619140625
actual,prompt_end,27,test,regression,object_b_xyz,mean_r2,0.8238278031349182
actual,prompt_end,27,test,regression,target_xyz,mean_r2,0.8427578806877136
actual,prompt_end,27,test,regression,alternative_xyz,mean_r2,0.8328371047973633
actual,prompt_end,27,test,regression,eef_xyz,mean_r2,0.7622182965278625
actual,prompt_end,27,test,regression,robot_joint_pos,mean_r2,0.7714013457298279
actual,prompt_end,27,test,regression,gripper_width,mean_r2,0.7667796611785889
actual,prompt_end,27,test,regression,target_to_eef_xyz,mean_r2,0.7379816174507141
actual,prompt_end,27,test,regression,alternative_to_eef_xyz,mean_r2,0.799004077911377
actual,prompt_end,27,test,regression,target_to_basket_xyz,mean_r2,0.8327519297599792
actual,prompt_end,27,test,regression,eef_target_distance,mean_r2,0.7000060081481934
actual,prompt_end,27,test,regression,eef_alternative_distance,mean_r2,0.7392193078994751
actual,prompt_end,27,test,regression,target_basket_distance,mean_r2,0.8865361213684082
actual,prompt_end,27,test,regression,target_displacement_xyz,mean_r2,0.8474128842353821
actual,prompt_end,27,test,regression,target_speed_per_action_step,mean_r2,0.6848118305206299
actual,prompt_end,27,test,regression,normalized_action_progress,mean_r2,0.6372803449630737
actual,prompt_end,27,test,regression,raw_action,mean_r2,-0.009433661587536335
actual,prompt_end,27,test,binary,target_grasped,auc,0.9942562376527402
actual,prompt_end,27,test,binary,target_moved,auc,0.9995812395309883
actual,prompt_end,27,test,binary,target_lifted,auc,0.9997424576894776
actual,prompt_end,27,test,binary,near_target,auc,0.9708938864983356
actual,prompt_end,27,test,binary,near_basket,auc,0.9937419250645995
actual,prompt_end,27,test,phase,phase_coarse,macro_f1,0.9206617402701179
actual,prompt_end,28,valid,regression,object_a_xyz,mean_r2,0.7670597434043884
actual,prompt_end,28,valid,regression,object_b_xyz,mean_r2,0.8060340881347656
actual,prompt_end,28,valid,regression,target_xyz,mean_r2,0.7902774214744568
actual,prompt_end,28,valid,regression,alternative_xyz,mean_r2,0.838501513004303
actual,prompt_end,28,valid,regression,eef_xyz,mean_r2,0.808290958404541
actual,prompt_end,28,valid,regression,robot_joint_pos,mean_r2,0.7833645939826965
actual,prompt_end,28,valid,regression,gripper_width,mean_r2,0.567512035369873
actual,prompt_end,28,valid,regression,target_to_eef_xyz,mean_r2,0.7494685053825378
actual,prompt_end,28,valid,regression,alternative_to_eef_xyz,mean_r2,0.7911688685417175
actual,prompt_end,28,valid,regression,target_to_basket_xyz,mean_r2,0.8158637881278992
actual,prompt_end,28,valid,regression,eef_target_distance,mean_r2,0.7655656337738037
actual,prompt_end,28,valid,regression,eef_alternative_distance,mean_r2,0.7869135141372681
actual,prompt_end,28,valid,regression,target_basket_distance,mean_r2,0.8379002809524536
actual,prompt_end,28,valid,regression,target_displacement_xyz,mean_r2,0.7538285255432129
actual,prompt_end,28,valid,regression,target_speed_per_action_step,mean_r2,0.7436399459838867
actual,prompt_end,28,valid,regression,normalized_action_progress,mean_r2,0.6243674159049988
actual,prompt_end,28,valid,regression,raw_action,mean_r2,0.2103254795074463
actual,prompt_end,28,valid,binary,target_grasped,auc,0.9950925181013677
actual,prompt_end,28,valid,binary,target_moved,auc,0.9980561189993239
actual,prompt_end,28,valid,binary,target_lifted,auc,0.9999188443434507
actual,prompt_end,28,valid,binary,near_target,auc,0.9985585585585586
actual,prompt_end,28,valid,binary,near_basket,auc,0.9929045893719807
actual,prompt_end,28,valid,phase,phase_coarse,macro_f1,0.9531616548054904
actual,prompt_end,28,test,regression,object_a_xyz,mean_r2,0.8354248404502869
actual,prompt_end,28,test,regression,object_b_xyz,mean_r2,0.7890370488166809
actual,prompt_end,28,test,regression,target_xyz,mean_r2,0.8136970400810242
actual,prompt_end,28,test,regression,alternative_xyz,mean_r2,0.8161190152168274
actual,prompt_end,28,test,regression,eef_xyz,mean_r2,0.7918230891227722
actual,prompt_end,28,test,regression,robot_joint_pos,mean_r2,0.745851993560791
actual,prompt_end,28,test,regression,gripper_width,mean_r2,0.7619416117668152
actual,prompt_end,28,test,regression,target_to_eef_xyz,mean_r2,0.648906409740448
actual,prompt_end,28,test,regression,alternative_to_eef_xyz,mean_r2,0.7570075392723083
actual,prompt_end,28,test,regression,target_to_basket_xyz,mean_r2,0.8394016623497009
actual,prompt_end,28,test,regression,eef_target_distance,mean_r2,0.7699782252311707
actual,prompt_end,28,test,regression,eef_alternative_distance,mean_r2,0.7195053696632385
actual,prompt_end,28,test,regression,target_basket_distance,mean_r2,0.8706266283988953
actual,prompt_end,28,test,regression,target_displacement_xyz,mean_r2,0.8449981808662415
actual,prompt_end,28,test,regression,target_speed_per_action_step,mean_r2,0.6703744530677795
actual,prompt_end,28,test,regression,normalized_action_progress,mean_r2,0.5853568911552429
actual,prompt_end,28,test,regression,raw_action,mean_r2,-0.03045792318880558
actual,prompt_end,28,test,binary,target_grasped,auc,0.9940367308114436
actual,prompt_end,28,test,binary,target_moved,auc,0.9995431703974418
actual,prompt_end,28,test,binary,target_lifted,auc,0.9996320824135394
actual,prompt_end,28,test,binary,near_target,auc,0.9741211333928717
actual,prompt_end,28,test,binary,near_basket,auc,0.9930555555555555
actual,prompt_end,28,test,phase,phase_coarse,macro_f1,0.9172236002872399
actual,prompt_end,29,valid,regression,object_a_xyz,mean_r2,0.7646061778068542
actual,prompt_end,29,valid,regression,object_b_xyz,mean_r2,0.7614819407463074
actual,prompt_end,29,valid,regression,target_xyz,mean_r2,0.7915377616882324
actual,prompt_end,29,valid,regression,alternative_xyz,mean_r2,0.8339346051216125
actual,prompt_end,29,valid,regression,eef_xyz,mean_r2,0.7901445031166077
actual,prompt_end,29,valid,regression,robot_joint_pos,mean_r2,0.7664877772331238
actual,prompt_end,29,valid,regression,gripper_width,mean_r2,0.5038474798202515
actual,prompt_end,29,valid,regression,target_to_eef_xyz,mean_r2,0.7368476390838623
actual,prompt_end,29,valid,regression,alternative_to_eef_xyz,mean_r2,0.7659128308296204
actual,prompt_end,29,valid,regression,target_to_basket_xyz,mean_r2,0.7807075381278992
actual,prompt_end,29,valid,regression,eef_target_distance,mean_r2,0.7888251543045044
actual,prompt_end,29,valid,regression,eef_alternative_distance,mean_r2,0.8333499431610107
actual,prompt_end,29,valid,regression,target_basket_distance,mean_r2,0.8398032784461975
actual,prompt_end,29,valid,regression,target_displacement_xyz,mean_r2,0.7467823028564453
actual,prompt_end,29,valid,regression,target_speed_per_action_step,mean_r2,0.703667938709259
actual,prompt_end,29,valid,regression,normalized_action_progress,mean_r2,0.6350857019424438
actual,prompt_end,29,valid,regression,raw_action,mean_r2,0.23374883830547333
actual,prompt_end,29,valid,binary,target_grasped,auc,0.9957361222847948
actual,prompt_end,29,valid,binary,target_moved,auc,0.998394185260311
actual,prompt_end,29,valid,binary,target_lifted,auc,0.9999188443434507
actual,prompt_end,29,valid,binary,near_target,auc,0.9961261261261262
actual,prompt_end,29,valid,binary,near_basket,auc,0.9904891304347826
actual,prompt_end,29,valid,phase,phase_coarse,macro_f1,0.9426553097720145
actual,prompt_end,29,test,regression,object_a_xyz,mean_r2,0.8281598687171936
actual,prompt_end,29,test,regression,object_b_xyz,mean_r2,0.8167707324028015
actual,prompt_end,29,test,regression,target_xyz,mean_r2,0.8350372910499573
actual,prompt_end,29,test,regression,alternative_xyz,mean_r2,0.7911278605461121
actual,prompt_end,29,test,regression,eef_xyz,mean_r2,0.7923362255096436
actual,prompt_end,29,test,regression,robot_joint_pos,mean_r2,0.7329900860786438
actual,prompt_end,29,test,regression,gripper_width,mean_r2,0.6984601020812988
actual,prompt_end,29,test,regression,target_to_eef_xyz,mean_r2,0.6383769512176514
actual,prompt_end,29,test,regression,alternative_to_eef_xyz,mean_r2,0.7685580849647522
actual,prompt_end,29,test,regression,target_to_basket_xyz,mean_r2,0.8316407203674316
actual,prompt_end,29,test,regression,eef_target_distance,mean_r2,0.816949725151062
actual,prompt_end,29,test,regression,eef_alternative_distance,mean_r2,0.7419856786727905
actual,prompt_end,29,test,regression,target_basket_distance,mean_r2,0.8605731725692749
actual,prompt_end,29,test,regression,target_displacement_xyz,mean_r2,0.8151142597198486
actual,prompt_end,29,test,regression,target_speed_per_action_step,mean_r2,0.6638584136962891
actual,prompt_end,29,test,regression,normalized_action_progress,mean_r2,0.5666376352310181
actual,prompt_end,29,test,regression,raw_action,mean_r2,-0.07471244037151337
actual,prompt_end,29,test,binary,target_grasped,auc,0.9937440550230482
actual,prompt_end,29,test,binary,target_moved,auc,0.9996573777980813
actual,prompt_end,29,test,binary,target_lifted,auc,0.9997424576894776
actual,prompt_end,29,test,binary,near_target,auc,0.9788503694081351
actual,prompt_end,29,test,binary,near_basket,auc,0.9927729328165374
actual,prompt_end,29,test,phase,phase_coarse,macro_f1,0.9234864346920816
actual,prompt_end,30,valid,regression,object_a_xyz,mean_r2,0.75673907995224
actual,prompt_end,30,valid,regression,object_b_xyz,mean_r2,0.7549600601196289
actual,prompt_end,30,valid,regression,target_xyz,mean_r2,0.7963998317718506
actual,prompt_end,30,valid,regression,alternative_xyz,mean_r2,0.7777143120765686
actual,prompt_end,30,valid,regression,eef_xyz,mean_r2,0.7842936515808105
actual,prompt_end,30,valid,regression,robot_joint_pos,mean_r2,0.7323261499404907
actual,prompt_end,30,valid,regression,gripper_width,mean_r2,0.6576881408691406
actual,prompt_end,30,valid,regression,target_to_eef_xyz,mean_r2,0.7288015484809875
actual,prompt_end,30,valid,regression,alternative_to_eef_xyz,mean_r2,0.7469702363014221
actual,prompt_end,30,valid,regression,target_to_basket_xyz,mean_r2,0.7655823826789856
actual,prompt_end,30,valid,regression,eef_target_distance,mean_r2,0.7565261721611023
actual,prompt_end,30,valid,regression,eef_alternative_distance,mean_r2,0.7403168678283691
actual,prompt_end,30,valid,regression,target_basket_distance,mean_r2,0.7794743776321411
actual,prompt_end,30,valid,regression,target_displacement_xyz,mean_r2,0.7428219318389893
actual,prompt_end,30,valid,regression,target_speed_per_action_step,mean_r2,0.7077124118804932
actual,prompt_end,30,valid,regression,normalized_action_progress,mean_r2,0.6074433326721191
actual,prompt_end,30,valid,regression,raw_action,mean_r2,0.1732846051454544
actual,prompt_end,30,valid,binary,target_grasped,auc,0.9962992759452937
actual,prompt_end,30,valid,binary,target_moved,auc,0.9980561189993239
actual,prompt_end,30,valid,binary,target_lifted,auc,0.9999188443434507
actual,prompt_end,30,valid,binary,near_target,auc,0.9975675675675676
actual,prompt_end,30,valid,binary,near_basket,auc,0.9927536231884058
actual,prompt_end,30,valid,phase,phase_coarse,macro_f1,0.9384872196139802
actual,prompt_end,30,test,regression,object_a_xyz,mean_r2,0.8391768336296082
actual,prompt_end,30,test,regression,object_b_xyz,mean_r2,0.7774245142936707
actual,prompt_end,30,test,regression,target_xyz,mean_r2,0.812664806842804
actual,prompt_end,30,test,regression,alternative_xyz,mean_r2,0.8197616934776306
actual,prompt_end,30,test,regression,eef_xyz,mean_r2,0.7618414759635925
actual,prompt_end,30,test,regression,robot_joint_pos,mean_r2,0.7134925127029419
actual,prompt_end,30,test,regression,gripper_width,mean_r2,0.6695511341094971
actual,prompt_end,30,test,regression,target_to_eef_xyz,mean_r2,0.6155731081962585
actual,prompt_end,30,test,regression,alternative_to_eef_xyz,mean_r2,0.748328685760498
actual,prompt_end,30,test,regression,target_to_basket_xyz,mean_r2,0.8171267509460449
actual,prompt_end,30,test,regression,eef_target_distance,mean_r2,0.7586315870285034
actual,prompt_end,30,test,regression,eef_alternative_distance,mean_r2,0.7717288136482239
actual,prompt_end,30,test,regression,target_basket_distance,mean_r2,0.8273865580558777
actual,prompt_end,30,test,regression,target_displacement_xyz,mean_r2,0.7891764640808105
actual,prompt_end,30,test,regression,target_speed_per_action_step,mean_r2,0.5998562574386597
actual,prompt_end,30,test,regression,normalized_action_progress,mean_r2,0.5929533839225769
actual,prompt_end,30,test,regression,raw_action,mean_r2,-0.12540088593959808
actual,prompt_end,30,test,binary,target_grasped,auc,0.9915489866100827
actual,prompt_end,30,test,binary,target_moved,auc,0.9988198568600579
actual,prompt_end,30,test,binary,target_lifted,auc,0.9994849153789551
actual,prompt_end,30,test,binary,near_target,auc,0.9749127222537955
actual,prompt_end,30,test,binary,near_basket,auc,0.9926114341085271
actual,prompt_end,30,test,phase,phase_coarse,macro_f1,0.9170695390762678
actual,prompt_end,31,valid,regression,object_a_xyz,mean_r2,0.7632057666778564
actual,prompt_end,31,valid,regression,object_b_xyz,mean_r2,0.7984679341316223
actual,prompt_end,31,valid,regression,target_xyz,mean_r2,0.8102922439575195
actual,prompt_end,31,valid,regression,alternative_xyz,mean_r2,0.8162192702293396
actual,prompt_end,31,valid,regression,eef_xyz,mean_r2,0.7601531147956848
actual,prompt_end,31,valid,regression,robot_joint_pos,mean_r2,0.7678731679916382
actual,prompt_end,31,valid,regression,gripper_width,mean_r2,0.5407119989395142
actual,prompt_end,31,valid,regression,target_to_eef_xyz,mean_r2,0.7383047938346863
actual,prompt_end,31,valid,regression,alternative_to_eef_xyz,mean_r2,0.7547531127929688
actual,prompt_end,31,valid,regression,target_to_basket_xyz,mean_r2,0.7911909222602844
actual,prompt_end,31,valid,regression,eef_target_distance,mean_r2,0.7713872194290161
actual,prompt_end,31,valid,regression,eef_alternative_distance,mean_r2,0.8081602454185486
actual,prompt_end,31,valid,regression,target_basket_distance,mean_r2,0.7965829372406006
actual,prompt_end,31,valid,regression,target_displacement_xyz,mean_r2,0.7582578659057617
actual,prompt_end,31,valid,regression,target_speed_per_action_step,mean_r2,0.7330493927001953
actual,prompt_end,31,valid,regression,normalized_action_progress,mean_r2,0.5745660066604614
actual,prompt_end,31,valid,regression,raw_action,mean_r2,0.24224905669689178
actual,prompt_end,31,valid,binary,target_grasped,auc,0.9962992759452937
actual,prompt_end,31,valid,binary,target_moved,auc,0.9979716024340771
actual,prompt_end,31,valid,binary,target_lifted,auc,0.9997565330303522
actual,prompt_end,31,valid,binary,near_target,auc,0.9981981981981982
actual,prompt_end,31,valid,binary,near_basket,auc,0.9909420289855072
actual,prompt_end,31,valid,phase,phase_coarse,macro_f1,0.9405253406996934
actual,prompt_end,31,test,regression,object_a_xyz,mean_r2,0.8108072280883789
actual,prompt_end,31,test,regression,object_b_xyz,mean_r2,0.7867582440376282
actual,prompt_end,31,test,regression,target_xyz,mean_r2,0.8094995617866516
actual,prompt_end,31,test,regression,alternative_xyz,mean_r2,0.8203892707824707
actual,prompt_end,31,test,regression,eef_xyz,mean_r2,0.7801852226257324
actual,prompt_end,31,test,regression,robot_joint_pos,mean_r2,0.7371135354042053
actual,prompt_end,31,test,regression,gripper_width,mean_r2,0.7449285387992859
actual,prompt_end,31,test,regression,target_to_eef_xyz,mean_r2,0.6606653928756714
actual,prompt_end,31,test,regression,alternative_to_eef_xyz,mean_r2,0.7573434710502625
actual,prompt_end,31,test,regression,target_to_basket_xyz,mean_r2,0.8210316300392151
actual,prompt_end,31,test,regression,eef_target_distance,mean_r2,0.7545372247695923
actual,prompt_end,31,test,regression,eef_alternative_distance,mean_r2,0.777009129524231
actual,prompt_end,31,test,regression,target_basket_distance,mean_r2,0.8631491661071777
actual,prompt_end,31,test,regression,target_displacement_xyz,mean_r2,0.8275318741798401
actual,prompt_end,31,test,regression,target_speed_per_action_step,mean_r2,0.4807555079460144
actual,prompt_end,31,test,regression,normalized_action_progress,mean_r2,0.6361443996429443
actual,prompt_end,31,test,regression,raw_action,mean_r2,-0.03240136429667473
actual,prompt_end,31,test,binary,target_grasped,auc,0.9889514889880735
actual,prompt_end,31,test,binary,target_moved,auc,0.9987817877265114
actual,prompt_end,31,test,binary,target_lifted,auc,0.9992273730684327
actual,prompt_end,31,test,binary,near_target,auc,0.9758463911666801
actual,prompt_end,31,test,binary,near_basket,auc,0.9943879198966408
actual,prompt_end,31,test,phase,phase_coarse,macro_f1,0.9195798254421873
actual,action_boundary,0,valid,regression,object_a_xyz,mean_r2,0.8727094531059265
actual,action_boundary,0,valid,regression,object_b_xyz,mean_r2,0.9184049963951111
actual,action_boundary,0,valid,regression,target_xyz,mean_r2,0.926059901714325
actual,action_boundary,0,valid,regression,alternative_xyz,mean_r2,0.9903590679168701
actual,action_boundary,0,valid,regression,eef_xyz,mean_r2,0.9643950462341309
actual,action_boundary,0,valid,regression,robot_joint_pos,mean_r2,0.9488420486450195
actual,action_boundary,0,valid,regression,gripper_width,mean_r2,0.6120222806930542
actual,action_boundary,0,valid,regression,target_to_eef_xyz,mean_r2,0.8577651381492615
actual,action_boundary,0,valid,regression,alternative_to_eef_xyz,mean_r2,0.9490652084350586
actual,action_boundary,0,valid,regression,target_to_basket_xyz,mean_r2,0.9288577437400818
actual,action_boundary,0,valid,regression,eef_target_distance,mean_r2,0.9168447256088257
actual,action_boundary,0,valid,regression,eef_alternative_distance,mean_r2,0.9250481128692627
actual,action_boundary,0,valid,regression,target_basket_distance,mean_r2,0.9570388793945312
actual,action_boundary,0,valid,regression,target_displacement_xyz,mean_r2,0.8905898928642273
actual,action_boundary,0,valid,regression,target_speed_per_action_step,mean_r2,0.7484428286552429
actual,action_boundary,0,valid,regression,normalized_action_progress,mean_r2,0.7015426754951477
actual,action_boundary,0,valid,regression,raw_action,mean_r2,0.44977012276649475
actual,action_boundary,0,valid,binary,target_grasped,auc,0.994770716009654
actual,action_boundary,0,valid,binary,target_moved,auc,0.9986477349560514
actual,action_boundary,0,valid,binary,target_lifted,auc,0.9974841746469729
actual,action_boundary,0,valid,binary,near_target,auc,0.9993693693693694
actual,action_boundary,0,valid,binary,near_basket,auc,0.9942632850241546
actual,action_boundary,0,valid,phase,phase_coarse,macro_f1,0.9137254901960784
actual,action_boundary,0,test,regression,object_a_xyz,mean_r2,0.9119370579719543
actual,action_boundary,0,test,regression,object_b_xyz,mean_r2,0.9440646171569824
actual,action_boundary,0,test,regression,target_xyz,mean_r2,0.9574478268623352
actual,action_boundary,0,test,regression,alternative_xyz,mean_r2,0.9855949878692627
actual,action_boundary,0,test,regression,eef_xyz,mean_r2,0.955994188785553
actual,action_boundary,0,test,regression,robot_joint_pos,mean_r2,0.93160480260849
actual,action_boundary,0,test,regression,gripper_width,mean_r2,0.7512471675872803
actual,action_boundary,0,test,regression,target_to_eef_xyz,mean_r2,0.8559673428535461
actual,action_boundary,0,test,regression,alternative_to_eef_xyz,mean_r2,0.9438045024871826
actual,action_boundary,0,test,regression,target_to_basket_xyz,mean_r2,0.9586817622184753
actual,action_boundary,0,test,regression,eef_target_distance,mean_r2,0.9233579635620117
actual,action_boundary,0,test,regression,eef_alternative_distance,mean_r2,0.9121834635734558
actual,action_boundary,0,test,regression,target_basket_distance,mean_r2,0.975858747959137
actual,action_boundary,0,test,regression,target_displacement_xyz,mean_r2,0.9302636981010437
actual,action_boundary,0,test,regression,target_speed_per_action_step,mean_r2,0.7614354491233826
actual,action_boundary,0,test,regression,normalized_action_progress,mean_r2,0.6401864886283875
actual,action_boundary,0,test,regression,raw_action,mean_r2,0.2958260476589203
actual,action_boundary,0,test,binary,target_grasped,auc,0.975671325089632
actual,action_boundary,0,test,binary,target_moved,auc,0.9999619308664535
actual,action_boundary,0,test,binary,target_lifted,auc,0.9999264164827079
actual,action_boundary,0,test,binary,near_target,auc,0.9833969310708777
actual,action_boundary,0,test,binary,near_basket,auc,0.9931363049095607
actual,action_boundary,0,test,phase,phase_coarse,macro_f1,0.9184934814099469
actual,action_boundary,1,valid,regression,object_a_xyz,mean_r2,0.9301832318305969
actual,action_boundary,1,valid,regression,object_b_xyz,mean_r2,0.9287888407707214
actual,action_boundary,1,valid,regression,target_xyz,mean_r2,0.9351558685302734
actual,action_boundary,1,valid,regression,alternative_xyz,mean_r2,0.9898607134819031
actual,action_boundary,1,valid,regression,eef_xyz,mean_r2,0.9739656448364258
actual,action_boundary,1,valid,regression,robot_joint_pos,mean_r2,0.960408627986908
actual,action_boundary,1,valid,regression,gripper_width,mean_r2,0.6309264302253723
actual,action_boundary,1,valid,regression,target_to_eef_xyz,mean_r2,0.8896903395652771
actual,action_boundary,1,valid,regression,alternative_to_eef_xyz,mean_r2,0.9543084502220154
actual,action_boundary,1,valid,regression,target_to_basket_xyz,mean_r2,0.9420762658119202
actual,action_boundary,1,valid,regression,eef_target_distance,mean_r2,0.9466468095779419
actual,action_boundary,1,valid,regression,eef_alternative_distance,mean_r2,0.9326052665710449
actual,action_boundary,1,valid,regression,target_basket_distance,mean_r2,0.9687402248382568
actual,action_boundary,1,valid,regression,target_displacement_xyz,mean_r2,0.9083241820335388
actual,action_boundary,1,valid,regression,target_speed_per_action_step,mean_r2,0.8347383737564087
actual,action_boundary,1,valid,regression,normalized_action_progress,mean_r2,0.6954060792922974
actual,action_boundary,1,valid,regression,raw_action,mean_r2,0.46787089109420776
actual,action_boundary,1,valid,binary,target_grasped,auc,0.9940466613032984
actual,action_boundary,1,valid,binary,target_moved,auc,0.998394185260311
actual,action_boundary,1,valid,binary,target_lifted,auc,0.9991884434345074
actual,action_boundary,1,valid,binary,near_target,auc,0.9990990990990991
actual,action_boundary,1,valid,binary,near_basket,auc,0.9966787439613527
actual,action_boundary,1,valid,phase,phase_coarse,macro_f1,0.9218692410705364
actual,action_boundary,1,test,regression,object_a_xyz,mean_r2,0.9584569334983826
actual,action_boundary,1,test,regression,object_b_xyz,mean_r2,0.937720537185669
actual,action_boundary,1,test,regression,target_xyz,mean_r2,0.9556092619895935
actual,action_boundary,1,test,regression,alternative_xyz,mean_r2,0.9893794655799866
actual,action_boundary,1,test,regression,eef_xyz,mean_r2,0.9727469086647034
actual,action_boundary,1,test,regression,robot_joint_pos,mean_r2,0.9444295167922974
actual,action_boundary,1,test,regression,gripper_width,mean_r2,0.807683527469635
actual,action_boundary,1,test,regression,target_to_eef_xyz,mean_r2,0.88022381067276
actual,action_boundary,1,test,regression,alternative_to_eef_xyz,mean_r2,0.962480366230011
actual,action_boundary,1,test,regression,target_to_basket_xyz,mean_r2,0.9612445831298828
actual,action_boundary,1,test,regression,eef_target_distance,mean_r2,0.8741037845611572
actual,action_boundary,1,test,regression,eef_alternative_distance,mean_r2,0.9395478367805481
actual,action_boundary,1,test,regression,target_basket_distance,mean_r2,0.9798119068145752
actual,action_boundary,1,test,regression,target_displacement_xyz,mean_r2,0.9425279498100281
actual,action_boundary,1,test,regression,target_speed_per_action_step,mean_r2,0.7260783910751343
actual,action_boundary,1,test,regression,normalized_action_progress,mean_r2,0.5985859632492065
actual,action_boundary,1,test,regression,raw_action,mean_r2,0.25088605284690857
actual,action_boundary,1,test,binary,target_grasped,auc,0.9715372795785469
actual,action_boundary,1,test,binary,target_moved,auc,0.9996954469316278
actual,action_boundary,1,test,binary,target_lifted,auc,0.9997424576894776
actual,action_boundary,1,test,binary,near_target,auc,0.987699926930259
actual,action_boundary,1,test,binary,near_basket,auc,0.9974160206718347
actual,action_boundary,1,test,phase,phase_coarse,macro_f1,0.8970728970728971
actual,action_boundary,2,valid,regression,object_a_xyz,mean_r2,0.9470807909965515
actual,action_boundary,2,valid,regression,object_b_xyz,mean_r2,0.9262939095497131
actual,action_boundary,2,valid,regression,target_xyz,mean_r2,0.9394354224205017
actual,action_boundary,2,valid,regression,alternative_xyz,mean_r2,0.9863014817237854
actual,action_boundary,2,valid,regression,eef_xyz,mean_r2,0.970198392868042
actual,action_boundary,2,valid,regression,robot_joint_pos,mean_r2,0.9636141657829285
actual,action_boundary,2,valid,regression,gripper_width,mean_r2,0.6814032793045044
actual,action_boundary,2,valid,regression,target_to_eef_xyz,mean_r2,0.8809347152709961
actual,action_boundary,2,valid,regression,alternative_to_eef_xyz,mean_r2,0.9505963325500488
actual,action_boundary,2,valid,regression,target_to_basket_xyz,mean_r2,0.9431446194648743
actual,action_boundary,2,valid,regression,eef_target_distance,mean_r2,0.9238961935043335
actual,action_boundary,2,valid,regression,eef_alternative_distance,mean_r2,0.9334592819213867
actual,action_boundary,2,valid,regression,target_basket_distance,mean_r2,0.9640414714813232
actual,action_boundary,2,valid,regression,target_displacement_xyz,mean_r2,0.9136045575141907
actual,action_boundary,2,valid,regression,target_speed_per_action_step,mean_r2,0.8441442251205444
actual,action_boundary,2,valid,regression,normalized_action_progress,mean_r2,0.6998592615127563
actual,action_boundary,2,valid,regression,raw_action,mean_r2,0.4593738913536072
actual,action_boundary,2,valid,binary,target_grasped,auc,0.9952534191472244
actual,action_boundary,2,valid,binary,target_moved,auc,0.9981406355645707
actual,action_boundary,2,valid,binary,target_lifted,auc,0.9995130660607044
actual,action_boundary,2,valid,binary,near_target,auc,0.9991891891891892
actual,action_boundary,2,valid,binary,near_basket,auc,0.9975845410628019
actual,action_boundary,2,valid,phase,phase_coarse,macro_f1,0.9296792461267537
actual,action_boundary,2,test,regression,object_a_xyz,mean_r2,0.9650804400444031
actual,action_boundary,2,test,regression,object_b_xyz,mean_r2,0.9507061839103699
actual,action_boundary,2,test,regression,target_xyz,mean_r2,0.9571540355682373
actual,action_boundary,2,test,regression,alternative_xyz,mean_r2,0.9877088665962219
actual,action_boundary,2,test,regression,eef_xyz,mean_r2,0.9635038375854492
actual,action_boundary,2,test,regression,robot_joint_pos,mean_r2,0.9432868957519531
actual,action_boundary,2,test,regression,gripper_width,mean_r2,0.8411871194839478
actual,action_boundary,2,test,regression,target_to_eef_xyz,mean_r2,0.8919823169708252
actual,action_boundary,2,test,regression,alternative_to_eef_xyz,mean_r2,0.9619398713111877
actual,action_boundary,2,test,regression,target_to_basket_xyz,mean_r2,0.9525429606437683
actual,action_boundary,2,test,regression,eef_target_distance,mean_r2,0.8686059713363647
actual,action_boundary,2,test,regression,eef_alternative_distance,mean_r2,0.9546526670455933
actual,action_boundary,2,test,regression,target_basket_distance,mean_r2,0.979457676410675
actual,action_boundary,2,test,regression,target_displacement_xyz,mean_r2,0.9389612078666687
actual,action_boundary,2,test,regression,target_speed_per_action_step,mean_r2,0.8082995414733887
actual,action_boundary,2,test,regression,normalized_action_progress,mean_r2,0.706872820854187
actual,action_boundary,2,test,regression,raw_action,mean_r2,0.21979327499866486
actual,action_boundary,2,test,binary,target_grasped,auc,0.9731104119411722
actual,action_boundary,2,test,binary,target_moved,auc,0.9996193086645347
actual,action_boundary,2,test,binary,target_lifted,auc,1.0
actual,action_boundary,2,test,binary,near_target,auc,0.9843711942843225
actual,action_boundary,2,test,binary,near_basket,auc,0.9948320413436692
actual,action_boundary,2,test,phase,phase_coarse,macro_f1,0.8799859719787162
actual,action_boundary,3,valid,regression,object_a_xyz,mean_r2,0.9539785385131836
actual,action_boundary,3,valid,regression,object_b_xyz,mean_r2,0.9438097476959229
actual,action_boundary,3,valid,regression,target_xyz,mean_r2,0.9461191296577454
actual,action_boundary,3,valid,regression,alternative_xyz,mean_r2,0.9873051643371582
actual,action_boundary,3,valid,regression,eef_xyz,mean_r2,0.9752864241600037
actual,action_boundary,3,valid,regression,robot_joint_pos,mean_r2,0.9580039381980896
actual,action_boundary,3,valid,regression,gripper_width,mean_r2,0.7663513422012329
actual,action_boundary,3,valid,regression,target_to_eef_xyz,mean_r2,0.8891351222991943
actual,action_boundary,3,valid,regression,alternative_to_eef_xyz,mean_r2,0.9512221813201904
actual,action_boundary,3,valid,regression,target_to_basket_xyz,mean_r2,0.9497048258781433
actual,action_boundary,3,valid,regression,eef_target_distance,mean_r2,0.9382138848304749
actual,action_boundary,3,valid,regression,eef_alternative_distance,mean_r2,0.945682942867279
actual,action_boundary,3,valid,regression,target_basket_distance,mean_r2,0.9707640409469604
actual,action_boundary,3,valid,regression,target_displacement_xyz,mean_r2,0.9193205237388611
actual,action_boundary,3,valid,regression,target_speed_per_action_step,mean_r2,0.8064996004104614
actual,action_boundary,3,valid,regression,normalized_action_progress,mean_r2,0.7076921463012695
actual,action_boundary,3,valid,regression,raw_action,mean_r2,0.4452882707118988
actual,action_boundary,3,valid,binary,target_grasped,auc,0.9949316170555108
actual,action_boundary,3,valid,binary,target_moved,auc,0.9992393509127789
actual,action_boundary,3,valid,binary,target_lifted,auc,0.9994319104041551
actual,action_boundary,3,valid,binary,near_target,auc,0.9987387387387388
actual,action_boundary,3,valid,binary,near_basket,auc,0.9972826086956522
actual,action_boundary,3,valid,phase,phase_coarse,macro_f1,0.9268653540858578
actual,action_boundary,3,test,regression,object_a_xyz,mean_r2,0.9636467099189758
actual,action_boundary,3,test,regression,object_b_xyz,mean_r2,0.946526050567627
actual,action_boundary,3,test,regression,target_xyz,mean_r2,0.9664018750190735
actual,action_boundary,3,test,regression,alternative_xyz,mean_r2,0.9834852814674377
actual,action_boundary,3,test,regression,eef_xyz,mean_r2,0.9684259295463562
actual,action_boundary,3,test,regression,robot_joint_pos,mean_r2,0.952386200428009
actual,action_boundary,3,test,regression,gripper_width,mean_r2,0.8258403539657593
actual,action_boundary,3,test,regression,target_to_eef_xyz,mean_r2,0.8952463269233704
actual,action_boundary,3,test,regression,alternative_to_eef_xyz,mean_r2,0.9625795483589172
actual,action_boundary,3,test,regression,target_to_basket_xyz,mean_r2,0.9627153277397156
actual,action_boundary,3,test,regression,eef_target_distance,mean_r2,0.8957231044769287
actual,action_boundary,3,test,regression,eef_alternative_distance,mean_r2,0.9620155692100525
actual,action_boundary,3,test,regression,target_basket_distance,mean_r2,0.9732051491737366
actual,action_boundary,3,test,regression,target_displacement_xyz,mean_r2,0.9553187489509583
actual,action_boundary,3,test,regression,target_speed_per_action_step,mean_r2,0.8544180393218994
actual,action_boundary,3,test,regression,normalized_action_progress,mean_r2,0.7297629117965698
actual,action_boundary,3,test,regression,raw_action,mean_r2,0.1801726520061493
actual,action_boundary,3,test,binary,target_grasped,auc,0.981598009804639
actual,action_boundary,3,test,binary,target_moved,auc,0.9996954469316278
actual,action_boundary,3,test,binary,target_lifted,auc,1.0
actual,action_boundary,3,test,binary,near_target,auc,0.9767394657790046
actual,action_boundary,3,test,binary,near_basket,auc,0.9933785529715762
actual,action_boundary,3,test,phase,phase_coarse,macro_f1,0.8776043857971568
actual,action_boundary,4,valid,regression,object_a_xyz,mean_r2,0.9465126991271973
actual,action_boundary,4,valid,regression,object_b_xyz,mean_r2,0.9355320334434509
actual,action_boundary,4,valid,regression,target_xyz,mean_r2,0.9475309252738953
actual,action_boundary,4,valid,regression,alternative_xyz,mean_r2,0.9859981536865234
actual,action_boundary,4,valid,regression,eef_xyz,mean_r2,0.9726161956787109
actual,action_boundary,4,valid,regression,robot_joint_pos,mean_r2,0.9671604037284851
actual,action_boundary,4,valid,regression,gripper_width,mean_r2,0.7730175256729126
actual,action_boundary,4,valid,regression,target_to_eef_xyz,mean_r2,0.8970929980278015
actual,action_boundary,4,valid,regression,alternative_to_eef_xyz,mean_r2,0.9558768272399902
actual,action_boundary,4,valid,regression,target_to_basket_xyz,mean_r2,0.9430742263793945
actual,action_boundary,4,valid,regression,eef_target_distance,mean_r2,0.923241376876831
actual,action_boundary,4,valid,regression,eef_alternative_distance,mean_r2,0.9472177624702454
actual,action_boundary,4,valid,regression,target_basket_distance,mean_r2,0.9722945690155029
actual,action_boundary,4,valid,regression,target_displacement_xyz,mean_r2,0.9079909324645996
actual,action_boundary,4,valid,regression,target_speed_per_action_step,mean_r2,0.8575930595397949
actual,action_boundary,4,valid,regression,normalized_action_progress,mean_r2,0.7954121828079224
actual,action_boundary,4,valid,regression,raw_action,mean_r2,0.4118938148021698
actual,action_boundary,4,valid,binary,target_grasped,auc,0.9952534191472244
actual,action_boundary,4,valid,binary,target_moved,auc,0.9997464503042597
actual,action_boundary,4,valid,binary,target_lifted,auc,0.9995130660607044
actual,action_boundary,4,valid,binary,near_target,auc,0.9990990990990991
actual,action_boundary,4,valid,binary,near_basket,auc,0.9960748792270532
actual,action_boundary,4,valid,phase,phase_coarse,macro_f1,0.9119824953158288
actual,action_boundary,4,test,regression,object_a_xyz,mean_r2,0.9618374705314636
actual,action_boundary,4,test,regression,object_b_xyz,mean_r2,0.9476907253265381
actual,action_boundary,4,test,regression,target_xyz,mean_r2,0.9703595042228699
actual,action_boundary,4,test,regression,alternative_xyz,mean_r2,0.9824811816215515
actual,action_boundary,4,test,regression,eef_xyz,mean_r2,0.977193295955658
actual,action_boundary,4,test,regression,robot_joint_pos,mean_r2,0.9557276964187622
actual,action_boundary,4,test,regression,gripper_width,mean_r2,0.8591067790985107
actual,action_boundary,4,test,regression,target_to_eef_xyz,mean_r2,0.9091898798942566
actual,action_boundary,4,test,regression,alternative_to_eef_xyz,mean_r2,0.9631136059761047
actual,action_boundary,4,test,regression,target_to_basket_xyz,mean_r2,0.9683647155761719
actual,action_boundary,4,test,regression,eef_target_distance,mean_r2,0.9143319129943848
actual,action_boundary,4,test,regression,eef_alternative_distance,mean_r2,0.9689884185791016
actual,action_boundary,4,test,regression,target_basket_distance,mean_r2,0.9768365025520325
actual,action_boundary,4,test,regression,target_displacement_xyz,mean_r2,0.9484797120094299
actual,action_boundary,4,test,regression,target_speed_per_action_step,mean_r2,0.8356143236160278
actual,action_boundary,4,test,regression,normalized_action_progress,mean_r2,0.7575826048851013
actual,action_boundary,4,test,regression,raw_action,mean_r2,0.2268683910369873
actual,action_boundary,4,test,binary,target_grasped,auc,0.9819272700665838
actual,action_boundary,4,test,binary,target_moved,auc,0.9990102025277905
actual,action_boundary,4,test,binary,target_lifted,auc,0.9999264164827079
actual,action_boundary,4,test,binary,near_target,auc,0.9896890476577088
actual,action_boundary,4,test,binary,near_basket,auc,0.9883720930232558
actual,action_boundary,4,test,phase,phase_coarse,macro_f1,0.8805461341241158
actual,action_boundary,5,valid,regression,object_a_xyz,mean_r2,0.9118874073028564
actual,action_boundary,5,valid,regression,object_b_xyz,mean_r2,0.9075028300285339
actual,action_boundary,5,valid,regression,target_xyz,mean_r2,0.9226987361907959
actual,action_boundary,5,valid,regression,alternative_xyz,mean_r2,0.9872655868530273
actual,action_boundary,5,valid,regression,eef_xyz,mean_r2,0.9671192169189453
actual,action_boundary,5,valid,regression,robot_joint_pos,mean_r2,0.9673925638198853
actual,action_boundary,5,valid,regression,gripper_width,mean_r2,0.7875310182571411
actual,action_boundary,5,valid,regression,target_to_eef_xyz,mean_r2,0.8709666132926941
actual,action_boundary,5,valid,regression,alternative_to_eef_xyz,mean_r2,0.9465667605400085
actual,action_boundary,5,valid,regression,target_to_basket_xyz,mean_r2,0.9155557155609131
actual,action_boundary,5,valid,regression,eef_target_distance,mean_r2,0.8996365666389465
actual,action_boundary,5,valid,regression,eef_alternative_distance,mean_r2,0.9232094287872314
actual,action_boundary,5,valid,regression,target_basket_distance,mean_r2,0.9578038454055786
actual,action_boundary,5,valid,regression,target_displacement_xyz,mean_r2,0.893613338470459
actual,action_boundary,5,valid,regression,target_speed_per_action_step,mean_r2,0.8321645855903625
actual,action_boundary,5,valid,regression,normalized_action_progress,mean_r2,0.6810545921325684
actual,action_boundary,5,valid,regression,raw_action,mean_r2,0.42998790740966797
actual,action_boundary,5,valid,binary,target_grasped,auc,0.9954143201930813
actual,action_boundary,5,valid,binary,target_moved,auc,0.9938302907369845
actual,action_boundary,5,valid,binary,target_lifted,auc,0.9988638208083104
actual,action_boundary,5,valid,binary,near_target,auc,0.9987387387387388
actual,action_boundary,5,valid,binary,near_basket,auc,0.9942632850241546
actual,action_boundary,5,valid,phase,phase_coarse,macro_f1,0.9189203291190046
actual,action_boundary,5,test,regression,object_a_xyz,mean_r2,0.954637348651886
actual,action_boundary,5,test,regression,object_b_xyz,mean_r2,0.9477869868278503
actual,action_boundary,5,test,regression,target_xyz,mean_r2,0.9600422978401184
actual,action_boundary,5,test,regression,alternative_xyz,mean_r2,0.9850468635559082
actual,action_boundary,5,test,regression,eef_xyz,mean_r2,0.9654169678688049
actual,action_boundary,5,test,regression,robot_joint_pos,mean_r2,0.9599693417549133
actual,action_boundary,5,test,regression,gripper_width,mean_r2,0.8433312773704529
actual,action_boundary,5,test,regression,target_to_eef_xyz,mean_r2,0.8973668217658997
actual,action_boundary,5,test,regression,alternative_to_eef_xyz,mean_r2,0.9559380412101746
actual,action_boundary,5,test,regression,target_to_basket_xyz,mean_r2,0.9596970677375793
actual,action_boundary,5,test,regression,eef_target_distance,mean_r2,0.9186747670173645
actual,action_boundary,5,test,regression,eef_alternative_distance,mean_r2,0.9468954801559448
actual,action_boundary,5,test,regression,target_basket_distance,mean_r2,0.9653682708740234
actual,action_boundary,5,test,regression,target_displacement_xyz,mean_r2,0.9422388076782227
actual,action_boundary,5,test,regression,target_speed_per_action_step,mean_r2,0.7941642999649048
actual,action_boundary,5,test,regression,normalized_action_progress,mean_r2,0.6785480976104736
actual,action_boundary,5,test,regression,raw_action,mean_r2,0.3709470331668854
actual,action_boundary,5,test,binary,target_grasped,auc,0.976878612716763
actual,action_boundary,5,test,binary,target_moved,auc,0.9996573777980813
actual,action_boundary,5,test,binary,target_lifted,auc,0.9998528329654157
actual,action_boundary,5,test,binary,near_target,auc,0.9915969797840383
actual,action_boundary,5,test,binary,near_basket,auc,0.9897448320413437
actual,action_boundary,5,test,phase,phase_coarse,macro_f1,0.883301434473894
actual,action_boundary,6,valid,regression,object_a_xyz,mean_r2,0.907421350479126
actual,action_boundary,6,valid,regression,object_b_xyz,mean_r2,0.8881848454475403
actual,action_boundary,6,valid,regression,target_xyz,mean_r2,0.9011873602867126
actual,action_boundary,6,valid,regression,alternative_xyz,mean_r2,0.9805940985679626
actual,action_boundary,6,valid,regression,eef_xyz,mean_r2,0.9512099623680115
actual,action_boundary,6,valid,regression,robot_joint_pos,mean_r2,0.9454196095466614
actual,action_boundary,6,valid,regression,gripper_width,mean_r2,0.7195800542831421
actual,action_boundary,6,valid,regression,target_to_eef_xyz,mean_r2,0.7969583868980408
actual,action_boundary,6,valid,regression,alternative_to_eef_xyz,mean_r2,0.9427728056907654
actual,action_boundary,6,valid,regression,target_to_basket_xyz,mean_r2,0.89491206407547
actual,action_boundary,6,valid,regression,eef_target_distance,mean_r2,0.8362634181976318
actual,action_boundary,6,valid,regression,eef_alternative_distance,mean_r2,0.8944088220596313
actual,action_boundary,6,valid,regression,target_basket_distance,mean_r2,0.9452237486839294
actual,action_boundary,6,valid,regression,target_displacement_xyz,mean_r2,0.8534131050109863
actual,action_boundary,6,valid,regression,target_speed_per_action_step,mean_r2,0.799323558807373
actual,action_boundary,6,valid,regression,normalized_action_progress,mean_r2,0.7092866897583008
actual,action_boundary,6,valid,regression,raw_action,mean_r2,0.3877801299095154
actual,action_boundary,6,valid,binary,target_grasped,auc,0.9930812550281577
actual,action_boundary,6,valid,binary,target_moved,auc,0.9945909398242055
actual,action_boundary,6,valid,binary,target_lifted,auc,0.9991072877779581
actual,action_boundary,6,valid,binary,near_target,auc,0.9964864864864865
actual,action_boundary,6,valid,binary,near_basket,auc,0.9858091787439613
actual,action_boundary,6,valid,phase,phase_coarse,macro_f1,0.9135296982140272
actual,action_boundary,6,test,regression,object_a_xyz,mean_r2,0.9397242665290833
actual,action_boundary,6,test,regression,object_b_xyz,mean_r2,0.9136427044868469
actual,action_boundary,6,test,regression,target_xyz,mean_r2,0.9305815100669861
actual,action_boundary,6,test,regression,alternative_xyz,mean_r2,0.9815608859062195
actual,action_boundary,6,test,regression,eef_xyz,mean_r2,0.9589245319366455
actual,action_boundary,6,test,regression,robot_joint_pos,mean_r2,0.9481043815612793
actual,action_boundary,6,test,regression,gripper_width,mean_r2,0.8380601406097412
actual,action_boundary,6,test,regression,target_to_eef_xyz,mean_r2,0.8194615840911865
actual,action_boundary,6,test,regression,alternative_to_eef_xyz,mean_r2,0.9502463340759277
actual,action_boundary,6,test,regression,target_to_basket_xyz,mean_r2,0.9419662356376648
actual,action_boundary,6,test,regression,eef_target_distance,mean_r2,0.867329478263855
actual,action_boundary,6,test,regression,eef_alternative_distance,mean_r2,0.9350386261940002
actual,action_boundary,6,test,regression,target_basket_distance,mean_r2,0.9429755806922913
actual,action_boundary,6,test,regression,target_displacement_xyz,mean_r2,0.911525547504425
actual,action_boundary,6,test,regression,target_speed_per_action_step,mean_r2,0.7645008563995361
actual,action_boundary,6,test,regression,normalized_action_progress,mean_r2,0.7028946876525879
actual,action_boundary,6,test,regression,raw_action,mean_r2,0.34596163034439087
actual,action_boundary,6,test,binary,target_grasped,auc,0.9542328235896685
actual,action_boundary,6,test,binary,target_moved,auc,0.9990102025277905
actual,action_boundary,6,test,binary,target_lifted,auc,0.9974981604120677
actual,action_boundary,6,test,binary,near_target,auc,0.9728018186246651
actual,action_boundary,6,test,binary,near_basket,auc,0.9307170542635659
actual,action_boundary,6,test,phase,phase_coarse,macro_f1,0.8717711314726241
actual,action_boundary,7,valid,regression,object_a_xyz,mean_r2,0.9095119833946228
actual,action_boundary,7,valid,regression,object_b_xyz,mean_r2,0.8937671780586243
actual,action_boundary,7,valid,regression,target_xyz,mean_r2,0.9012575149536133
actual,action_boundary,7,valid,regression,alternative_xyz,mean_r2,0.9803671836853027
actual,action_boundary,7,valid,regression,eef_xyz,mean_r2,0.9517855644226074
actual,action_boundary,7,valid,regression,robot_joint_pos,mean_r2,0.948506772518158
actual,action_boundary,7,valid,regression,gripper_width,mean_r2,0.6835759282112122
actual,action_boundary,7,valid,regression,target_to_eef_xyz,mean_r2,0.855417788028717
actual,action_boundary,7,valid,regression,alternative_to_eef_xyz,mean_r2,0.9405125975608826
actual,action_boundary,7,valid,regression,target_to_basket_xyz,mean_r2,0.8922207951545715
actual,action_boundary,7,valid,regression,eef_target_distance,mean_r2,0.897713303565979
actual,action_boundary,7,valid,regression,eef_alternative_distance,mean_r2,0.9221932291984558
actual,action_boundary,7,valid,regression,target_basket_distance,mean_r2,0.9530680179595947
actual,action_boundary,7,valid,regression,target_displacement_xyz,mean_r2,0.8553035855293274
actual,action_boundary,7,valid,regression,target_speed_per_action_step,mean_r2,0.8436613082885742
actual,action_boundary,7,valid,regression,normalized_action_progress,mean_r2,0.6181020140647888
actual,action_boundary,7,valid,regression,raw_action,mean_r2,0.42767027020454407
actual,action_boundary,7,valid,binary,target_grasped,auc,0.9916733708769107
actual,action_boundary,7,valid,binary,target_moved,auc,0.9930696416497633
actual,action_boundary,7,valid,binary,target_lifted,auc,0.9989449764648596
actual,action_boundary,7,valid,binary,near_target,auc,0.9981981981981982
actual,action_boundary,7,valid,binary,near_basket,auc,0.9942632850241545
actual,action_boundary,7,valid,phase,phase_coarse,macro_f1,0.932099946836789
actual,action_boundary,7,test,regression,object_a_xyz,mean_r2,0.9405083656311035
actual,action_boundary,7,test,regression,object_b_xyz,mean_r2,0.922360897064209
actual,action_boundary,7,test,regression,target_xyz,mean_r2,0.9468902945518494
actual,action_boundary,7,test,regression,alternative_xyz,mean_r2,0.9748230576515198
actual,action_boundary,7,test,regression,eef_xyz,mean_r2,0.9510024189949036
actual,action_boundary,7,test,regression,robot_joint_pos,mean_r2,0.9446129202842712
actual,action_boundary,7,test,regression,gripper_width,mean_r2,0.7921805381774902
actual,action_boundary,7,test,regression,target_to_eef_xyz,mean_r2,0.8569636344909668
actual,action_boundary,7,test,regression,alternative_to_eef_xyz,mean_r2,0.9447348117828369
actual,action_boundary,7,test,regression,target_to_basket_xyz,mean_r2,0.939727783203125
actual,action_boundary,7,test,regression,eef_target_distance,mean_r2,0.8945280313491821
actual,action_boundary,7,test,regression,eef_alternative_distance,mean_r2,0.9204664826393127
actual,action_boundary,7,test,regression,target_basket_distance,mean_r2,0.9617144465446472
actual,action_boundary,7,test,regression,target_displacement_xyz,mean_r2,0.922454297542572
actual,action_boundary,7,test,regression,target_speed_per_action_step,mean_r2,0.7622470259666443
actual,action_boundary,7,test,regression,normalized_action_progress,mean_r2,0.7286680936813354
actual,action_boundary,7,test,regression,raw_action,mean_r2,0.27202796936035156
actual,action_boundary,7,test,binary,target_grasped,auc,0.9565742298968318
actual,action_boundary,7,test,binary,target_moved,auc,0.9995812395309883
actual,action_boundary,7,test,binary,target_lifted,auc,0.9992641648270787
actual,action_boundary,7,test,binary,near_target,auc,0.9801899813266217
actual,action_boundary,7,test,binary,near_basket,auc,0.9534076227390181
actual,action_boundary,7,test,phase,phase_coarse,macro_f1,0.8520476794911076
actual,action_boundary,8,valid,regression,object_a_xyz,mean_r2,0.9193674921989441
actual,action_boundary,8,valid,regression,object_b_xyz,mean_r2,0.8929131031036377
actual,action_boundary,8,valid,regression,target_xyz,mean_r2,0.9027503132820129
actual,action_boundary,8,valid,regression,alternative_xyz,mean_r2,0.9752121567726135
actual,action_boundary,8,valid,regression,eef_xyz,mean_r2,0.9521770477294922
actual,action_boundary,8,valid,regression,robot_joint_pos,mean_r2,0.9397571682929993
actual,action_boundary,8,valid,regression,gripper_width,mean_r2,0.7310136556625366
actual,action_boundary,8,valid,regression,target_to_eef_xyz,mean_r2,0.8655917644500732
actual,action_boundary,8,valid,regression,alternative_to_eef_xyz,mean_r2,0.9310746788978577
actual,action_boundary,8,valid,regression,target_to_basket_xyz,mean_r2,0.8731961250305176
actual,action_boundary,8,valid,regression,eef_target_distance,mean_r2,0.8928605914115906
actual,action_boundary,8,valid,regression,eef_alternative_distance,mean_r2,0.9276201725006104
actual,action_boundary,8,valid,regression,target_basket_distance,mean_r2,0.9555097818374634
actual,action_boundary,8,valid,regression,target_displacement_xyz,mean_r2,0.8726282715797424
actual,action_boundary,8,valid,regression,target_speed_per_action_step,mean_r2,0.8004230856895447
actual,action_boundary,8,valid,regression,normalized_action_progress,mean_r2,0.6279606223106384
actual,action_boundary,8,valid,regression,raw_action,mean_r2,0.45459476113319397
actual,action_boundary,8,valid,binary,target_grasped,auc,0.9915526950925181
actual,action_boundary,8,valid,binary,target_moved,auc,0.995605138607167
actual,action_boundary,8,valid,binary,target_lifted,auc,0.9985391981821133
actual,action_boundary,8,valid,binary,near_target,auc,0.9986486486486487
actual,action_boundary,8,valid,binary,near_basket,auc,0.9933574879227053
actual,action_boundary,8,valid,phase,phase_coarse,macro_f1,0.9295994933432462
actual,action_boundary,8,test,regression,object_a_xyz,mean_r2,0.9441123008728027
actual,action_boundary,8,test,regression,object_b_xyz,mean_r2,0.9525435566902161
actual,action_boundary,8,test,regression,target_xyz,mean_r2,0.9455145001411438
actual,action_boundary,8,test,regression,alternative_xyz,mean_r2,0.9709610342979431
actual,action_boundary,8,test,regression,eef_xyz,mean_r2,0.9577857851982117
actual,action_boundary,8,test,regression,robot_joint_pos,mean_r2,0.9387833476066589
actual,action_boundary,8,test,regression,gripper_width,mean_r2,0.9164696931838989
actual,action_boundary,8,test,regression,target_to_eef_xyz,mean_r2,0.8542471528053284
actual,action_boundary,8,test,regression,alternative_to_eef_xyz,mean_r2,0.9486308097839355
actual,action_boundary,8,test,regression,target_to_basket_xyz,mean_r2,0.9432156682014465
actual,action_boundary,8,test,regression,eef_target_distance,mean_r2,0.8911166191101074
actual,action_boundary,8,test,regression,eef_alternative_distance,mean_r2,0.8785681128501892
actual,action_boundary,8,test,regression,target_basket_distance,mean_r2,0.9532574415206909
actual,action_boundary,8,test,regression,target_displacement_xyz,mean_r2,0.9286653399467468
actual,action_boundary,8,test,regression,target_speed_per_action_step,mean_r2,0.7796343564987183
actual,action_boundary,8,test,regression,normalized_action_progress,mean_r2,0.7302775382995605
actual,action_boundary,8,test,regression,raw_action,mean_r2,0.22657069563865662
actual,action_boundary,8,test,binary,target_grasped,auc,0.954397453720641
actual,action_boundary,8,test,binary,target_moved,auc,0.9995051012638952
actual,action_boundary,8,test,binary,target_lifted,auc,0.999411331861663
actual,action_boundary,8,test,binary,near_target,auc,0.9716651782089795
actual,action_boundary,8,test,binary,near_basket,auc,0.9554263565891473
actual,action_boundary,8,test,phase,phase_coarse,macro_f1,0.9062952282706956
actual,action_boundary,9,valid,regression,object_a_xyz,mean_r2,0.9260537028312683
actual,action_boundary,9,valid,regression,object_b_xyz,mean_r2,0.8984261155128479
actual,action_boundary,9,valid,regression,target_xyz,mean_r2,0.9077547192573547
actual,action_boundary,9,valid,regression,alternative_xyz,mean_r2,0.9732926487922668
actual,action_boundary,9,valid,regression,eef_xyz,mean_r2,0.9413846135139465
actual,action_boundary,9,valid,regression,robot_joint_pos,mean_r2,0.9378365874290466
actual,action_boundary,9,valid,regression,gripper_width,mean_r2,0.7884572744369507
actual,action_boundary,9,valid,regression,target_to_eef_xyz,mean_r2,0.8609302043914795
actual,action_boundary,9,valid,regression,alternative_to_eef_xyz,mean_r2,0.9237315058708191
actual,action_boundary,9,valid,regression,target_to_basket_xyz,mean_r2,0.9059631824493408
actual,action_boundary,9,valid,regression,eef_target_distance,mean_r2,0.8944786190986633
actual,action_boundary,9,valid,regression,eef_alternative_distance,mean_r2,0.9410682320594788
actual,action_boundary,9,valid,regression,target_basket_distance,mean_r2,0.9506620764732361
actual,action_boundary,9,valid,regression,target_displacement_xyz,mean_r2,0.8688063621520996
actual,action_boundary,9,valid,regression,target_speed_per_action_step,mean_r2,0.8051712512969971
actual,action_boundary,9,valid,regression,normalized_action_progress,mean_r2,0.6649054288864136
actual,action_boundary,9,valid,regression,raw_action,mean_r2,0.4912795424461365
actual,action_boundary,9,valid,binary,target_grasped,auc,0.9957361222847948
actual,action_boundary,9,valid,binary,target_moved,auc,0.9834347532116294
actual,action_boundary,9,valid,binary,target_lifted,auc,0.9991072877779581
actual,action_boundary,9,valid,binary,near_target,auc,0.999009009009009
actual,action_boundary,9,valid,binary,near_basket,auc,0.9938103864734299
actual,action_boundary,9,valid,phase,phase_coarse,macro_f1,0.9053626934758178
actual,action_boundary,9,test,regression,object_a_xyz,mean_r2,0.9503112435340881
actual,action_boundary,9,test,regression,object_b_xyz,mean_r2,0.9469665884971619
actual,action_boundary,9,test,regression,target_xyz,mean_r2,0.9497873783111572
actual,action_boundary,9,test,regression,alternative_xyz,mean_r2,0.9714832305908203
actual,action_boundary,9,test,regression,eef_xyz,mean_r2,0.9475879669189453
actual,action_boundary,9,test,regression,robot_joint_pos,mean_r2,0.9265702366828918
actual,action_boundary,9,test,regression,gripper_width,mean_r2,0.8280882835388184
actual,action_boundary,9,test,regression,target_to_eef_xyz,mean_r2,0.8677265048027039
actual,action_boundary,9,test,regression,alternative_to_eef_xyz,mean_r2,0.9343355298042297
actual,action_boundary,9,test,regression,target_to_basket_xyz,mean_r2,0.9488825798034668
actual,action_boundary,9,test,regression,eef_target_distance,mean_r2,0.9009898900985718
actual,action_boundary,9,test,regression,eef_alternative_distance,mean_r2,0.9418891668319702
actual,action_boundary,9,test,regression,target_basket_distance,mean_r2,0.958332359790802
actual,action_boundary,9,test,regression,target_displacement_xyz,mean_r2,0.932427704334259
actual,action_boundary,9,test,regression,target_speed_per_action_step,mean_r2,0.7894638180732727
actual,action_boundary,9,test,regression,normalized_action_progress,mean_r2,0.7224761247634888
actual,action_boundary,9,test,regression,raw_action,mean_r2,0.3157028555870056
actual,action_boundary,9,test,binary,target_grasped,auc,0.9518182483354064
actual,action_boundary,9,test,binary,target_moved,auc,0.9989340642606974
actual,action_boundary,9,test,binary,target_lifted,auc,0.999963208241354
actual,action_boundary,9,test,binary,near_target,auc,0.975196882357717
actual,action_boundary,9,test,binary,near_basket,auc,0.9866763565891473
actual,action_boundary,9,test,phase,phase_coarse,macro_f1,0.8731016486474504
actual,action_boundary,10,valid,regression,object_a_xyz,mean_r2,0.9312062859535217
actual,action_boundary,10,valid,regression,object_b_xyz,mean_r2,0.9002206921577454
actual,action_boundary,10,valid,regression,target_xyz,mean_r2,0.9226465821266174
actual,action_boundary,10,valid,regression,alternative_xyz,mean_r2,0.9587461352348328
actual,action_boundary,10,valid,regression,eef_xyz,mean_r2,0.9449334144592285
actual,action_boundary,10,valid,regression,robot_joint_pos,mean_r2,0.9306308031082153
actual,action_boundary,10,valid,regression,gripper_width,mean_r2,0.7832831144332886
actual,action_boundary,10,valid,regression,target_to_eef_xyz,mean_r2,0.8248955607414246
actual,action_boundary,10,valid,regression,alternative_to_eef_xyz,mean_r2,0.9342145919799805
actual,action_boundary,10,valid,regression,target_to_basket_xyz,mean_r2,0.8969407081604004
actual,action_boundary,10,valid,regression,eef_target_distance,mean_r2,0.8830360770225525
actual,action_boundary,10,valid,regression,eef_alternative_distance,mean_r2,0.9268288612365723
actual,action_boundary,10,valid,regression,target_basket_distance,mean_r2,0.9230213761329651
actual,action_boundary,10,valid,regression,target_displacement_xyz,mean_r2,0.8763546943664551
actual,action_boundary,10,valid,regression,target_speed_per_action_step,mean_r2,0.8150376677513123
actual,action_boundary,10,valid,regression,normalized_action_progress,mean_r2,0.7008178234100342
actual,action_boundary,10,valid,regression,raw_action,mean_r2,0.4519074261188507
actual,action_boundary,10,valid,binary,target_grasped,auc,0.9938857602574417
actual,action_boundary,10,valid,binary,target_moved,auc,0.9859702501690332
actual,action_boundary,10,valid,binary,target_lifted,auc,1.0
actual,action_boundary,10,valid,binary,near_target,auc,0.9983783783783784
actual,action_boundary,10,valid,binary,near_basket,auc,0.9948671497584541
actual,action_boundary,10,valid,phase,phase_coarse,macro_f1,0.8979328044748606
actual,action_boundary,10,test,regression,object_a_xyz,mean_r2,0.9429205060005188
actual,action_boundary,10,test,regression,object_b_xyz,mean_r2,0.9395868182182312
actual,action_boundary,10,test,regression,target_xyz,mean_r2,0.9516422748565674
actual,action_boundary,10,test,regression,alternative_xyz,mean_r2,0.9568670392036438
actual,action_boundary,10,test,regression,eef_xyz,mean_r2,0.9395753741264343
actual,action_boundary,10,test,regression,robot_joint_pos,mean_r2,0.9210834503173828
actual,action_boundary,10,test,regression,gripper_width,mean_r2,0.8709022998809814
actual,action_boundary,10,test,regression,target_to_eef_xyz,mean_r2,0.827143132686615
actual,action_boundary,10,test,regression,alternative_to_eef_xyz,mean_r2,0.9208151698112488
actual,action_boundary,10,test,regression,target_to_basket_xyz,mean_r2,0.9442192912101746
actual,action_boundary,10,test,regression,eef_target_distance,mean_r2,0.8701139092445374
actual,action_boundary,10,test,regression,eef_alternative_distance,mean_r2,0.9054809808731079
actual,action_boundary,10,test,regression,target_basket_distance,mean_r2,0.9341073632240295
actual,action_boundary,10,test,regression,target_displacement_xyz,mean_r2,0.9302964806556702
actual,action_boundary,10,test,regression,target_speed_per_action_step,mean_r2,0.7190408706665039
actual,action_boundary,10,test,regression,normalized_action_progress,mean_r2,0.7232744097709656
actual,action_boundary,10,test,regression,raw_action,mean_r2,0.30533596873283386
actual,action_boundary,10,test,binary,target_grasped,auc,0.9745006219360504
actual,action_boundary,10,test,binary,target_moved,auc,0.9985533729252323
actual,action_boundary,10,test,binary,target_lifted,auc,0.9998528329654157
actual,action_boundary,10,test,binary,near_target,auc,0.9716245839084192
actual,action_boundary,10,test,binary,near_basket,auc,0.9957202842377261
actual,action_boundary,10,test,phase,phase_coarse,macro_f1,0.8805195872898426
actual,action_boundary,11,valid,regression,object_a_xyz,mean_r2,0.9340786933898926
actual,action_boundary,11,valid,regression,object_b_xyz,mean_r2,0.9186446666717529
actual,action_boundary,11,valid,regression,target_xyz,mean_r2,0.9187754988670349
actual,action_boundary,11,valid,regression,alternative_xyz,mean_r2,0.9558897018432617
actual,action_boundary,11,valid,regression,eef_xyz,mean_r2,0.9514021277427673
actual,action_boundary,11,valid,regression,robot_joint_pos,mean_r2,0.9444959759712219
actual,action_boundary,11,valid,regression,gripper_width,mean_r2,0.8381962776184082
actual,action_boundary,11,valid,regression,target_to_eef_xyz,mean_r2,0.893376886844635
actual,action_boundary,11,valid,regression,alternative_to_eef_xyz,mean_r2,0.9293923377990723
actual,action_boundary,11,valid,regression,target_to_basket_xyz,mean_r2,0.9221301078796387
actual,action_boundary,11,valid,regression,eef_target_distance,mean_r2,0.9217235445976257
actual,action_boundary,11,valid,regression,eef_alternative_distance,mean_r2,0.9560130834579468
actual,action_boundary,11,valid,regression,target_basket_distance,mean_r2,0.944996178150177
actual,action_boundary,11,valid,regression,target_displacement_xyz,mean_r2,0.9046297669410706
actual,action_boundary,11,valid,regression,target_speed_per_action_step,mean_r2,0.8330541849136353
actual,action_boundary,11,valid,regression,normalized_action_progress,mean_r2,0.7287774682044983
actual,action_boundary,11,valid,regression,raw_action,mean_r2,0.44615858793258667
actual,action_boundary,11,valid,binary,target_grasped,auc,0.9944489139179404
actual,action_boundary,11,valid,binary,target_moved,auc,0.9918018931710615
actual,action_boundary,11,valid,binary,target_lifted,auc,0.9998376886869015
actual,action_boundary,11,valid,binary,near_target,auc,0.9996396396396396
actual,action_boundary,11,valid,binary,near_basket,auc,0.9924516908212561
actual,action_boundary,11,valid,phase,phase_coarse,macro_f1,0.9566235748318057
actual,action_boundary,11,test,regression,object_a_xyz,mean_r2,0.9415460228919983
actual,action_boundary,11,test,regression,object_b_xyz,mean_r2,0.9462558627128601
actual,action_boundary,11,test,regression,target_xyz,mean_r2,0.9504609107971191
actual,action_boundary,11,test,regression,alternative_xyz,mean_r2,0.9627941250801086
actual,action_boundary,11,test,regression,eef_xyz,mean_r2,0.9302935004234314
actual,action_boundary,11,test,regression,robot_joint_pos,mean_r2,0.9167888760566711
actual,action_boundary,11,test,regression,gripper_width,mean_r2,0.9012576937675476
actual,action_boundary,11,test,regression,target_to_eef_xyz,mean_r2,0.8431625962257385
actual,action_boundary,11,test,regression,alternative_to_eef_xyz,mean_r2,0.9322750568389893
actual,action_boundary,11,test,regression,target_to_basket_xyz,mean_r2,0.9400030970573425
actual,action_boundary,11,test,regression,eef_target_distance,mean_r2,0.9204696416854858
actual,action_boundary,11,test,regression,eef_alternative_distance,mean_r2,0.8767382502555847
actual,action_boundary,11,test,regression,target_basket_distance,mean_r2,0.9500085115432739
actual,action_boundary,11,test,regression,target_displacement_xyz,mean_r2,0.9361667633056641
actual,action_boundary,11,test,regression,target_speed_per_action_step,mean_r2,0.7697866559028625
actual,action_boundary,11,test,regression,normalized_action_progress,mean_r2,0.7886052131652832
actual,action_boundary,11,test,regression,raw_action,mean_r2,0.2393762767314911
actual,action_boundary,11,test,binary,target_grasped,auc,0.9635252798712226
actual,action_boundary,11,test,binary,target_moved,auc,0.9997715851987209
actual,action_boundary,11,test,binary,target_lifted,auc,0.999963208241354
actual,action_boundary,11,test,binary,near_target,auc,0.9815295932451084
actual,action_boundary,11,test,binary,near_basket,auc,0.9888565891472868
actual,action_boundary,11,test,phase,phase_coarse,macro_f1,0.9380554570877151
actual,action_boundary,12,valid,regression,object_a_xyz,mean_r2,0.9222247004508972
actual,action_boundary,12,valid,regression,object_b_xyz,mean_r2,0.9068489074707031
actual,action_boundary,12,valid,regression,target_xyz,mean_r2,0.9201824069023132
actual,action_boundary,12,valid,regression,alternative_xyz,mean_r2,0.9549412131309509
actual,action_boundary,12,valid,regression,eef_xyz,mean_r2,0.93582683801651
actual,action_boundary,12,valid,regression,robot_joint_pos,mean_r2,0.9357134699821472
actual,action_boundary,12,valid,regression,gripper_width,mean_r2,0.8247232437133789
actual,action_boundary,12,valid,regression,target_to_eef_xyz,mean_r2,0.8709432482719421
actual,action_boundary,12,valid,regression,alternative_to_eef_xyz,mean_r2,0.9315226674079895
actual,action_boundary,12,valid,regression,target_to_basket_xyz,mean_r2,0.9282874464988708
actual,action_boundary,12,valid,regression,eef_target_distance,mean_r2,0.9207421541213989
actual,action_boundary,12,valid,regression,eef_alternative_distance,mean_r2,0.9266666173934937
actual,action_boundary,12,valid,regression,target_basket_distance,mean_r2,0.9547086954116821
actual,action_boundary,12,valid,regression,target_displacement_xyz,mean_r2,0.9020479321479797
actual,action_boundary,12,valid,regression,target_speed_per_action_step,mean_r2,0.8367328643798828
actual,action_boundary,12,valid,regression,normalized_action_progress,mean_r2,0.7532633543014526
actual,action_boundary,12,valid,regression,raw_action,mean_r2,0.44185489416122437
actual,action_boundary,12,valid,binary,target_grasped,auc,0.9974255832662913
actual,action_boundary,12,valid,binary,target_moved,auc,0.9978025693035835
actual,action_boundary,12,valid,binary,target_lifted,auc,1.0
actual,action_boundary,12,valid,binary,near_target,auc,0.9998198198198198
actual,action_boundary,12,valid,binary,near_basket,auc,0.9933574879227053
actual,action_boundary,12,valid,phase,phase_coarse,macro_f1,0.9565716092031882
actual,action_boundary,12,test,regression,object_a_xyz,mean_r2,0.9368141293525696
actual,action_boundary,12,test,regression,object_b_xyz,mean_r2,0.9226493835449219
actual,action_boundary,12,test,regression,target_xyz,mean_r2,0.9344379305839539
actual,action_boundary,12,test,regression,alternative_xyz,mean_r2,0.9534769058227539
actual,action_boundary,12,test,regression,eef_xyz,mean_r2,0.9287145733833313
actual,action_boundary,12,test,regression,robot_joint_pos,mean_r2,0.9093793630599976
actual,action_boundary,12,test,regression,gripper_width,mean_r2,0.8345947265625
actual,action_boundary,12,test,regression,target_to_eef_xyz,mean_r2,0.8783076405525208
actual,action_boundary,12,test,regression,alternative_to_eef_xyz,mean_r2,0.9327163100242615
actual,action_boundary,12,test,regression,target_to_basket_xyz,mean_r2,0.9521556496620178
actual,action_boundary,12,test,regression,eef_target_distance,mean_r2,0.8927671909332275
actual,action_boundary,12,test,regression,eef_alternative_distance,mean_r2,0.9057043790817261
actual,action_boundary,12,test,regression,target_basket_distance,mean_r2,0.9561300277709961
actual,action_boundary,12,test,regression,target_displacement_xyz,mean_r2,0.9356033802032471
actual,action_boundary,12,test,regression,target_speed_per_action_step,mean_r2,0.751287043094635
actual,action_boundary,12,test,regression,normalized_action_progress,mean_r2,0.7753912806510925
actual,action_boundary,12,test,regression,raw_action,mean_r2,0.11474311351776123
actual,action_boundary,12,test,binary,target_grasped,auc,0.9704031608985146
actual,action_boundary,12,test,binary,target_moved,auc,0.9996573777980813
actual,action_boundary,12,test,binary,target_lifted,auc,0.9999264164827079
actual,action_boundary,12,test,binary,near_target,auc,0.9893642932532273
actual,action_boundary,12,test,binary,near_basket,auc,0.9981427648578811
actual,action_boundary,12,test,phase,phase_coarse,macro_f1,0.9081186604658938
actual,action_boundary,13,valid,regression,object_a_xyz,mean_r2,0.9165129661560059
actual,action_boundary,13,valid,regression,object_b_xyz,mean_r2,0.9137945175170898
actual,action_boundary,13,valid,regression,target_xyz,mean_r2,0.9249322414398193
actual,action_boundary,13,valid,regression,alternative_xyz,mean_r2,0.9524480700492859
actual,action_boundary,13,valid,regression,eef_xyz,mean_r2,0.9397032856941223
actual,action_boundary,13,valid,regression,robot_joint_pos,mean_r2,0.9295561909675598
actual,action_boundary,13,valid,regression,gripper_width,mean_r2,0.8541402220726013
actual,action_boundary,13,valid,regression,target_to_eef_xyz,mean_r2,0.8992144465446472
actual,action_boundary,13,valid,regression,alternative_to_eef_xyz,mean_r2,0.9234463572502136
actual,action_boundary,13,valid,regression,target_to_basket_xyz,mean_r2,0.9212238192558289
actual,action_boundary,13,valid,regression,eef_target_distance,mean_r2,0.9152057766914368
actual,action_boundary,13,valid,regression,eef_alternative_distance,mean_r2,0.9140089750289917
actual,action_boundary,13,valid,regression,target_basket_distance,mean_r2,0.9445865154266357
actual,action_boundary,13,valid,regression,target_displacement_xyz,mean_r2,0.8893222212791443
actual,action_boundary,13,valid,regression,target_speed_per_action_step,mean_r2,0.8612575531005859
actual,action_boundary,13,valid,regression,normalized_action_progress,mean_r2,0.6577826142311096
actual,action_boundary,13,valid,regression,raw_action,mean_r2,0.40830475091934204
actual,action_boundary,13,valid,binary,target_grasped,auc,0.997184231697506
actual,action_boundary,13,valid,binary,target_moved,auc,0.9984787018255578
actual,action_boundary,13,valid,binary,target_lifted,auc,0.9999188443434507
actual,action_boundary,13,valid,binary,near_target,auc,0.9990990990990991
actual,action_boundary,13,valid,binary,near_basket,auc,0.9927536231884058
actual,action_boundary,13,valid,phase,phase_coarse,macro_f1,0.966313121437934
actual,action_boundary,13,test,regression,object_a_xyz,mean_r2,0.9461966156959534
actual,action_boundary,13,test,regression,object_b_xyz,mean_r2,0.921553373336792
actual,action_boundary,13,test,regression,target_xyz,mean_r2,0.9331935048103333
actual,action_boundary,13,test,regression,alternative_xyz,mean_r2,0.9509302973747253
actual,action_boundary,13,test,regression,eef_xyz,mean_r2,0.9329013824462891
actual,action_boundary,13,test,regression,robot_joint_pos,mean_r2,0.9060145020484924
actual,action_boundary,13,test,regression,gripper_width,mean_r2,0.8671826124191284
actual,action_boundary,13,test,regression,target_to_eef_xyz,mean_r2,0.8652516007423401
actual,action_boundary,13,test,regression,alternative_to_eef_xyz,mean_r2,0.9339151382446289
actual,action_boundary,13,test,regression,target_to_basket_xyz,mean_r2,0.935462474822998
actual,action_boundary,13,test,regression,eef_target_distance,mean_r2,0.9074176549911499
actual,action_boundary,13,test,regression,eef_alternative_distance,mean_r2,0.9058345556259155
actual,action_boundary,13,test,regression,target_basket_distance,mean_r2,0.9584164619445801
actual,action_boundary,13,test,regression,target_displacement_xyz,mean_r2,0.936086118221283
actual,action_boundary,13,test,regression,target_speed_per_action_step,mean_r2,0.7694717645645142
actual,action_boundary,13,test,regression,normalized_action_progress,mean_r2,0.7291774749755859
actual,action_boundary,13,test,regression,raw_action,mean_r2,0.16022644937038422
actual,action_boundary,13,test,binary,target_grasped,auc,0.9847442745298896
actual,action_boundary,13,test,binary,target_moved,auc,0.9996573777980813
actual,action_boundary,13,test,binary,target_lifted,auc,1.0
actual,action_boundary,13,test,binary,near_target,auc,0.9875984411788584
actual,action_boundary,13,test,binary,near_basket,auc,0.9983850129198967
actual,action_boundary,13,test,phase,phase_coarse,macro_f1,0.9386799616516136
actual,action_boundary,14,valid,regression,object_a_xyz,mean_r2,0.9048358798027039
actual,action_boundary,14,valid,regression,object_b_xyz,mean_r2,0.8988022804260254
actual,action_boundary,14,valid,regression,target_xyz,mean_r2,0.9277846217155457
actual,action_boundary,14,valid,regression,alternative_xyz,mean_r2,0.9486330151557922
actual,action_boundary,14,valid,regression,eef_xyz,mean_r2,0.9337274432182312
actual,action_boundary,14,valid,regression,robot_joint_pos,mean_r2,0.92536461353302
actual,action_boundary,14,valid,regression,gripper_width,mean_r2,0.7756726145744324
actual,action_boundary,14,valid,regression,target_to_eef_xyz,mean_r2,0.8977373242378235
actual,action_boundary,14,valid,regression,alternative_to_eef_xyz,mean_r2,0.9077758193016052
actual,action_boundary,14,valid,regression,target_to_basket_xyz,mean_r2,0.9200194478034973
actual,action_boundary,14,valid,regression,eef_target_distance,mean_r2,0.9310592412948608
actual,action_boundary,14,valid,regression,eef_alternative_distance,mean_r2,0.9240612387657166
actual,action_boundary,14,valid,regression,target_basket_distance,mean_r2,0.9461541175842285
actual,action_boundary,14,valid,regression,target_displacement_xyz,mean_r2,0.8864855170249939
actual,action_boundary,14,valid,regression,target_speed_per_action_step,mean_r2,0.8383063673973083
actual,action_boundary,14,valid,regression,normalized_action_progress,mean_r2,0.6853501796722412
actual,action_boundary,14,valid,regression,raw_action,mean_r2,0.4249146282672882
actual,action_boundary,14,valid,binary,target_grasped,auc,0.9965406275140788
actual,action_boundary,14,valid,binary,target_moved,auc,0.9949290060851927
actual,action_boundary,14,valid,binary,target_lifted,auc,0.9999188443434507
actual,action_boundary,14,valid,binary,near_target,auc,0.9992792792792793
actual,action_boundary,14,valid,binary,near_basket,auc,0.9923007246376812
actual,action_boundary,14,valid,phase,phase_coarse,macro_f1,0.9737882081703465
actual,action_boundary,14,test,regression,object_a_xyz,mean_r2,0.9323280453681946
actual,action_boundary,14,test,regression,object_b_xyz,mean_r2,0.9323754906654358
actual,action_boundary,14,test,regression,target_xyz,mean_r2,0.9345282912254333
actual,action_boundary,14,test,regression,alternative_xyz,mean_r2,0.9418391585350037
actual,action_boundary,14,test,regression,eef_xyz,mean_r2,0.9148759841918945
actual,action_boundary,14,test,regression,robot_joint_pos,mean_r2,0.9081738591194153
actual,action_boundary,14,test,regression,gripper_width,mean_r2,0.8732044100761414
actual,action_boundary,14,test,regression,target_to_eef_xyz,mean_r2,0.875422477722168
actual,action_boundary,14,test,regression,alternative_to_eef_xyz,mean_r2,0.9147036671638489
actual,action_boundary,14,test,regression,target_to_basket_xyz,mean_r2,0.940176784992218
actual,action_boundary,14,test,regression,eef_target_distance,mean_r2,0.915342390537262
actual,action_boundary,14,test,regression,eef_alternative_distance,mean_r2,0.9115123748779297
actual,action_boundary,14,test,regression,target_basket_distance,mean_r2,0.9583442211151123
actual,action_boundary,14,test,regression,target_displacement_xyz,mean_r2,0.9243739247322083
actual,action_boundary,14,test,regression,target_speed_per_action_step,mean_r2,0.807610273361206
actual,action_boundary,14,test,regression,normalized_action_progress,mean_r2,0.7335624694824219
actual,action_boundary,14,test,regression,raw_action,mean_r2,0.16835489869117737
actual,action_boundary,14,test,binary,target_grasped,auc,0.9866100826809102
actual,action_boundary,14,test,binary,target_moved,auc,0.9996573777980813
actual,action_boundary,14,test,binary,target_lifted,auc,0.999963208241354
actual,action_boundary,14,test,binary,near_target,auc,0.9937078834131688
actual,action_boundary,14,test,binary,near_basket,auc,0.9967700258397932
actual,action_boundary,14,test,phase,phase_coarse,macro_f1,0.9021211065364557
actual,action_boundary,15,valid,regression,object_a_xyz,mean_r2,0.9058759212493896
actual,action_boundary,15,valid,regression,object_b_xyz,mean_r2,0.8919569849967957
actual,action_boundary,15,valid,regression,target_xyz,mean_r2,0.9078629612922668
actual,action_boundary,15,valid,regression,alternative_xyz,mean_r2,0.9409405589103699
actual,action_boundary,15,valid,regression,eef_xyz,mean_r2,0.9150198101997375
actual,action_boundary,15,valid,regression,robot_joint_pos,mean_r2,0.9115848541259766
actual,action_boundary,15,valid,regression,gripper_width,mean_r2,0.7611888647079468
actual,action_boundary,15,valid,regression,target_to_eef_xyz,mean_r2,0.8547976613044739
actual,action_boundary,15,valid,regression,alternative_to_eef_xyz,mean_r2,0.9133080840110779
actual,action_boundary,15,valid,regression,target_to_basket_xyz,mean_r2,0.903964102268219
actual,action_boundary,15,valid,regression,eef_target_distance,mean_r2,0.9088536500930786
actual,action_boundary,15,valid,regression,eef_alternative_distance,mean_r2,0.8749009966850281
actual,action_boundary,15,valid,regression,target_basket_distance,mean_r2,0.9452537298202515
actual,action_boundary,15,valid,regression,target_displacement_xyz,mean_r2,0.8774285316467285
actual,action_boundary,15,valid,regression,target_speed_per_action_step,mean_r2,0.8511264324188232
actual,action_boundary,15,valid,regression,normalized_action_progress,mean_r2,0.6078262329101562
actual,action_boundary,15,valid,regression,raw_action,mean_r2,0.4352452754974365
actual,action_boundary,15,valid,binary,target_grasped,auc,0.9969428801287208
actual,action_boundary,15,valid,binary,target_moved,auc,0.9972954699121027
actual,action_boundary,15,valid,binary,target_lifted,auc,0.9999188443434507
actual,action_boundary,15,valid,binary,near_target,auc,0.9994594594594595
actual,action_boundary,15,valid,binary,near_basket,auc,0.9927536231884058
actual,action_boundary,15,valid,phase,phase_coarse,macro_f1,0.9669740938964405
actual,action_boundary,15,test,regression,object_a_xyz,mean_r2,0.9176027178764343
actual,action_boundary,15,test,regression,object_b_xyz,mean_r2,0.9150074124336243
actual,action_boundary,15,test,regression,target_xyz,mean_r2,0.9298453330993652
actual,action_boundary,15,test,regression,alternative_xyz,mean_r2,0.9333903193473816
actual,action_boundary,15,test,regression,eef_xyz,mean_r2,0.9124822020530701
actual,action_boundary,15,test,regression,robot_joint_pos,mean_r2,0.8855437636375427
actual,action_boundary,15,test,regression,gripper_width,mean_r2,0.873975396156311
actual,action_boundary,15,test,regression,target_to_eef_xyz,mean_r2,0.8635062575340271
actual,action_boundary,15,test,regression,alternative_to_eef_xyz,mean_r2,0.9008235931396484
actual,action_boundary,15,test,regression,target_to_basket_xyz,mean_r2,0.9224382042884827
actual,action_boundary,15,test,regression,eef_target_distance,mean_r2,0.9178849458694458
actual,action_boundary,15,test,regression,eef_alternative_distance,mean_r2,0.8655080795288086
actual,action_boundary,15,test,regression,target_basket_distance,mean_r2,0.9533757567405701
actual,action_boundary,15,test,regression,target_displacement_xyz,mean_r2,0.9152147173881531
actual,action_boundary,15,test,regression,target_speed_per_action_step,mean_r2,0.7520459890365601
actual,action_boundary,15,test,regression,normalized_action_progress,mean_r2,0.7845890522003174
actual,action_boundary,15,test,regression,raw_action,mean_r2,0.1842728704214096
actual,action_boundary,15,test,binary,target_grasped,auc,0.9871954342577011
actual,action_boundary,15,test,binary,target_moved,auc,0.9996954469316278
actual,action_boundary,15,test,binary,target_lifted,auc,0.999963208241354
actual,action_boundary,15,test,binary,near_target,auc,0.9894048875537874
actual,action_boundary,15,test,binary,near_basket,auc,0.9970122739018088
actual,action_boundary,15,test,phase,phase_coarse,macro_f1,0.8992776247321702
actual,action_boundary,16,valid,regression,object_a_xyz,mean_r2,0.8974209427833557
actual,action_boundary,16,valid,regression,object_b_xyz,mean_r2,0.8976263999938965
actual,action_boundary,16,valid,regression,target_xyz,mean_r2,0.9049637913703918
actual,action_boundary,16,valid,regression,alternative_xyz,mean_r2,0.9359481930732727
actual,action_boundary,16,valid,regression,eef_xyz,mean_r2,0.9115357398986816
actual,action_boundary,16,valid,regression,robot_joint_pos,mean_r2,0.9098848104476929
actual,action_boundary,16,valid,regression,gripper_width,mean_r2,0.767181396484375
actual,action_boundary,16,valid,regression,target_to_eef_xyz,mean_r2,0.8633915781974792
actual,action_boundary,16,valid,regression,alternative_to_eef_xyz,mean_r2,0.8851804137229919
actual,action_boundary,16,valid,regression,target_to_basket_xyz,mean_r2,0.9042248129844666
actual,action_boundary,16,valid,regression,eef_target_distance,mean_r2,0.8986709117889404
actual,action_boundary,16,valid,regression,eef_alternative_distance,mean_r2,0.9004763960838318
actual,action_boundary,16,valid,regression,target_basket_distance,mean_r2,0.9352043271064758
actual,action_boundary,16,valid,regression,target_displacement_xyz,mean_r2,0.8798847794532776
actual,action_boundary,16,valid,regression,target_speed_per_action_step,mean_r2,0.8629945516586304
actual,action_boundary,16,valid,regression,normalized_action_progress,mean_r2,0.6878312826156616
actual,action_boundary,16,valid,regression,raw_action,mean_r2,0.3949202001094818
actual,action_boundary,16,valid,binary,target_grasped,auc,0.9965406275140788
actual,action_boundary,16,valid,binary,target_moved,auc,0.9974645030425964
actual,action_boundary,16,valid,binary,target_lifted,auc,1.0
actual,action_boundary,16,valid,binary,near_target,auc,0.9995495495495496
actual,action_boundary,16,valid,binary,near_basket,auc,0.9927536231884058
actual,action_boundary,16,valid,phase,phase_coarse,macro_f1,0.9595100136710702
actual,action_boundary,16,test,regression,object_a_xyz,mean_r2,0.9118133187294006
actual,action_boundary,16,test,regression,object_b_xyz,mean_r2,0.9037647247314453
actual,action_boundary,16,test,regression,target_xyz,mean_r2,0.9260372519493103
actual,action_boundary,16,test,regression,alternative_xyz,mean_r2,0.92218017578125
actual,action_boundary,16,test,regression,eef_xyz,mean_r2,0.9124173521995544
actual,action_boundary,16,test,regression,robot_joint_pos,mean_r2,0.8825864195823669
actual,action_boundary,16,test,regression,gripper_width,mean_r2,0.80604487657547
actual,action_boundary,16,test,regression,target_to_eef_xyz,mean_r2,0.8359336853027344
actual,action_boundary,16,test,regression,alternative_to_eef_xyz,mean_r2,0.8992113471031189
actual,action_boundary,16,test,regression,target_to_basket_xyz,mean_r2,0.923682689666748
actual,action_boundary,16,test,regression,eef_target_distance,mean_r2,0.8745813965797424
actual,action_boundary,16,test,regression,eef_alternative_distance,mean_r2,0.8771501779556274
actual,action_boundary,16,test,regression,target_basket_distance,mean_r2,0.9079771637916565
actual,action_boundary,16,test,regression,target_displacement_xyz,mean_r2,0.9213303923606873
actual,action_boundary,16,test,regression,target_speed_per_action_step,mean_r2,0.710692822933197
actual,action_boundary,16,test,regression,normalized_action_progress,mean_r2,0.7855725288391113
actual,action_boundary,16,test,regression,raw_action,mean_r2,0.13485468924045563
actual,action_boundary,16,test,binary,target_grasped,auc,0.9914758176629839
actual,action_boundary,16,test,binary,target_moved,auc,0.9996573777980813
actual,action_boundary,16,test,binary,target_lifted,auc,0.9999264164827079
actual,action_boundary,16,test,binary,near_target,auc,0.9909068766745149
actual,action_boundary,16,test,binary,near_basket,auc,0.9959625322997416
actual,action_boundary,16,test,phase,phase_coarse,macro_f1,0.9082983000120478
actual,action_boundary,17,valid,regression,object_a_xyz,mean_r2,0.8840014338493347
actual,action_boundary,17,valid,regression,object_b_xyz,mean_r2,0.8792576193809509
actual,action_boundary,17,valid,regression,target_xyz,mean_r2,0.8984537124633789
actual,action_boundary,17,valid,regression,alternative_xyz,mean_r2,0.9305165410041809
actual,action_boundary,17,valid,regression,eef_xyz,mean_r2,0.9034449458122253
actual,action_boundary,17,valid,regression,robot_joint_pos,mean_r2,0.8909593224525452
actual,action_boundary,17,valid,regression,gripper_width,mean_r2,0.7251200675964355
actual,action_boundary,17,valid,regression,target_to_eef_xyz,mean_r2,0.8720786571502686
actual,action_boundary,17,valid,regression,alternative_to_eef_xyz,mean_r2,0.8793540596961975
actual,action_boundary,17,valid,regression,target_to_basket_xyz,mean_r2,0.9021798968315125
actual,action_boundary,17,valid,regression,eef_target_distance,mean_r2,0.9018919467926025
actual,action_boundary,17,valid,regression,eef_alternative_distance,mean_r2,0.8756601810455322
actual,action_boundary,17,valid,regression,target_basket_distance,mean_r2,0.9204121232032776
actual,action_boundary,17,valid,regression,target_displacement_xyz,mean_r2,0.8537508845329285
actual,action_boundary,17,valid,regression,target_speed_per_action_step,mean_r2,0.8377858400344849
actual,action_boundary,17,valid,regression,normalized_action_progress,mean_r2,0.7144447565078735
actual,action_boundary,17,valid,regression,raw_action,mean_r2,0.3786067068576813
actual,action_boundary,17,valid,binary,target_grasped,auc,0.9972646822204344
actual,action_boundary,17,valid,binary,target_moved,auc,0.992816091954023
actual,action_boundary,17,valid,binary,target_lifted,auc,1.0
actual,action_boundary,17,valid,binary,near_target,auc,0.9993693693693694
actual,action_boundary,17,valid,binary,near_basket,auc,0.9933574879227053
actual,action_boundary,17,valid,phase,phase_coarse,macro_f1,0.9595100136710702
actual,action_boundary,17,test,regression,object_a_xyz,mean_r2,0.9225055575370789
actual,action_boundary,17,test,regression,object_b_xyz,mean_r2,0.8907837867736816
actual,action_boundary,17,test,regression,target_xyz,mean_r2,0.9093611240386963
actual,action_boundary,17,test,regression,alternative_xyz,mean_r2,0.9094192385673523
actual,action_boundary,17,test,regression,eef_xyz,mean_r2,0.8881133198738098
actual,action_boundary,17,test,regression,robot_joint_pos,mean_r2,0.8796106576919556
actual,action_boundary,17,test,regression,gripper_width,mean_r2,0.8382672667503357
actual,action_boundary,17,test,regression,target_to_eef_xyz,mean_r2,0.8359872698783875
actual,action_boundary,17,test,regression,alternative_to_eef_xyz,mean_r2,0.8808881640434265
actual,action_boundary,17,test,regression,target_to_basket_xyz,mean_r2,0.9002689719200134
actual,action_boundary,17,test,regression,eef_target_distance,mean_r2,0.8651038408279419
actual,action_boundary,17,test,regression,eef_alternative_distance,mean_r2,0.8340657949447632
actual,action_boundary,17,test,regression,target_basket_distance,mean_r2,0.9469947814941406
actual,action_boundary,17,test,regression,target_displacement_xyz,mean_r2,0.9109124541282654
actual,action_boundary,17,test,regression,target_speed_per_action_step,mean_r2,0.7196164727210999
actual,action_boundary,17,test,regression,normalized_action_progress,mean_r2,0.7506332993507385
actual,action_boundary,17,test,regression,raw_action,mean_r2,0.17388251423835754
actual,action_boundary,17,test,binary,target_grasped,auc,0.9912197263481378
actual,action_boundary,17,test,binary,target_moved,auc,0.9996954469316278
actual,action_boundary,17,test,binary,target_lifted,auc,0.9998528329654157
actual,action_boundary,17,test,binary,near_target,auc,0.9921652999918812
actual,action_boundary,17,test,binary,near_basket,auc,0.9976582687338501
actual,action_boundary,17,test,phase,phase_coarse,macro_f1,0.9179081244673087
actual,action_boundary,18,valid,regression,object_a_xyz,mean_r2,0.8627545237541199
actual,action_boundary,18,valid,regression,object_b_xyz,mean_r2,0.8875525593757629
actual,action_boundary,18,valid,regression,target_xyz,mean_r2,0.8755955100059509
actual,action_boundary,18,valid,regression,alternative_xyz,mean_r2,0.9169074892997742
actual,action_boundary,18,valid,regression,eef_xyz,mean_r2,0.8976653218269348
actual,action_boundary,18,valid,regression,robot_joint_pos,mean_r2,0.8855826258659363
actual,action_boundary,18,valid,regression,gripper_width,mean_r2,0.7101971507072449
actual,action_boundary,18,valid,regression,target_to_eef_xyz,mean_r2,0.8513078689575195
actual,action_boundary,18,valid,regression,alternative_to_eef_xyz,mean_r2,0.8733645081520081
actual,action_boundary,18,valid,regression,target_to_basket_xyz,mean_r2,0.8775474429130554
actual,action_boundary,18,valid,regression,eef_target_distance,mean_r2,0.8851664662361145
actual,action_boundary,18,valid,regression,eef_alternative_distance,mean_r2,0.8547258973121643
actual,action_boundary,18,valid,regression,target_basket_distance,mean_r2,0.8963757157325745
actual,action_boundary,18,valid,regression,target_displacement_xyz,mean_r2,0.8516265749931335
actual,action_boundary,18,valid,regression,target_speed_per_action_step,mean_r2,0.8345667123794556
actual,action_boundary,18,valid,regression,normalized_action_progress,mean_r2,0.6159597635269165
actual,action_boundary,18,valid,regression,raw_action,mean_r2,0.3972338140010834
actual,action_boundary,18,valid,binary,target_grasped,auc,0.9971037811745777
actual,action_boundary,18,valid,binary,target_moved,auc,0.9925625422582827
actual,action_boundary,18,valid,binary,target_lifted,auc,0.9999188443434507
actual,action_boundary,18,valid,binary,near_target,auc,0.9989189189189189
actual,action_boundary,18,valid,binary,near_basket,auc,0.993659420289855
actual,action_boundary,18,valid,phase,phase_coarse,macro_f1,0.9595100136710702
actual,action_boundary,18,test,regression,object_a_xyz,mean_r2,0.901436984539032
actual,action_boundary,18,test,regression,object_b_xyz,mean_r2,0.8623383641242981
actual,action_boundary,18,test,regression,target_xyz,mean_r2,0.8978168368339539
actual,action_boundary,18,test,regression,alternative_xyz,mean_r2,0.9034996032714844
actual,action_boundary,18,test,regression,eef_xyz,mean_r2,0.8861286044120789
actual,action_boundary,18,test,regression,robot_joint_pos,mean_r2,0.8579216003417969
actual,action_boundary,18,test,regression,gripper_width,mean_r2,0.8226075768470764
actual,action_boundary,18,test,regression,target_to_eef_xyz,mean_r2,0.8059000968933105
actual,action_boundary,18,test,regression,alternative_to_eef_xyz,mean_r2,0.8765317797660828
actual,action_boundary,18,test,regression,target_to_basket_xyz,mean_r2,0.8963677287101746
actual,action_boundary,18,test,regression,eef_target_distance,mean_r2,0.8749442100524902
actual,action_boundary,18,test,regression,eef_alternative_distance,mean_r2,0.8392371535301208
actual,action_boundary,18,test,regression,target_basket_distance,mean_r2,0.908822774887085
actual,action_boundary,18,test,regression,target_displacement_xyz,mean_r2,0.9003775715827942
actual,action_boundary,18,test,regression,target_speed_per_action_step,mean_r2,0.7368944883346558
actual,action_boundary,18,test,regression,normalized_action_progress,mean_r2,0.7263026833534241
actual,action_boundary,18,test,regression,raw_action,mean_r2,0.18600578606128693
actual,action_boundary,18,test,binary,target_grasped,auc,0.991402648715885
actual,action_boundary,18,test,binary,target_moved,auc,0.999847723465814
actual,action_boundary,18,test,binary,target_lifted,auc,0.9998160412067697
actual,action_boundary,18,test,binary,near_target,auc,0.9858731834050499
actual,action_boundary,18,test,binary,near_basket,auc,0.9968507751937985
actual,action_boundary,18,test,phase,phase_coarse,macro_f1,0.9015848273269906
actual,action_boundary,19,valid,regression,object_a_xyz,mean_r2,0.859118640422821
actual,action_boundary,19,valid,regression,object_b_xyz,mean_r2,0.854318380355835
actual,action_boundary,19,valid,regression,target_xyz,mean_r2,0.8652018904685974
actual,action_boundary,19,valid,regression,alternative_xyz,mean_r2,0.8976343274116516
actual,action_boundary,19,valid,regression,eef_xyz,mean_r2,0.8888279795646667
actual,action_boundary,19,valid,regression,robot_joint_pos,mean_r2,0.8753739595413208
actual,action_boundary,19,valid,regression,gripper_width,mean_r2,0.683829665184021
actual,action_boundary,19,valid,regression,target_to_eef_xyz,mean_r2,0.8553226590156555
actual,action_boundary,19,valid,regression,alternative_to_eef_xyz,mean_r2,0.8446516990661621
actual,action_boundary,19,valid,regression,target_to_basket_xyz,mean_r2,0.8709035515785217
actual,action_boundary,19,valid,regression,eef_target_distance,mean_r2,0.880405604839325
actual,action_boundary,19,valid,regression,eef_alternative_distance,mean_r2,0.8937807679176331
actual,action_boundary,19,valid,regression,target_basket_distance,mean_r2,0.8895633220672607
actual,action_boundary,19,valid,regression,target_displacement_xyz,mean_r2,0.8357526659965515
actual,action_boundary,19,valid,regression,target_speed_per_action_step,mean_r2,0.8406707048416138
actual,action_boundary,19,valid,regression,normalized_action_progress,mean_r2,0.6636949777603149
actual,action_boundary,19,valid,regression,raw_action,mean_r2,0.37784498929977417
actual,action_boundary,19,valid,binary,target_grasped,auc,0.9946902654867257
actual,action_boundary,19,valid,binary,target_moved,auc,0.9950980392156863
actual,action_boundary,19,valid,binary,target_lifted,auc,1.0
actual,action_boundary,19,valid,binary,near_target,auc,0.9989189189189189
actual,action_boundary,19,valid,binary,near_basket,auc,0.9942632850241546
actual,action_boundary,19,valid,phase,phase_coarse,macro_f1,0.9536242122668797
actual,action_boundary,19,test,regression,object_a_xyz,mean_r2,0.8871983885765076
actual,action_boundary,19,test,regression,object_b_xyz,mean_r2,0.8731711506843567
actual,action_boundary,19,test,regression,target_xyz,mean_r2,0.8929553031921387
actual,action_boundary,19,test,regression,alternative_xyz,mean_r2,0.9066429138183594
actual,action_boundary,19,test,regression,eef_xyz,mean_r2,0.8675443530082703
actual,action_boundary,19,test,regression,robot_joint_pos,mean_r2,0.8649581670761108
actual,action_boundary,19,test,regression,gripper_width,mean_r2,0.8341768980026245
actual,action_boundary,19,test,regression,target_to_eef_xyz,mean_r2,0.817396879196167
actual,action_boundary,19,test,regression,alternative_to_eef_xyz,mean_r2,0.8572444915771484
actual,action_boundary,19,test,regression,target_to_basket_xyz,mean_r2,0.8768312335014343
actual,action_boundary,19,test,regression,eef_target_distance,mean_r2,0.8514271974563599
actual,action_boundary,19,test,regression,eef_alternative_distance,mean_r2,0.8500454425811768
actual,action_boundary,19,test,regression,target_basket_distance,mean_r2,0.9228371381759644
actual,action_boundary,19,test,regression,target_displacement_xyz,mean_r2,0.8921952247619629
actual,action_boundary,19,test,regression,target_speed_per_action_step,mean_r2,0.7518506050109863
actual,action_boundary,19,test,regression,normalized_action_progress,mean_r2,0.6621524095535278
actual,action_boundary,19,test,regression,raw_action,mean_r2,0.14884264767169952
actual,action_boundary,19,test,binary,target_grasped,auc,0.9882563839906344
actual,action_boundary,19,test,binary,target_moved,auc,0.9998096543322674
actual,action_boundary,19,test,binary,target_lifted,auc,0.9995952906548933
actual,action_boundary,19,test,binary,near_target,auc,0.9885930015425834
actual,action_boundary,19,test,binary,near_basket,auc,0.9958817829457365
actual,action_boundary,19,test,phase,phase_coarse,macro_f1,0.9054602256552
actual,action_boundary,20,valid,regression,object_a_xyz,mean_r2,0.8588876724243164
actual,action_boundary,20,valid,regression,object_b_xyz,mean_r2,0.8449960350990295
actual,action_boundary,20,valid,regression,target_xyz,mean_r2,0.8709303736686707
actual,action_boundary,20,valid,regression,alternative_xyz,mean_r2,0.8893416523933411
actual,action_boundary,20,valid,regression,eef_xyz,mean_r2,0.8578091263771057
actual,action_boundary,20,valid,regression,robot_joint_pos,mean_r2,0.8567233085632324
actual,action_boundary,20,valid,regression,gripper_width,mean_r2,0.5947346687316895
actual,action_boundary,20,valid,regression,target_to_eef_xyz,mean_r2,0.8380424380302429
actual,action_boundary,20,valid,regression,alternative_to_eef_xyz,mean_r2,0.8703827857971191
actual,action_boundary,20,valid,regression,target_to_basket_xyz,mean_r2,0.8607038855552673
actual,action_boundary,20,valid,regression,eef_target_distance,mean_r2,0.843152642250061
actual,action_boundary,20,valid,regression,eef_alternative_distance,mean_r2,0.8571969270706177
actual,action_boundary,20,valid,regression,target_basket_distance,mean_r2,0.8656520247459412
actual,action_boundary,20,valid,regression,target_displacement_xyz,mean_r2,0.8094046711921692
actual,action_boundary,20,valid,regression,target_speed_per_action_step,mean_r2,0.8201199173927307
actual,action_boundary,20,valid,regression,normalized_action_progress,mean_r2,0.600934624671936
actual,action_boundary,20,valid,regression,raw_action,mean_r2,0.35886532068252563
actual,action_boundary,20,valid,binary,target_grasped,auc,0.99597747385358
actual,action_boundary,20,valid,binary,target_moved,auc,0.9869844489519946
actual,action_boundary,20,valid,binary,target_lifted,auc,1.0
actual,action_boundary,20,valid,binary,near_target,auc,0.999009009009009
actual,action_boundary,20,valid,binary,near_basket,auc,0.9935084541062802
actual,action_boundary,20,valid,phase,phase_coarse,macro_f1,0.9669740938964405
actual,action_boundary,20,test,regression,object_a_xyz,mean_r2,0.8938495516777039
actual,action_boundary,20,test,regression,object_b_xyz,mean_r2,0.8813602924346924
actual,action_boundary,20,test,regression,target_xyz,mean_r2,0.8754666447639465
actual,action_boundary,20,test,regression,alternative_xyz,mean_r2,0.8563197255134583
actual,action_boundary,20,test,regression,eef_xyz,mean_r2,0.8783788681030273
actual,action_boundary,20,test,regression,robot_joint_pos,mean_r2,0.8385587930679321
actual,action_boundary,20,test,regression,gripper_width,mean_r2,0.802047610282898
actual,action_boundary,20,test,regression,target_to_eef_xyz,mean_r2,0.7966424822807312
actual,action_boundary,20,test,regression,alternative_to_eef_xyz,mean_r2,0.8312015533447266
actual,action_boundary,20,test,regression,target_to_basket_xyz,mean_r2,0.8819785714149475
actual,action_boundary,20,test,regression,eef_target_distance,mean_r2,0.7855825424194336
actual,action_boundary,20,test,regression,eef_alternative_distance,mean_r2,0.7871077656745911
actual,action_boundary,20,test,regression,target_basket_distance,mean_r2,0.9263509511947632
actual,action_boundary,20,test,regression,target_displacement_xyz,mean_r2,0.8782448768615723
actual,action_boundary,20,test,regression,target_speed_per_action_step,mean_r2,0.6886962056159973
actual,action_boundary,20,test,regression,normalized_action_progress,mean_r2,0.7035214900970459
actual,action_boundary,20,test,regression,raw_action,mean_r2,0.1341775804758072
actual,action_boundary,20,test,binary,target_grasped,auc,0.9918782468720275
actual,action_boundary,20,test,binary,target_moved,auc,0.9999238617329069
actual,action_boundary,20,test,binary,target_lifted,auc,0.999963208241354
actual,action_boundary,20,test,binary,near_target,auc,0.9920435170902006
actual,action_boundary,20,test,binary,near_basket,auc,0.9960432816537468
actual,action_boundary,20,test,phase,phase_coarse,macro_f1,0.9240707009377318
actual,action_boundary,21,valid,regression,object_a_xyz,mean_r2,0.8250753879547119
actual,action_boundary,21,valid,regression,object_b_xyz,mean_r2,0.8394827246665955
actual,action_boundary,21,valid,regression,target_xyz,mean_r2,0.8468839526176453
actual,action_boundary,21,valid,regression,alternative_xyz,mean_r2,0.8748394846916199
actual,action_boundary,21,valid,regression,eef_xyz,mean_r2,0.8713619709014893
actual,action_boundary,21,valid,regression,robot_joint_pos,mean_r2,0.8515777587890625
actual,action_boundary,21,valid,regression,gripper_width,mean_r2,0.669558048248291
actual,action_boundary,21,valid,regression,target_to_eef_xyz,mean_r2,0.8173944354057312
actual,action_boundary,21,valid,regression,alternative_to_eef_xyz,mean_r2,0.844567596912384
actual,action_boundary,21,valid,regression,target_to_basket_xyz,mean_r2,0.8554248809814453
actual,action_boundary,21,valid,regression,eef_target_distance,mean_r2,0.8576543927192688
actual,action_boundary,21,valid,regression,eef_alternative_distance,mean_r2,0.8397841453552246
actual,action_boundary,21,valid,regression,target_basket_distance,mean_r2,0.8921834230422974
actual,action_boundary,21,valid,regression,target_displacement_xyz,mean_r2,0.8007212281227112
actual,action_boundary,21,valid,regression,target_speed_per_action_step,mean_r2,0.8019872903823853
actual,action_boundary,21,valid,regression,normalized_action_progress,mean_r2,0.6678045392036438
actual,action_boundary,21,valid,regression,raw_action,mean_r2,0.3285270631313324
actual,action_boundary,21,valid,binary,target_grasped,auc,0.995575221238938
actual,action_boundary,21,valid,binary,target_moved,auc,0.9891818796484111
actual,action_boundary,21,valid,binary,target_lifted,auc,1.0
actual,action_boundary,21,valid,binary,near_target,auc,0.9990990990990991
actual,action_boundary,21,valid,binary,near_basket,auc,0.9929045893719807
actual,action_boundary,21,valid,phase,phase_coarse,macro_f1,0.9610761137076927
actual,action_boundary,21,test,regression,object_a_xyz,mean_r2,0.869011402130127
actual,action_boundary,21,test,regression,object_b_xyz,mean_r2,0.85915207862854
actual,action_boundary,21,test,regression,target_xyz,mean_r2,0.8900453448295593
actual,action_boundary,21,test,regression,alternative_xyz,mean_r2,0.8863808512687683
actual,action_boundary,21,test,regression,eef_xyz,mean_r2,0.8637511134147644
actual,action_boundary,21,test,regression,robot_joint_pos,mean_r2,0.8259907364845276
actual,action_boundary,21,test,regression,gripper_width,mean_r2,0.7592491507530212
actual,action_boundary,21,test,regression,target_to_eef_xyz,mean_r2,0.7654051780700684
actual,action_boundary,21,test,regression,alternative_to_eef_xyz,mean_r2,0.8398053050041199
actual,action_boundary,21,test,regression,target_to_basket_xyz,mean_r2,0.8859460949897766
actual,action_boundary,21,test,regression,eef_target_distance,mean_r2,0.8355857133865356
actual,action_boundary,21,test,regression,eef_alternative_distance,mean_r2,0.8018721342086792
actual,action_boundary,21,test,regression,target_basket_distance,mean_r2,0.8855094909667969
actual,action_boundary,21,test,regression,target_displacement_xyz,mean_r2,0.8619129061698914
actual,action_boundary,21,test,regression,target_speed_per_action_step,mean_r2,0.6505915522575378
actual,action_boundary,21,test,regression,normalized_action_progress,mean_r2,0.6451095342636108
actual,action_boundary,21,test,regression,raw_action,mean_r2,0.051718149334192276
actual,action_boundary,21,test,binary,target_grasped,auc,0.9893539181971172
actual,action_boundary,21,test,binary,target_moved,auc,0.9998096543322674
actual,action_boundary,21,test,binary,target_lifted,auc,0.9999264164827079
actual,action_boundary,21,test,binary,near_target,auc,0.9930583746042055
actual,action_boundary,21,test,binary,near_basket,auc,0.9968507751937985
actual,action_boundary,21,test,phase,phase_coarse,macro_f1,0.9086883997534178
actual,action_boundary,22,valid,regression,object_a_xyz,mean_r2,0.8340559005737305
actual,action_boundary,22,valid,regression,object_b_xyz,mean_r2,0.830023467540741
actual,action_boundary,22,valid,regression,target_xyz,mean_r2,0.848557710647583
actual,action_boundary,22,valid,regression,alternative_xyz,mean_r2,0.8494524955749512
actual,action_boundary,22,valid,regression,eef_xyz,mean_r2,0.8662503361701965
actual,action_boundary,22,valid,regression,robot_joint_pos,mean_r2,0.8256354331970215
actual,action_boundary,22,valid,regression,gripper_width,mean_r2,0.638259768486023
actual,action_boundary,22,valid,regression,target_to_eef_xyz,mean_r2,0.8287184238433838
actual,action_boundary,22,valid,regression,alternative_to_eef_xyz,mean_r2,0.831888735294342
actual,action_boundary,22,valid,regression,target_to_basket_xyz,mean_r2,0.85732102394104
actual,action_boundary,22,valid,regression,eef_target_distance,mean_r2,0.8662467002868652
actual,action_boundary,22,valid,regression,eef_alternative_distance,mean_r2,0.8276100754737854
actual,action_boundary,22,valid,regression,target_basket_distance,mean_r2,0.8735954761505127
actual,action_boundary,22,valid,regression,target_displacement_xyz,mean_r2,0.8248756527900696
actual,action_boundary,22,valid,regression,target_speed_per_action_step,mean_r2,0.7835631370544434
actual,action_boundary,22,valid,regression,normalized_action_progress,mean_r2,0.6654084920883179
actual,action_boundary,22,valid,regression,raw_action,mean_r2,0.34579142928123474
actual,action_boundary,22,valid,binary,target_grasped,auc,0.9946902654867257
actual,action_boundary,22,valid,binary,target_moved,auc,0.9878296146044625
actual,action_boundary,22,valid,binary,target_lifted,auc,1.0
actual,action_boundary,22,valid,binary,near_target,auc,0.9988288288288288
actual,action_boundary,22,valid,binary,near_basket,auc,0.9932065217391305
actual,action_boundary,22,valid,phase,phase_coarse,macro_f1,0.9669740938964405
actual,action_boundary,22,test,regression,object_a_xyz,mean_r2,0.8596413731575012
actual,action_boundary,22,test,regression,object_b_xyz,mean_r2,0.8286099433898926
actual,action_boundary,22,test,regression,target_xyz,mean_r2,0.8722724914550781
actual,action_boundary,22,test,regression,alternative_xyz,mean_r2,0.855591356754303
actual,action_boundary,22,test,regression,eef_xyz,mean_r2,0.860220730304718
actual,action_boundary,22,test,regression,robot_joint_pos,mean_r2,0.8387322425842285
actual,action_boundary,22,test,regression,gripper_width,mean_r2,0.8272031545639038
actual,action_boundary,22,test,regression,target_to_eef_xyz,mean_r2,0.8175142407417297
actual,action_boundary,22,test,regression,alternative_to_eef_xyz,mean_r2,0.8049499988555908
actual,action_boundary,22,test,regression,target_to_basket_xyz,mean_r2,0.8915830254554749
actual,action_boundary,22,test,regression,eef_target_distance,mean_r2,0.8320482969284058
actual,action_boundary,22,test,regression,eef_alternative_distance,mean_r2,0.787397563457489
actual,action_boundary,22,test,regression,target_basket_distance,mean_r2,0.8862109780311584
actual,action_boundary,22,test,regression,target_displacement_xyz,mean_r2,0.8869021534919739
actual,action_boundary,22,test,regression,target_speed_per_action_step,mean_r2,0.6506028175354004
actual,action_boundary,22,test,regression,normalized_action_progress,mean_r2,0.6934456825256348
actual,action_boundary,22,test,regression,raw_action,mean_r2,0.0381426140666008
actual,action_boundary,22,test,binary,target_grasped,auc,0.9890978268822712
actual,action_boundary,22,test,binary,target_moved,auc,0.9996954469316278
actual,action_boundary,22,test,binary,target_lifted,auc,0.999963208241354
actual,action_boundary,22,test,binary,near_target,auc,0.9922870828935617
actual,action_boundary,22,test,binary,near_basket,auc,0.9964470284237726
actual,action_boundary,22,test,phase,phase_coarse,macro_f1,0.9157009770506702
actual,action_boundary,23,valid,regression,object_a_xyz,mean_r2,0.8043615818023682
actual,action_boundary,23,valid,regression,object_b_xyz,mean_r2,0.8166404366493225
actual,action_boundary,23,valid,regression,target_xyz,mean_r2,0.8289790749549866
actual,action_boundary,23,valid,regression,alternative_xyz,mean_r2,0.8334069848060608
actual,action_boundary,23,valid,regression,eef_xyz,mean_r2,0.824486494064331
actual,action_boundary,23,valid,regression,robot_joint_pos,mean_r2,0.8248186707496643
actual,action_boundary,23,valid,regression,gripper_width,mean_r2,0.6767408847808838
actual,action_boundary,23,valid,regression,target_to_eef_xyz,mean_r2,0.7781512141227722
actual,action_boundary,23,valid,regression,alternative_to_eef_xyz,mean_r2,0.8472370505332947
actual,action_boundary,23,valid,regression,target_to_basket_xyz,mean_r2,0.8462181687355042
actual,action_boundary,23,valid,regression,eef_target_distance,mean_r2,0.8172433972358704
actual,action_boundary,23,valid,regression,eef_alternative_distance,mean_r2,0.824253261089325
actual,action_boundary,23,valid,regression,target_basket_distance,mean_r2,0.8657877445220947
actual,action_boundary,23,valid,regression,target_displacement_xyz,mean_r2,0.7646729946136475
actual,action_boundary,23,valid,regression,target_speed_per_action_step,mean_r2,0.7671632766723633
actual,action_boundary,23,valid,regression,normalized_action_progress,mean_r2,0.6409826278686523
actual,action_boundary,23,valid,regression,raw_action,mean_r2,0.30405178666114807
actual,action_boundary,23,valid,binary,target_grasped,auc,0.9939662107803701
actual,action_boundary,23,valid,binary,target_moved,auc,0.9874070317782285
actual,action_boundary,23,valid,binary,target_lifted,auc,1.0
actual,action_boundary,23,valid,binary,near_target,auc,0.997927927927928
actual,action_boundary,23,valid,binary,near_basket,auc,0.9932065217391305
actual,action_boundary,23,valid,phase,phase_coarse,macro_f1,0.9499525420843176
actual,action_boundary,23,test,regression,object_a_xyz,mean_r2,0.8453306555747986
actual,action_boundary,23,test,regression,object_b_xyz,mean_r2,0.8598509430885315
actual,action_boundary,23,test,regression,target_xyz,mean_r2,0.8453802466392517
actual,action_boundary,23,test,regression,alternative_xyz,mean_r2,0.8430061340332031
actual,action_boundary,23,test,regression,eef_xyz,mean_r2,0.810433566570282
actual,action_boundary,23,test,regression,robot_joint_pos,mean_r2,0.8201071619987488
actual,action_boundary,23,test,regression,gripper_width,mean_r2,0.7992351055145264
actual,action_boundary,23,test,regression,target_to_eef_xyz,mean_r2,0.7438125610351562
actual,action_boundary,23,test,regression,alternative_to_eef_xyz,mean_r2,0.8024353981018066
actual,action_boundary,23,test,regression,target_to_basket_xyz,mean_r2,0.8549540638923645
actual,action_boundary,23,test,regression,eef_target_distance,mean_r2,0.8334035873413086
actual,action_boundary,23,test,regression,eef_alternative_distance,mean_r2,0.7555489540100098
actual,action_boundary,23,test,regression,target_basket_distance,mean_r2,0.8948758840560913
actual,action_boundary,23,test,regression,target_displacement_xyz,mean_r2,0.8143424987792969
actual,action_boundary,23,test,regression,target_speed_per_action_step,mean_r2,0.6809420585632324
actual,action_boundary,23,test,regression,normalized_action_progress,mean_r2,0.6658337712287903
actual,action_boundary,23,test,regression,raw_action,mean_r2,0.07443878799676895
actual,action_boundary,23,test,binary,target_grasped,auc,0.991658740030731
actual,action_boundary,23,test,binary,target_moved,auc,0.9998096543322674
actual,action_boundary,23,test,binary,target_lifted,auc,1.0
actual,action_boundary,23,test,binary,near_target,auc,0.9907039051717139
actual,action_boundary,23,test,binary,near_basket,auc,0.9953165374677002
actual,action_boundary,23,test,phase,phase_coarse,macro_f1,0.9090368205583506
actual,action_boundary,24,valid,regression,object_a_xyz,mean_r2,0.8104672431945801
actual,action_boundary,24,valid,regression,object_b_xyz,mean_r2,0.8081820011138916
actual,action_boundary,24,valid,regression,target_xyz,mean_r2,0.8186057209968567
actual,action_boundary,24,valid,regression,alternative_xyz,mean_r2,0.8249990940093994
actual,action_boundary,24,valid,regression,eef_xyz,mean_r2,0.8491392135620117
actual,action_boundary,24,valid,regression,robot_joint_pos,mean_r2,0.8040589094161987
actual,action_boundary,24,valid,regression,gripper_width,mean_r2,0.656256914138794
actual,action_boundary,24,valid,regression,target_to_eef_xyz,mean_r2,0.764911413192749
actual,action_boundary,24,valid,regression,alternative_to_eef_xyz,mean_r2,0.7982848286628723
actual,action_boundary,24,valid,regression,target_to_basket_xyz,mean_r2,0.8151507377624512
actual,action_boundary,24,valid,regression,eef_target_distance,mean_r2,0.8290414810180664
actual,action_boundary,24,valid,regression,eef_alternative_distance,mean_r2,0.8308178186416626
actual,action_boundary,24,valid,regression,target_basket_distance,mean_r2,0.8634535670280457
actual,action_boundary,24,valid,regression,target_displacement_xyz,mean_r2,0.7471018433570862
actual,action_boundary,24,valid,regression,target_speed_per_action_step,mean_r2,0.7800132036209106
actual,action_boundary,24,valid,regression,normalized_action_progress,mean_r2,0.6218751072883606
actual,action_boundary,24,valid,regression,raw_action,mean_r2,0.26957541704177856
actual,action_boundary,24,valid,binary,target_grasped,auc,0.9942880128720837
actual,action_boundary,24,valid,binary,target_moved,auc,0.9880831643002028
actual,action_boundary,24,valid,binary,target_lifted,auc,1.0
actual,action_boundary,24,valid,binary,near_target,auc,0.9990990990990991
actual,action_boundary,24,valid,binary,near_basket,auc,0.9939613526570048
actual,action_boundary,24,valid,phase,phase_coarse,macro_f1,0.9669740938964405
actual,action_boundary,24,test,regression,object_a_xyz,mean_r2,0.8579352498054504
actual,action_boundary,24,test,regression,object_b_xyz,mean_r2,0.8211922645568848
actual,action_boundary,24,test,regression,target_xyz,mean_r2,0.8543136119842529
actual,action_boundary,24,test,regression,alternative_xyz,mean_r2,0.8326184153556824
actual,action_boundary,24,test,regression,eef_xyz,mean_r2,0.8084283471107483
actual,action_boundary,24,test,regression,robot_joint_pos,mean_r2,0.8104857802391052
actual,action_boundary,24,test,regression,gripper_width,mean_r2,0.7599457502365112
actual,action_boundary,24,test,regression,target_to_eef_xyz,mean_r2,0.7321491241455078
actual,action_boundary,24,test,regression,alternative_to_eef_xyz,mean_r2,0.8179140686988831
actual,action_boundary,24,test,regression,target_to_basket_xyz,mean_r2,0.8606314659118652
actual,action_boundary,24,test,regression,eef_target_distance,mean_r2,0.8252907991409302
actual,action_boundary,24,test,regression,eef_alternative_distance,mean_r2,0.7539730072021484
actual,action_boundary,24,test,regression,target_basket_distance,mean_r2,0.8777347803115845
actual,action_boundary,24,test,regression,target_displacement_xyz,mean_r2,0.8418485522270203
actual,action_boundary,24,test,regression,target_speed_per_action_step,mean_r2,0.6777755618095398
actual,action_boundary,24,test,regression,normalized_action_progress,mean_r2,0.6949007511138916
actual,action_boundary,24,test,regression,raw_action,mean_r2,0.02514117956161499
actual,action_boundary,24,test,binary,target_grasped,auc,0.9907441281919953
actual,action_boundary,24,test,binary,target_moved,auc,0.9996954469316278
actual,action_boundary,24,test,binary,target_lifted,auc,0.999963208241354
actual,action_boundary,24,test,binary,near_target,auc,0.9909474709750751
actual,action_boundary,24,test,binary,near_basket,auc,0.993782299741602
actual,action_boundary,24,test,phase,phase_coarse,macro_f1,0.9044143861355392
actual,action_boundary,25,valid,regression,object_a_xyz,mean_r2,0.7731237411499023
actual,action_boundary,25,valid,regression,object_b_xyz,mean_r2,0.7586444020271301
actual,action_boundary,25,valid,regression,target_xyz,mean_r2,0.8021329045295715
actual,action_boundary,25,valid,regression,alternative_xyz,mean_r2,0.8147757649421692
actual,action_boundary,25,valid,regression,eef_xyz,mean_r2,0.8199003338813782
actual,action_boundary,25,valid,regression,robot_joint_pos,mean_r2,0.8093982338905334
actual,action_boundary,25,valid,regression,gripper_width,mean_r2,0.6338314414024353
actual,action_boundary,25,valid,regression,target_to_eef_xyz,mean_r2,0.7746071815490723
actual,action_boundary,25,valid,regression,alternative_to_eef_xyz,mean_r2,0.7659339308738708
actual,action_boundary,25,valid,regression,target_to_basket_xyz,mean_r2,0.7826838493347168
actual,action_boundary,25,valid,regression,eef_target_distance,mean_r2,0.826411247253418
actual,action_boundary,25,valid,regression,eef_alternative_distance,mean_r2,0.7761778831481934
actual,action_boundary,25,valid,regression,target_basket_distance,mean_r2,0.8292746543884277
actual,action_boundary,25,valid,regression,target_displacement_xyz,mean_r2,0.7348098754882812
actual,action_boundary,25,valid,regression,target_speed_per_action_step,mean_r2,0.7448323369026184
actual,action_boundary,25,valid,regression,normalized_action_progress,mean_r2,0.5283915996551514
actual,action_boundary,25,valid,regression,raw_action,mean_r2,0.2833428680896759
actual,action_boundary,25,valid,binary,target_grasped,auc,0.9934030571198713
actual,action_boundary,25,valid,binary,target_moved,auc,0.9893509127789046
actual,action_boundary,25,valid,binary,target_lifted,auc,1.0
actual,action_boundary,25,valid,binary,near_target,auc,0.9981981981981982
actual,action_boundary,25,valid,binary,near_basket,auc,0.9939613526570048
actual,action_boundary,25,valid,phase,phase_coarse,macro_f1,0.9700997592019264
actual,action_boundary,25,test,regression,object_a_xyz,mean_r2,0.8316929936408997
actual,action_boundary,25,test,regression,object_b_xyz,mean_r2,0.8074095845222473
actual,action_boundary,25,test,regression,target_xyz,mean_r2,0.8457927703857422
actual,action_boundary,25,test,regression,alternative_xyz,mean_r2,0.8367602229118347
actual,action_boundary,25,test,regression,eef_xyz,mean_r2,0.8013549447059631
actual,action_boundary,25,test,regression,robot_joint_pos,mean_r2,0.816888689994812
actual,action_boundary,25,test,regression,gripper_width,mean_r2,0.7948158979415894
actual,action_boundary,25,test,regression,target_to_eef_xyz,mean_r2,0.7144530415534973
actual,action_boundary,25,test,regression,alternative_to_eef_xyz,mean_r2,0.7734565734863281
actual,action_boundary,25,test,regression,target_to_basket_xyz,mean_r2,0.8577854633331299
actual,action_boundary,25,test,regression,eef_target_distance,mean_r2,0.7633053064346313
actual,action_boundary,25,test,regression,eef_alternative_distance,mean_r2,0.7839986085891724
actual,action_boundary,25,test,regression,target_basket_distance,mean_r2,0.8699970841407776
actual,action_boundary,25,test,regression,target_displacement_xyz,mean_r2,0.8335477709770203
actual,action_boundary,25,test,regression,target_speed_per_action_step,mean_r2,0.637292742729187
actual,action_boundary,25,test,regression,normalized_action_progress,mean_r2,0.6344345808029175
actual,action_boundary,25,test,regression,raw_action,mean_r2,0.052400071173906326
actual,action_boundary,25,test,binary,target_grasped,auc,0.9898661008268091
actual,action_boundary,25,test,binary,target_moved,auc,0.9998096543322674
actual,action_boundary,25,test,binary,target_lifted,auc,0.9998528329654157
actual,action_boundary,25,test,binary,near_target,auc,0.9896890476577088
actual,action_boundary,25,test,binary,near_basket,auc,0.9957202842377261
actual,action_boundary,25,test,phase,phase_coarse,macro_f1,0.8992776247321702
actual,action_boundary,26,valid,regression,object_a_xyz,mean_r2,0.7637462615966797
actual,action_boundary,26,valid,regression,object_b_xyz,mean_r2,0.7881873250007629
actual,action_boundary,26,valid,regression,target_xyz,mean_r2,0.8078373074531555
actual,action_boundary,26,valid,regression,alternative_xyz,mean_r2,0.8090702891349792
actual,action_boundary,26,valid,regression,eef_xyz,mean_r2,0.8141486644744873
actual,action_boundary,26,valid,regression,robot_joint_pos,mean_r2,0.7942081093788147
actual,action_boundary,26,valid,regression,gripper_width,mean_r2,0.5354005098342896
actual,action_boundary,26,valid,regression,target_to_eef_xyz,mean_r2,0.7386186718940735
actual,action_boundary,26,valid,regression,alternative_to_eef_xyz,mean_r2,0.7604451179504395
actual,action_boundary,26,valid,regression,target_to_basket_xyz,mean_r2,0.8175715804100037
actual,action_boundary,26,valid,regression,eef_target_distance,mean_r2,0.765006422996521
actual,action_boundary,26,valid,regression,eef_alternative_distance,mean_r2,0.7917893528938293
actual,action_boundary,26,valid,regression,target_basket_distance,mean_r2,0.8062406778335571
actual,action_boundary,26,valid,regression,target_displacement_xyz,mean_r2,0.7326545715332031
actual,action_boundary,26,valid,regression,target_speed_per_action_step,mean_r2,0.7543872594833374
actual,action_boundary,26,valid,regression,normalized_action_progress,mean_r2,0.5846328735351562
actual,action_boundary,26,valid,regression,raw_action,mean_r2,0.2925657331943512
actual,action_boundary,26,valid,binary,target_grasped,auc,0.992115848753017
actual,action_boundary,26,valid,binary,target_moved,auc,0.982420554428668
actual,action_boundary,26,valid,binary,target_lifted,auc,1.0
actual,action_boundary,26,valid,binary,near_target,auc,0.9983783783783784
actual,action_boundary,26,valid,binary,near_basket,auc,0.9947161835748792
actual,action_boundary,26,valid,phase,phase_coarse,macro_f1,0.9590103043788708
actual,action_boundary,26,test,regression,object_a_xyz,mean_r2,0.8187770247459412
actual,action_boundary,26,test,regression,object_b_xyz,mean_r2,0.7800084948539734
actual,action_boundary,26,test,regression,target_xyz,mean_r2,0.8493785858154297
actual,action_boundary,26,test,regression,alternative_xyz,mean_r2,0.8197761178016663
actual,action_boundary,26,test,regression,eef_xyz,mean_r2,0.8036887049674988
actual,action_boundary,26,test,regression,robot_joint_pos,mean_r2,0.7794524431228638
actual,action_boundary,26,test,regression,gripper_width,mean_r2,0.6410881876945496
actual,action_boundary,26,test,regression,target_to_eef_xyz,mean_r2,0.7191994190216064
actual,action_boundary,26,test,regression,alternative_to_eef_xyz,mean_r2,0.7855791449546814
actual,action_boundary,26,test,regression,target_to_basket_xyz,mean_r2,0.8423535227775574
actual,action_boundary,26,test,regression,eef_target_distance,mean_r2,0.7734967470169067
actual,action_boundary,26,test,regression,eef_alternative_distance,mean_r2,0.7888963222503662
actual,action_boundary,26,test,regression,target_basket_distance,mean_r2,0.8345905542373657
actual,action_boundary,26,test,regression,target_displacement_xyz,mean_r2,0.805234432220459
actual,action_boundary,26,test,regression,target_speed_per_action_step,mean_r2,0.5600128173828125
actual,action_boundary,26,test,regression,normalized_action_progress,mean_r2,0.5610709190368652
actual,action_boundary,26,test,regression,raw_action,mean_r2,0.06781374663114548
actual,action_boundary,26,test,binary,target_grasped,auc,0.9912563108216873
actual,action_boundary,26,test,binary,target_moved,auc,0.9997715851987209
actual,action_boundary,26,test,binary,target_lifted,auc,0.9999264164827079
actual,action_boundary,26,test,binary,near_target,auc,0.9868068523179345
actual,action_boundary,26,test,binary,near_basket,auc,0.9957202842377261
actual,action_boundary,26,test,phase,phase_coarse,macro_f1,0.9221083828724046
actual,action_boundary,27,valid,regression,object_a_xyz,mean_r2,0.7111085057258606
actual,action_boundary,27,valid,regression,object_b_xyz,mean_r2,0.7605343461036682
actual,action_boundary,27,valid,regression,target_xyz,mean_r2,0.7757198810577393
actual,action_boundary,27,valid,regression,alternative_xyz,mean_r2,0.7824258208274841
actual,action_boundary,27,valid,regression,eef_xyz,mean_r2,0.7894236445426941
actual,action_boundary,27,valid,regression,robot_joint_pos,mean_r2,0.7695971131324768
actual,action_boundary,27,valid,regression,gripper_width,mean_r2,0.5407148599624634
actual,action_boundary,27,valid,regression,target_to_eef_xyz,mean_r2,0.7517076134681702
actual,action_boundary,27,valid,regression,alternative_to_eef_xyz,mean_r2,0.7483835816383362
actual,action_boundary,27,valid,regression,target_to_basket_xyz,mean_r2,0.7938055992126465
actual,action_boundary,27,valid,regression,eef_target_distance,mean_r2,0.7739844918251038
actual,action_boundary,27,valid,regression,eef_alternative_distance,mean_r2,0.7599236965179443
actual,action_boundary,27,valid,regression,target_basket_distance,mean_r2,0.8079690337181091
actual,action_boundary,27,valid,regression,target_displacement_xyz,mean_r2,0.6871903538703918
actual,action_boundary,27,valid,regression,target_speed_per_action_step,mean_r2,0.7141188383102417
actual,action_boundary,27,valid,regression,normalized_action_progress,mean_r2,0.4572920799255371
actual,action_boundary,27,valid,regression,raw_action,mean_r2,0.24357786774635315
actual,action_boundary,27,valid,binary,target_grasped,auc,0.9921962992759453
actual,action_boundary,27,valid,binary,target_moved,auc,0.9811528059499662
actual,action_boundary,27,valid,binary,target_lifted,auc,1.0
actual,action_boundary,27,valid,binary,near_target,auc,0.9993693693693694
actual,action_boundary,27,valid,binary,near_basket,auc,0.9939613526570048
actual,action_boundary,27,valid,phase,phase_coarse,macro_f1,0.9581034054188416
actual,action_boundary,27,test,regression,object_a_xyz,mean_r2,0.8049729466438293
actual,action_boundary,27,test,regression,object_b_xyz,mean_r2,0.7939732670783997
actual,action_boundary,27,test,regression,target_xyz,mean_r2,0.782771110534668
actual,action_boundary,27,test,regression,alternative_xyz,mean_r2,0.7910497188568115
actual,action_boundary,27,test,regression,eef_xyz,mean_r2,0.7338941097259521
actual,action_boundary,27,test,regression,robot_joint_pos,mean_r2,0.7284926176071167
actual,action_boundary,27,test,regression,gripper_width,mean_r2,0.7213265895843506
actual,action_boundary,27,test,regression,target_to_eef_xyz,mean_r2,0.6546081304550171
actual,action_boundary,27,test,regression,alternative_to_eef_xyz,mean_r2,0.7522696852684021
actual,action_boundary,27,test,regression,target_to_basket_xyz,mean_r2,0.8114280104637146
actual,action_boundary,27,test,regression,eef_target_distance,mean_r2,0.675322949886322
actual,action_boundary,27,test,regression,eef_alternative_distance,mean_r2,0.7223743200302124
actual,action_boundary,27,test,regression,target_basket_distance,mean_r2,0.8453094363212585
actual,action_boundary,27,test,regression,target_displacement_xyz,mean_r2,0.793544590473175
actual,action_boundary,27,test,regression,target_speed_per_action_step,mean_r2,0.6467871069908142
actual,action_boundary,27,test,regression,normalized_action_progress,mean_r2,0.6259414553642273
actual,action_boundary,27,test,regression,raw_action,mean_r2,0.09176935255527496
actual,action_boundary,27,test,binary,target_grasped,auc,0.9900490231945562
actual,action_boundary,27,test,binary,target_moved,auc,0.9998096543322674
actual,action_boundary,27,test,binary,target_lifted,auc,0.999963208241354
actual,action_boundary,27,test,binary,near_target,auc,0.9864009093123326
actual,action_boundary,27,test,binary,near_basket,auc,0.99281330749354
actual,action_boundary,27,test,phase,phase_coarse,macro_f1,0.9128637566137566
actual,action_boundary,28,valid,regression,object_a_xyz,mean_r2,0.6903806328773499
actual,action_boundary,28,valid,regression,object_b_xyz,mean_r2,0.7531195282936096
actual,action_boundary,28,valid,regression,target_xyz,mean_r2,0.7703148722648621
actual,action_boundary,28,valid,regression,alternative_xyz,mean_r2,0.7917736172676086
actual,action_boundary,28,valid,regression,eef_xyz,mean_r2,0.744574248790741
actual,action_boundary,28,valid,regression,robot_joint_pos,mean_r2,0.7457619309425354
actual,action_boundary,28,valid,regression,gripper_width,mean_r2,0.6057044863700867
actual,action_boundary,28,valid,regression,target_to_eef_xyz,mean_r2,0.7416660189628601
actual,action_boundary,28,valid,regression,alternative_to_eef_xyz,mean_r2,0.7403327822685242
actual,action_boundary,28,valid,regression,target_to_basket_xyz,mean_r2,0.7236215472221375
actual,action_boundary,28,valid,regression,eef_target_distance,mean_r2,0.768168568611145
actual,action_boundary,28,valid,regression,eef_alternative_distance,mean_r2,0.7155619859695435
actual,action_boundary,28,valid,regression,target_basket_distance,mean_r2,0.7948108911514282
actual,action_boundary,28,valid,regression,target_displacement_xyz,mean_r2,0.7362169623374939
actual,action_boundary,28,valid,regression,target_speed_per_action_step,mean_r2,0.7033612728118896
actual,action_boundary,28,valid,regression,normalized_action_progress,mean_r2,0.5273158550262451
actual,action_boundary,28,valid,regression,raw_action,mean_r2,0.2506553530693054
actual,action_boundary,28,valid,binary,target_grasped,auc,0.9906677393403057
actual,action_boundary,28,valid,binary,target_moved,auc,0.9892663962136579
actual,action_boundary,28,valid,binary,target_lifted,auc,1.0
actual,action_boundary,28,valid,binary,near_target,auc,0.9992792792792793
actual,action_boundary,28,valid,binary,near_basket,auc,0.9941123188405797
actual,action_boundary,28,valid,phase,phase_coarse,macro_f1,0.9311555181969818
actual,action_boundary,28,test,regression,object_a_xyz,mean_r2,0.7703995704650879
actual,action_boundary,28,test,regression,object_b_xyz,mean_r2,0.7578928470611572
actual,action_boundary,28,test,regression,target_xyz,mean_r2,0.8258748054504395
actual,action_boundary,28,test,regression,alternative_xyz,mean_r2,0.8173537254333496
actual,action_boundary,28,test,regression,eef_xyz,mean_r2,0.7777926325798035
actual,action_boundary,28,test,regression,robot_joint_pos,mean_r2,0.7314618229866028
actual,action_boundary,28,test,regression,gripper_width,mean_r2,0.678742527961731
actual,action_boundary,28,test,regression,target_to_eef_xyz,mean_r2,0.624054491519928
actual,action_boundary,28,test,regression,alternative_to_eef_xyz,mean_r2,0.7338895797729492
actual,action_boundary,28,test,regression,target_to_basket_xyz,mean_r2,0.8044226765632629
actual,action_boundary,28,test,regression,eef_target_distance,mean_r2,0.7287071347236633
actual,action_boundary,28,test,regression,eef_alternative_distance,mean_r2,0.7217920422554016
actual,action_boundary,28,test,regression,target_basket_distance,mean_r2,0.8456836938858032
actual,action_boundary,28,test,regression,target_displacement_xyz,mean_r2,0.7753341794013977
actual,action_boundary,28,test,regression,target_speed_per_action_step,mean_r2,0.6333463191986084
actual,action_boundary,28,test,regression,normalized_action_progress,mean_r2,0.6323243379592896
actual,action_boundary,28,test,regression,raw_action,mean_r2,0.06467922776937485
actual,action_boundary,28,test,binary,target_grasped,auc,0.9920245847662252
actual,action_boundary,28,test,binary,target_moved,auc,0.9996954469316278
actual,action_boundary,28,test,binary,target_lifted,auc,1.0
actual,action_boundary,28,test,binary,near_target,auc,0.9909880652756353
actual,action_boundary,28,test,binary,near_basket,auc,0.9950339147286822
actual,action_boundary,28,test,phase,phase_coarse,macro_f1,0.918259142943235
actual,action_boundary,29,valid,regression,object_a_xyz,mean_r2,0.7308878898620605
actual,action_boundary,29,valid,regression,object_b_xyz,mean_r2,0.7360909581184387
actual,action_boundary,29,valid,regression,target_xyz,mean_r2,0.7704208493232727
actual,action_boundary,29,valid,regression,alternative_xyz,mean_r2,0.7530221343040466
actual,action_boundary,29,valid,regression,eef_xyz,mean_r2,0.7531204223632812
actual,action_boundary,29,valid,regression,robot_joint_pos,mean_r2,0.7250667214393616
actual,action_boundary,29,valid,regression,gripper_width,mean_r2,0.4061639904975891
actual,action_boundary,29,valid,regression,target_to_eef_xyz,mean_r2,0.7081874012947083
actual,action_boundary,29,valid,regression,alternative_to_eef_xyz,mean_r2,0.7178333401679993
actual,action_boundary,29,valid,regression,target_to_basket_xyz,mean_r2,0.7710719108581543
actual,action_boundary,29,valid,regression,eef_target_distance,mean_r2,0.7665203809738159
actual,action_boundary,29,valid,regression,eef_alternative_distance,mean_r2,0.6876057982444763
actual,action_boundary,29,valid,regression,target_basket_distance,mean_r2,0.7885826826095581
actual,action_boundary,29,valid,regression,target_displacement_xyz,mean_r2,0.7338943481445312
actual,action_boundary,29,valid,regression,target_speed_per_action_step,mean_r2,0.7462992072105408
actual,action_boundary,29,valid,regression,normalized_action_progress,mean_r2,0.5447551012039185
actual,action_boundary,29,valid,regression,raw_action,mean_r2,0.28530845046043396
actual,action_boundary,29,valid,binary,target_grasped,auc,0.9924376508447305
actual,action_boundary,29,valid,binary,target_moved,auc,0.9901115618661258
actual,action_boundary,29,valid,binary,target_lifted,auc,1.0
actual,action_boundary,29,valid,binary,near_target,auc,0.9991891891891892
actual,action_boundary,29,valid,binary,near_basket,auc,0.9930555555555556
actual,action_boundary,29,valid,phase,phase_coarse,macro_f1,0.9365623059019459
actual,action_boundary,29,test,regression,object_a_xyz,mean_r2,0.772962749004364
actual,action_boundary,29,test,regression,object_b_xyz,mean_r2,0.6968957781791687
actual,action_boundary,29,test,regression,target_xyz,mean_r2,0.7687249779701233
actual,action_boundary,29,test,regression,alternative_xyz,mean_r2,0.7693541646003723
actual,action_boundary,29,test,regression,eef_xyz,mean_r2,0.7909515500068665
actual,action_boundary,29,test,regression,robot_joint_pos,mean_r2,0.722383439540863
actual,action_boundary,29,test,regression,gripper_width,mean_r2,0.6134817600250244
actual,action_boundary,29,test,regression,target_to_eef_xyz,mean_r2,0.6895694732666016
actual,action_boundary,29,test,regression,alternative_to_eef_xyz,mean_r2,0.7135086059570312
actual,action_boundary,29,test,regression,target_to_basket_xyz,mean_r2,0.7796385288238525
actual,action_boundary,29,test,regression,eef_target_distance,mean_r2,0.7200000286102295
actual,action_boundary,29,test,regression,eef_alternative_distance,mean_r2,0.7291356325149536
actual,action_boundary,29,test,regression,target_basket_distance,mean_r2,0.824439525604248
actual,action_boundary,29,test,regression,target_displacement_xyz,mean_r2,0.7594072222709656
actual,action_boundary,29,test,regression,target_speed_per_action_step,mean_r2,0.6343352794647217
actual,action_boundary,29,test,regression,normalized_action_progress,mean_r2,0.5665620565414429
actual,action_boundary,29,test,regression,raw_action,mean_r2,0.08512711524963379
actual,action_boundary,29,test,binary,target_grasped,auc,0.9920245847662252
actual,action_boundary,29,test,binary,target_moved,auc,0.9994670321303487
actual,action_boundary,29,test,binary,target_lifted,auc,0.9995952906548933
actual,action_boundary,29,test,binary,near_target,auc,0.9893642932532273
actual,action_boundary,29,test,binary,near_basket,auc,0.9946705426356589
actual,action_boundary,29,test,phase,phase_coarse,macro_f1,0.9152010389676999
actual,action_boundary,30,valid,regression,object_a_xyz,mean_r2,0.7488970756530762
actual,action_boundary,30,valid,regression,object_b_xyz,mean_r2,0.7416612505912781
actual,action_boundary,30,valid,regression,target_xyz,mean_r2,0.7815844416618347
actual,action_boundary,30,valid,regression,alternative_xyz,mean_r2,0.7780625820159912
actual,action_boundary,30,valid,regression,eef_xyz,mean_r2,0.7335886359214783
actual,action_boundary,30,valid,regression,robot_joint_pos,mean_r2,0.7214285731315613
actual,action_boundary,30,valid,regression,gripper_width,mean_r2,0.5153474807739258
actual,action_boundary,30,valid,regression,target_to_eef_xyz,mean_r2,0.7173569202423096
actual,action_boundary,30,valid,regression,alternative_to_eef_xyz,mean_r2,0.7142933011054993
actual,action_boundary,30,valid,regression,target_to_basket_xyz,mean_r2,0.7380468249320984
actual,action_boundary,30,valid,regression,eef_target_distance,mean_r2,0.7690232992172241
actual,action_boundary,30,valid,regression,eef_alternative_distance,mean_r2,0.6820827722549438
actual,action_boundary,30,valid,regression,target_basket_distance,mean_r2,0.7906848788261414
actual,action_boundary,30,valid,regression,target_displacement_xyz,mean_r2,0.7455118298530579
actual,action_boundary,30,valid,regression,target_speed_per_action_step,mean_r2,0.7198590040206909
actual,action_boundary,30,valid,regression,normalized_action_progress,mean_r2,0.5205642580986023
actual,action_boundary,30,valid,regression,raw_action,mean_r2,0.20688997209072113
actual,action_boundary,30,valid,binary,target_grasped,auc,0.9930812550281577
actual,action_boundary,30,valid,binary,target_moved,auc,0.9917173766058147
actual,action_boundary,30,valid,binary,target_lifted,auc,1.0
actual,action_boundary,30,valid,binary,near_target,auc,0.9994594594594595
actual,action_boundary,30,valid,binary,near_basket,auc,0.992451690821256
actual,action_boundary,30,valid,phase,phase_coarse,macro_f1,0.9496089009363345
actual,action_boundary,30,test,regression,object_a_xyz,mean_r2,0.7812280654907227
actual,action_boundary,30,test,regression,object_b_xyz,mean_r2,0.7549657821655273
actual,action_boundary,30,test,regression,target_xyz,mean_r2,0.791569709777832
actual,action_boundary,30,test,regression,alternative_xyz,mean_r2,0.7913779616355896
actual,action_boundary,30,test,regression,eef_xyz,mean_r2,0.7651378512382507
actual,action_boundary,30,test,regression,robot_joint_pos,mean_r2,0.7055987119674683
actual,action_boundary,30,test,regression,gripper_width,mean_r2,0.683020830154419
actual,action_boundary,30,test,regression,target_to_eef_xyz,mean_r2,0.6623315215110779
actual,action_boundary,30,test,regression,alternative_to_eef_xyz,mean_r2,0.708198606967926
actual,action_boundary,30,test,regression,target_to_basket_xyz,mean_r2,0.7809762358665466
actual,action_boundary,30,test,regression,eef_target_distance,mean_r2,0.7219007015228271
actual,action_boundary,30,test,regression,eef_alternative_distance,mean_r2,0.7028933763504028
actual,action_boundary,30,test,regression,target_basket_distance,mean_r2,0.8215036988258362
actual,action_boundary,30,test,regression,target_displacement_xyz,mean_r2,0.7639629244804382
actual,action_boundary,30,test,regression,target_speed_per_action_step,mean_r2,0.6124801635742188
actual,action_boundary,30,test,regression,normalized_action_progress,mean_r2,0.5691710710525513
actual,action_boundary,30,test,regression,raw_action,mean_r2,0.004302042070776224
actual,action_boundary,30,test,binary,target_grasped,auc,0.9905246213506987
actual,action_boundary,30,test,binary,target_moved,auc,0.9997335160651744
actual,action_boundary,30,test,binary,target_lifted,auc,0.9997792494481236
actual,action_boundary,30,test,binary,near_target,auc,0.9901355849638711
actual,action_boundary,30,test,binary,near_basket,auc,0.9936208010335917
actual,action_boundary,30,test,phase,phase_coarse,macro_f1,0.887951374909461
actual,action_boundary,31,valid,regression,object_a_xyz,mean_r2,0.7844101786613464
actual,action_boundary,31,valid,regression,object_b_xyz,mean_r2,0.7816460728645325
actual,action_boundary,31,valid,regression,target_xyz,mean_r2,0.791650116443634
actual,action_boundary,31,valid,regression,alternative_xyz,mean_r2,0.7833297848701477
actual,action_boundary,31,valid,regression,eef_xyz,mean_r2,0.770402729511261
actual,action_boundary,31,valid,regression,robot_joint_pos,mean_r2,0.7336727380752563
actual,action_boundary,31,valid,regression,gripper_width,mean_r2,0.6004124879837036
actual,action_boundary,31,valid,regression,target_to_eef_xyz,mean_r2,0.727552592754364
actual,action_boundary,31,valid,regression,alternative_to_eef_xyz,mean_r2,0.7559535503387451
actual,action_boundary,31,valid,regression,target_to_basket_xyz,mean_r2,0.783621072769165
actual,action_boundary,31,valid,regression,eef_target_distance,mean_r2,0.7791705131530762
actual,action_boundary,31,valid,regression,eef_alternative_distance,mean_r2,0.7826876640319824
actual,action_boundary,31,valid,regression,target_basket_distance,mean_r2,0.7994401454925537
actual,action_boundary,31,valid,regression,target_displacement_xyz,mean_r2,0.7400810122489929
actual,action_boundary,31,valid,regression,target_speed_per_action_step,mean_r2,0.7249422669410706
actual,action_boundary,31,valid,regression,normalized_action_progress,mean_r2,0.5226068496704102
actual,action_boundary,31,valid,regression,raw_action,mean_r2,0.3098304569721222
actual,action_boundary,31,valid,binary,target_grasped,auc,0.989702333065165
actual,action_boundary,31,valid,binary,target_moved,auc,0.9907031778228533
actual,action_boundary,31,valid,binary,target_lifted,auc,1.0
actual,action_boundary,31,valid,binary,near_target,auc,0.999009009009009
actual,action_boundary,31,valid,binary,near_basket,auc,0.9915458937198067
actual,action_boundary,31,valid,phase,phase_coarse,macro_f1,0.9391760181233866
actual,action_boundary,31,test,regression,object_a_xyz,mean_r2,0.7920501232147217
actual,action_boundary,31,test,regression,object_b_xyz,mean_r2,0.7538745999336243
actual,action_boundary,31,test,regression,target_xyz,mean_r2,0.8165010809898376
actual,action_boundary,31,test,regression,alternative_xyz,mean_r2,0.8128589987754822
actual,action_boundary,31,test,regression,eef_xyz,mean_r2,0.7901613712310791
actual,action_boundary,31,test,regression,robot_joint_pos,mean_r2,0.7444633841514587
actual,action_boundary,31,test,regression,gripper_width,mean_r2,0.7605922818183899
actual,action_boundary,31,test,regression,target_to_eef_xyz,mean_r2,0.5995693802833557
actual,action_boundary,31,test,regression,alternative_to_eef_xyz,mean_r2,0.745622456073761
actual,action_boundary,31,test,regression,target_to_basket_xyz,mean_r2,0.8134433627128601
actual,action_boundary,31,test,regression,eef_target_distance,mean_r2,0.6853113174438477
actual,action_boundary,31,test,regression,eef_alternative_distance,mean_r2,0.7050797343254089
actual,action_boundary,31,test,regression,target_basket_distance,mean_r2,0.8411402106285095
actual,action_boundary,31,test,regression,target_displacement_xyz,mean_r2,0.8031498789787292
actual,action_boundary,31,test,regression,target_speed_per_action_step,mean_r2,0.5826021432876587
actual,action_boundary,31,test,regression,normalized_action_progress,mean_r2,0.6669086217880249
actual,action_boundary,31,test,regression,raw_action,mean_r2,0.09728642553091049
actual,action_boundary,31,test,binary,target_grasped,auc,0.9873783566254482
actual,action_boundary,31,test,binary,target_moved,auc,0.9994670321303487
actual,action_boundary,31,test,binary,target_lifted,auc,0.9994849153789551
actual,action_boundary,31,test,binary,near_target,auc,0.9870910124218559
actual,action_boundary,31,test,binary,near_basket,auc,0.9953165374677002
actual,action_boundary,31,test,phase,phase_coarse,macro_f1,0.9267774384375267
actual,visual_mean,0,valid,regression,object_a_xyz,mean_r2,0.949267566204071
actual,visual_mean,0,valid,regression,object_b_xyz,mean_r2,0.9570493698120117
actual,visual_mean,0,valid,regression,target_xyz,mean_r2,0.9601756930351257
actual,visual_mean,0,valid,regression,alternative_xyz,mean_r2,0.9722396731376648
actual,visual_mean,0,valid,regression,eef_xyz,mean_r2,0.9719491004943848
actual,visual_mean,0,valid,regression,robot_joint_pos,mean_r2,0.9680600166320801
actual,visual_mean,0,valid,regression,gripper_width,mean_r2,0.7538160085678101
actual,visual_mean,0,valid,regression,target_to_eef_xyz,mean_r2,0.9113408923149109
actual,visual_mean,0,valid,regression,alternative_to_eef_xyz,mean_r2,0.9680197834968567
actual,visual_mean,0,valid,regression,target_to_basket_xyz,mean_r2,0.9579780697822571
actual,visual_mean,0,valid,regression,eef_target_distance,mean_r2,0.9589567184448242
actual,visual_mean,0,valid,regression,eef_alternative_distance,mean_r2,0.9683269262313843
actual,visual_mean,0,valid,regression,target_basket_distance,mean_r2,0.9802463054656982
actual,visual_mean,0,valid,regression,target_displacement_xyz,mean_r2,0.9366326332092285
actual,visual_mean,0,valid,regression,target_speed_per_action_step,mean_r2,0.8486385345458984
actual,visual_mean,0,valid,regression,normalized_action_progress,mean_r2,0.7714884281158447
actual,visual_mean,0,valid,regression,raw_action,mean_r2,0.45635801553726196
actual,visual_mean,0,valid,binary,target_grasped,auc,0.996781979082864
actual,visual_mean,0,valid,binary,target_moved,auc,0.9977180527383367
actual,visual_mean,0,valid,binary,target_lifted,auc,0.9993507547476059
actual,visual_mean,0,valid,binary,near_target,auc,0.9998198198198198
actual,visual_mean,0,valid,binary,near_basket,auc,0.9918478260869565
actual,visual_mean,0,valid,phase,phase_coarse,macro_f1,0.924845322105596
actual,visual_mean,0,test,regression,object_a_xyz,mean_r2,0.9643386006355286
actual,visual_mean,0,test,regression,object_b_xyz,mean_r2,0.9615471959114075
actual,visual_mean,0,test,regression,target_xyz,mean_r2,0.963323175907135
actual,visual_mean,0,test,regression,alternative_xyz,mean_r2,0.9703724980354309
actual,visual_mean,0,test,regression,eef_xyz,mean_r2,0.9721714854240417
actual,visual_mean,0,test,regression,robot_joint_pos,mean_r2,0.9665204882621765
actual,visual_mean,0,test,regression,gripper_width,mean_r2,0.889404296875
actual,visual_mean,0,test,regression,target_to_eef_xyz,mean_r2,0.9082711338996887
actual,visual_mean,0,test,regression,alternative_to_eef_xyz,mean_r2,0.9687153697013855
actual,visual_mean,0,test,regression,target_to_basket_xyz,mean_r2,0.967248260974884
actual,visual_mean,0,test,regression,eef_target_distance,mean_r2,0.9411465525627136
actual,visual_mean,0,test,regression,eef_alternative_distance,mean_r2,0.9515665769577026
actual,visual_mean,0,test,regression,target_basket_distance,mean_r2,0.984893798828125
actual,visual_mean,0,test,regression,target_displacement_xyz,mean_r2,0.9468092322349548
actual,visual_mean,0,test,regression,target_speed_per_action_step,mean_r2,0.831968367099762
actual,visual_mean,0,test,regression,normalized_action_progress,mean_r2,0.7179645299911499
actual,visual_mean,0,test,regression,raw_action,mean_r2,0.2231687754392624
actual,visual_mean,0,test,binary,target_grasped,auc,0.9683544303797469
actual,visual_mean,0,test,binary,target_moved,auc,0.9997335160651744
actual,visual_mean,0,test,binary,target_lifted,auc,0.9997792494481236
actual,visual_mean,0,test,binary,near_target,auc,0.9900949906633109
actual,visual_mean,0,test,binary,near_basket,auc,0.9988695090439277
actual,visual_mean,0,test,phase,phase_coarse,macro_f1,0.8920120956320051
actual,visual_mean,1,valid,regression,object_a_xyz,mean_r2,0.9508607387542725
actual,visual_mean,1,valid,regression,object_b_xyz,mean_r2,0.9502351880073547
actual,visual_mean,1,valid,regression,target_xyz,mean_r2,0.9602740406990051
actual,visual_mean,1,valid,regression,alternative_xyz,mean_r2,0.9771822094917297
actual,visual_mean,1,valid,regression,eef_xyz,mean_r2,0.9762770533561707
actual,visual_mean,1,valid,regression,robot_joint_pos,mean_r2,0.9712511897087097
actual,visual_mean,1,valid,regression,gripper_width,mean_r2,0.8000195026397705
actual,visual_mean,1,valid,regression,target_to_eef_xyz,mean_r2,0.8947965502738953
actual,visual_mean,1,valid,regression,alternative_to_eef_xyz,mean_r2,0.9661667346954346
actual,visual_mean,1,valid,regression,target_to_basket_xyz,mean_r2,0.9574607014656067
actual,visual_mean,1,valid,regression,eef_target_distance,mean_r2,0.9446777105331421
actual,visual_mean,1,valid,regression,eef_alternative_distance,mean_r2,0.9625431299209595
actual,visual_mean,1,valid,regression,target_basket_distance,mean_r2,0.9739165902137756
actual,visual_mean,1,valid,regression,target_displacement_xyz,mean_r2,0.9357141852378845
actual,visual_mean,1,valid,regression,target_speed_per_action_step,mean_r2,0.8917890191078186
actual,visual_mean,1,valid,regression,normalized_action_progress,mean_r2,0.7251957058906555
actual,visual_mean,1,valid,regression,raw_action,mean_r2,0.4721326231956482
actual,visual_mean,1,valid,binary,target_grasped,auc,0.9964601769911504
actual,visual_mean,1,valid,binary,target_moved,auc,0.995605138607167
actual,visual_mean,1,valid,binary,target_lifted,auc,0.9992695990910566
actual,visual_mean,1,valid,binary,near_target,auc,0.9997297297297297
actual,visual_mean,1,valid,binary,near_basket,auc,0.9939613526570048
actual,visual_mean,1,valid,phase,phase_coarse,macro_f1,0.9175119425955908
actual,visual_mean,1,test,regression,object_a_xyz,mean_r2,0.9572507739067078
actual,visual_mean,1,test,regression,object_b_xyz,mean_r2,0.9583398699760437
actual,visual_mean,1,test,regression,target_xyz,mean_r2,0.9668178558349609
actual,visual_mean,1,test,regression,alternative_xyz,mean_r2,0.9699094891548157
actual,visual_mean,1,test,regression,eef_xyz,mean_r2,0.9743766784667969
actual,visual_mean,1,test,regression,robot_joint_pos,mean_r2,0.9592355489730835
actual,visual_mean,1,test,regression,gripper_width,mean_r2,0.8541474342346191
actual,visual_mean,1,test,regression,target_to_eef_xyz,mean_r2,0.8938748836517334
actual,visual_mean,1,test,regression,alternative_to_eef_xyz,mean_r2,0.9638020992279053
actual,visual_mean,1,test,regression,target_to_basket_xyz,mean_r2,0.957668125629425
actual,visual_mean,1,test,regression,eef_target_distance,mean_r2,0.9154316186904907
actual,visual_mean,1,test,regression,eef_alternative_distance,mean_r2,0.9416705965995789
actual,visual_mean,1,test,regression,target_basket_distance,mean_r2,0.9840942621231079
actual,visual_mean,1,test,regression,target_displacement_xyz,mean_r2,0.94432133436203
actual,visual_mean,1,test,regression,target_speed_per_action_step,mean_r2,0.7658584117889404
actual,visual_mean,1,test,regression,normalized_action_progress,mean_r2,0.7115041017532349
actual,visual_mean,1,test,regression,raw_action,mean_r2,0.24978843331336975
actual,visual_mean,1,test,binary,target_grasped,auc,0.9742079461476549
actual,visual_mean,1,test,binary,target_moved,auc,0.9996954469316278
actual,visual_mean,1,test,binary,target_lifted,auc,0.9997792494481236
actual,visual_mean,1,test,binary,near_target,auc,0.9856296176016888
actual,visual_mean,1,test,binary,near_basket,auc,0.9983042635658915
actual,visual_mean,1,test,phase,phase_coarse,macro_f1,0.8793451181085246
actual,visual_mean,2,valid,regression,object_a_xyz,mean_r2,0.9493019580841064
actual,visual_mean,2,valid,regression,object_b_xyz,mean_r2,0.9549819827079773
actual,visual_mean,2,valid,regression,target_xyz,mean_r2,0.9583497047424316
actual,visual_mean,2,valid,regression,alternative_xyz,mean_r2,0.9729435443878174
actual,visual_mean,2,valid,regression,eef_xyz,mean_r2,0.9701163172721863
actual,visual_mean,2,valid,regression,robot_joint_pos,mean_r2,0.9709490537643433
actual,visual_mean,2,valid,regression,gripper_width,mean_r2,0.7798075675964355
actual,visual_mean,2,valid,regression,target_to_eef_xyz,mean_r2,0.9073709845542908
actual,visual_mean,2,valid,regression,alternative_to_eef_xyz,mean_r2,0.9589948654174805
actual,visual_mean,2,valid,regression,target_to_basket_xyz,mean_r2,0.9507972598075867
actual,visual_mean,2,valid,regression,eef_target_distance,mean_r2,0.960249125957489
actual,visual_mean,2,valid,regression,eef_alternative_distance,mean_r2,0.9646568894386292
actual,visual_mean,2,valid,regression,target_basket_distance,mean_r2,0.9782923460006714
actual,visual_mean,2,valid,regression,target_displacement_xyz,mean_r2,0.9326241612434387
actual,visual_mean,2,valid,regression,target_speed_per_action_step,mean_r2,0.8929342031478882
actual,visual_mean,2,valid,regression,normalized_action_progress,mean_r2,0.688264787197113
actual,visual_mean,2,valid,regression,raw_action,mean_r2,0.45695024728775024
actual,visual_mean,2,valid,binary,target_grasped,auc,0.996379726468222
actual,visual_mean,2,valid,binary,target_moved,auc,0.9969574036511156
actual,visual_mean,2,valid,binary,target_lifted,auc,0.9995130660607044
actual,visual_mean,2,valid,binary,near_target,auc,0.9997297297297297
actual,visual_mean,2,valid,binary,near_basket,auc,0.9936594202898551
actual,visual_mean,2,valid,phase,phase_coarse,macro_f1,0.9192903137857266
actual,visual_mean,2,test,regression,object_a_xyz,mean_r2,0.9637076258659363
actual,visual_mean,2,test,regression,object_b_xyz,mean_r2,0.9562003016471863
actual,visual_mean,2,test,regression,target_xyz,mean_r2,0.9627407193183899
actual,visual_mean,2,test,regression,alternative_xyz,mean_r2,0.9673445820808411
actual,visual_mean,2,test,regression,eef_xyz,mean_r2,0.9740290641784668
actual,visual_mean,2,test,regression,robot_joint_pos,mean_r2,0.9647928476333618
actual,visual_mean,2,test,regression,gripper_width,mean_r2,0.894518256187439
actual,visual_mean,2,test,regression,target_to_eef_xyz,mean_r2,0.9083471298217773
actual,visual_mean,2,test,regression,alternative_to_eef_xyz,mean_r2,0.9630683064460754
actual,visual_mean,2,test,regression,target_to_basket_xyz,mean_r2,0.9570510983467102
actual,visual_mean,2,test,regression,eef_target_distance,mean_r2,0.9008448123931885
actual,visual_mean,2,test,regression,eef_alternative_distance,mean_r2,0.947700560092926
actual,visual_mean,2,test,regression,target_basket_distance,mean_r2,0.9822292327880859
actual,visual_mean,2,test,regression,target_displacement_xyz,mean_r2,0.9385047554969788
actual,visual_mean,2,test,regression,target_speed_per_action_step,mean_r2,0.8189734816551208
actual,visual_mean,2,test,regression,normalized_action_progress,mean_r2,0.718550443649292
actual,visual_mean,2,test,regression,raw_action,mean_r2,0.18844948709011078
actual,visual_mean,2,test,binary,target_grasped,auc,0.9704397453720641
actual,visual_mean,2,test,binary,target_moved,auc,0.9996573777980813
actual,visual_mean,2,test,binary,target_lifted,auc,0.9998160412067697
actual,visual_mean,2,test,binary,near_target,auc,0.98790289843306
actual,visual_mean,2,test,binary,near_basket,auc,0.998546511627907
actual,visual_mean,2,test,phase,phase_coarse,macro_f1,0.9027515412438314
actual,visual_mean,3,valid,regression,object_a_xyz,mean_r2,0.942469596862793
actual,visual_mean,3,valid,regression,object_b_xyz,mean_r2,0.9523043036460876
actual,visual_mean,3,valid,regression,target_xyz,mean_r2,0.9564446806907654
actual,visual_mean,3,valid,regression,alternative_xyz,mean_r2,0.9777539372444153
actual,visual_mean,3,valid,regression,eef_xyz,mean_r2,0.974288284778595
actual,visual_mean,3,valid,regression,robot_joint_pos,mean_r2,0.9683404564857483
actual,visual_mean,3,valid,regression,gripper_width,mean_r2,0.7796090245246887
actual,visual_mean,3,valid,regression,target_to_eef_xyz,mean_r2,0.9043506979942322
actual,visual_mean,3,valid,regression,alternative_to_eef_xyz,mean_r2,0.9668631553649902
actual,visual_mean,3,valid,regression,target_to_basket_xyz,mean_r2,0.9436741471290588
actual,visual_mean,3,valid,regression,eef_target_distance,mean_r2,0.9521406292915344
actual,visual_mean,3,valid,regression,eef_alternative_distance,mean_r2,0.967772901058197
actual,visual_mean,3,valid,regression,target_basket_distance,mean_r2,0.9767820835113525
actual,visual_mean,3,valid,regression,target_displacement_xyz,mean_r2,0.9322411417961121
actual,visual_mean,3,valid,regression,target_speed_per_action_step,mean_r2,0.890432596206665
actual,visual_mean,3,valid,regression,normalized_action_progress,mean_r2,0.7508353590965271
actual,visual_mean,3,valid,regression,raw_action,mean_r2,0.4676647186279297
actual,visual_mean,3,valid,binary,target_grasped,auc,0.9966210780370073
actual,visual_mean,3,valid,binary,target_moved,auc,0.998394185260311
actual,visual_mean,3,valid,binary,target_lifted,auc,0.9990261321214089
actual,visual_mean,3,valid,binary,near_target,auc,0.9997297297297297
actual,visual_mean,3,valid,binary,near_basket,auc,0.9951690821256038
actual,visual_mean,3,valid,phase,phase_coarse,macro_f1,0.9212006470261526
actual,visual_mean,3,test,regression,object_a_xyz,mean_r2,0.9621574282646179
actual,visual_mean,3,test,regression,object_b_xyz,mean_r2,0.9632658362388611
actual,visual_mean,3,test,regression,target_xyz,mean_r2,0.9609377384185791
actual,visual_mean,3,test,regression,alternative_xyz,mean_r2,0.9693551063537598
actual,visual_mean,3,test,regression,eef_xyz,mean_r2,0.967620849609375
actual,visual_mean,3,test,regression,robot_joint_pos,mean_r2,0.957823634147644
actual,visual_mean,3,test,regression,gripper_width,mean_r2,0.8698958158493042
actual,visual_mean,3,test,regression,target_to_eef_xyz,mean_r2,0.8900856971740723
actual,visual_mean,3,test,regression,alternative_to_eef_xyz,mean_r2,0.9626917839050293
actual,visual_mean,3,test,regression,target_to_basket_xyz,mean_r2,0.9660906791687012
actual,visual_mean,3,test,regression,eef_target_distance,mean_r2,0.9147744178771973
actual,visual_mean,3,test,regression,eef_alternative_distance,mean_r2,0.9513545632362366
actual,visual_mean,3,test,regression,target_basket_distance,mean_r2,0.9836356043815613
actual,visual_mean,3,test,regression,target_displacement_xyz,mean_r2,0.9505501389503479
actual,visual_mean,3,test,regression,target_speed_per_action_step,mean_r2,0.821922779083252
actual,visual_mean,3,test,regression,normalized_action_progress,mean_r2,0.7283873558044434
actual,visual_mean,3,test,regression,raw_action,mean_r2,0.25043734908103943
actual,visual_mean,3,test,binary,target_grasped,auc,0.9702568230043169
actual,visual_mean,3,test,binary,target_moved,auc,0.9996573777980813
actual,visual_mean,3,test,binary,target_lifted,auc,0.9996688741721854
actual,visual_mean,3,test,binary,near_target,auc,0.9896078590565884
actual,visual_mean,3,test,binary,near_basket,auc,0.9979005167958657
actual,visual_mean,3,test,phase,phase_coarse,macro_f1,0.8831133905760771
actual,visual_mean,4,valid,regression,object_a_xyz,mean_r2,0.9394731521606445
actual,visual_mean,4,valid,regression,object_b_xyz,mean_r2,0.9296007752418518
actual,visual_mean,4,valid,regression,target_xyz,mean_r2,0.9454324841499329
actual,visual_mean,4,valid,regression,alternative_xyz,mean_r2,0.9708021283149719
actual,visual_mean,4,valid,regression,eef_xyz,mean_r2,0.9778714179992676
actual,visual_mean,4,valid,regression,robot_joint_pos,mean_r2,0.9666517972946167
actual,visual_mean,4,valid,regression,gripper_width,mean_r2,0.8229667544364929
actual,visual_mean,4,valid,regression,target_to_eef_xyz,mean_r2,0.9175146222114563
actual,visual_mean,4,valid,regression,alternative_to_eef_xyz,mean_r2,0.9639487862586975
actual,visual_mean,4,valid,regression,target_to_basket_xyz,mean_r2,0.9567267298698425
actual,visual_mean,4,valid,regression,eef_target_distance,mean_r2,0.9345225095748901
actual,visual_mean,4,valid,regression,eef_alternative_distance,mean_r2,0.9620311260223389
actual,visual_mean,4,valid,regression,target_basket_distance,mean_r2,0.9741734862327576
actual,visual_mean,4,valid,regression,target_displacement_xyz,mean_r2,0.9323236346244812
actual,visual_mean,4,valid,regression,target_speed_per_action_step,mean_r2,0.8463467359542847
actual,visual_mean,4,valid,regression,normalized_action_progress,mean_r2,0.7584556937217712
actual,visual_mean,4,valid,regression,raw_action,mean_r2,0.473220556974411
actual,visual_mean,4,valid,binary,target_grasped,auc,0.9962188254223653
actual,visual_mean,4,valid,binary,target_moved,auc,0.998816768086545
actual,visual_mean,4,valid,binary,target_lifted,auc,0.9992695990910566
actual,visual_mean,4,valid,binary,near_target,auc,0.9996396396396396
actual,visual_mean,4,valid,binary,near_basket,auc,0.9966787439613527
actual,visual_mean,4,valid,phase,phase_coarse,macro_f1,0.9176060948265986
actual,visual_mean,4,test,regression,object_a_xyz,mean_r2,0.9560560584068298
actual,visual_mean,4,test,regression,object_b_xyz,mean_r2,0.9573631882667542
actual,visual_mean,4,test,regression,target_xyz,mean_r2,0.9468402862548828
actual,visual_mean,4,test,regression,alternative_xyz,mean_r2,0.9642130732536316
actual,visual_mean,4,test,regression,eef_xyz,mean_r2,0.9779869914054871
actual,visual_mean,4,test,regression,robot_joint_pos,mean_r2,0.9594314694404602
actual,visual_mean,4,test,regression,gripper_width,mean_r2,0.9008606672286987
actual,visual_mean,4,test,regression,target_to_eef_xyz,mean_r2,0.8958755135536194
actual,visual_mean,4,test,regression,alternative_to_eef_xyz,mean_r2,0.9649414420127869
actual,visual_mean,4,test,regression,target_to_basket_xyz,mean_r2,0.9638044238090515
actual,visual_mean,4,test,regression,eef_target_distance,mean_r2,0.9446825981140137
actual,visual_mean,4,test,regression,eef_alternative_distance,mean_r2,0.9552032947540283
actual,visual_mean,4,test,regression,target_basket_distance,mean_r2,0.9809367060661316
actual,visual_mean,4,test,regression,target_displacement_xyz,mean_r2,0.9393313527107239
actual,visual_mean,4,test,regression,target_speed_per_action_step,mean_r2,0.7876374125480652
actual,visual_mean,4,test,regression,normalized_action_progress,mean_r2,0.7347450256347656
actual,visual_mean,4,test,regression,raw_action,mean_r2,0.29514026641845703
actual,visual_mean,4,test,binary,target_grasped,auc,0.9830248042730665
actual,visual_mean,4,test,binary,target_moved,auc,0.9996954469316278
actual,visual_mean,4,test,binary,target_lifted,auc,0.9998528329654157
actual,visual_mean,4,test,binary,near_target,auc,0.9906633108711537
actual,visual_mean,4,test,binary,near_basket,auc,0.9973352713178295
actual,visual_mean,4,test,phase,phase_coarse,macro_f1,0.882469654528478
actual,visual_mean,5,valid,regression,object_a_xyz,mean_r2,0.9541694521903992
actual,visual_mean,5,valid,regression,object_b_xyz,mean_r2,0.9494045376777649
actual,visual_mean,5,valid,regression,target_xyz,mean_r2,0.9599034190177917
actual,visual_mean,5,valid,regression,alternative_xyz,mean_r2,0.972557544708252
actual,visual_mean,5,valid,regression,eef_xyz,mean_r2,0.9807993769645691
actual,visual_mean,5,valid,regression,robot_joint_pos,mean_r2,0.9724302291870117
actual,visual_mean,5,valid,regression,gripper_width,mean_r2,0.8139682412147522
actual,visual_mean,5,valid,regression,target_to_eef_xyz,mean_r2,0.9171721339225769
actual,visual_mean,5,valid,regression,alternative_to_eef_xyz,mean_r2,0.9692316651344299
actual,visual_mean,5,valid,regression,target_to_basket_xyz,mean_r2,0.9470252990722656
actual,visual_mean,5,valid,regression,eef_target_distance,mean_r2,0.9515267014503479
actual,visual_mean,5,valid,regression,eef_alternative_distance,mean_r2,0.9691082239151001
actual,visual_mean,5,valid,regression,target_basket_distance,mean_r2,0.9758909344673157
actual,visual_mean,5,valid,regression,target_displacement_xyz,mean_r2,0.9266683459281921
actual,visual_mean,5,valid,regression,target_speed_per_action_step,mean_r2,0.8769724369049072
actual,visual_mean,5,valid,regression,normalized_action_progress,mean_r2,0.7702825665473938
actual,visual_mean,5,valid,regression,raw_action,mean_r2,0.43801626563072205
actual,visual_mean,5,valid,binary,target_grasped,auc,0.9967015285599357
actual,visual_mean,5,valid,binary,target_moved,auc,0.9989012846517917
actual,visual_mean,5,valid,binary,target_lifted,auc,0.9991884434345074
actual,visual_mean,5,valid,binary,near_target,auc,0.9996396396396396
actual,visual_mean,5,valid,binary,near_basket,auc,0.9906400966183575
actual,visual_mean,5,valid,phase,phase_coarse,macro_f1,0.9321715542187148
actual,visual_mean,5,test,regression,object_a_xyz,mean_r2,0.9583757519721985
actual,visual_mean,5,test,regression,object_b_xyz,mean_r2,0.9591593146324158
actual,visual_mean,5,test,regression,target_xyz,mean_r2,0.9664574265480042
actual,visual_mean,5,test,regression,alternative_xyz,mean_r2,0.9712643027305603
actual,visual_mean,5,test,regression,eef_xyz,mean_r2,0.9764544367790222
actual,visual_mean,5,test,regression,robot_joint_pos,mean_r2,0.9634861946105957
actual,visual_mean,5,test,regression,gripper_width,mean_r2,0.9118144512176514
actual,visual_mean,5,test,regression,target_to_eef_xyz,mean_r2,0.9126898646354675
actual,visual_mean,5,test,regression,alternative_to_eef_xyz,mean_r2,0.9719481468200684
actual,visual_mean,5,test,regression,target_to_basket_xyz,mean_r2,0.9676329493522644
actual,visual_mean,5,test,regression,eef_target_distance,mean_r2,0.9122868180274963
actual,visual_mean,5,test,regression,eef_alternative_distance,mean_r2,0.9674386382102966
actual,visual_mean,5,test,regression,target_basket_distance,mean_r2,0.9831810593605042
actual,visual_mean,5,test,regression,target_displacement_xyz,mean_r2,0.9486183524131775
actual,visual_mean,5,test,regression,target_speed_per_action_step,mean_r2,0.8184394836425781
actual,visual_mean,5,test,regression,normalized_action_progress,mean_r2,0.739180326461792
actual,visual_mean,5,test,regression,raw_action,mean_r2,0.19240619242191315
actual,visual_mean,5,test,binary,target_grasped,auc,0.972488475890832
actual,visual_mean,5,test,binary,target_moved,auc,0.9996954469316278
actual,visual_mean,5,test,binary,target_lifted,auc,0.9998896247240618
actual,visual_mean,5,test,binary,near_target,auc,0.9902979621661119
actual,visual_mean,5,test,binary,near_basket,auc,0.9977390180878553
actual,visual_mean,5,test,phase,phase_coarse,macro_f1,0.8799727928613651
actual,visual_mean,6,valid,regression,object_a_xyz,mean_r2,0.9502176642417908
actual,visual_mean,6,valid,regression,object_b_xyz,mean_r2,0.9427244067192078
actual,visual_mean,6,valid,regression,target_xyz,mean_r2,0.9590346217155457
actual,visual_mean,6,valid,regression,alternative_xyz,mean_r2,0.9787171483039856
actual,visual_mean,6,valid,regression,eef_xyz,mean_r2,0.9780157208442688
actual,visual_mean,6,valid,regression,robot_joint_pos,mean_r2,0.9714147448539734
actual,visual_mean,6,valid,regression,gripper_width,mean_r2,0.8111400604248047
actual,visual_mean,6,valid,regression,target_to_eef_xyz,mean_r2,0.9170903563499451
actual,visual_mean,6,valid,regression,alternative_to_eef_xyz,mean_r2,0.9688031077384949
actual,visual_mean,6,valid,regression,target_to_basket_xyz,mean_r2,0.9514322876930237
actual,visual_mean,6,valid,regression,eef_target_distance,mean_r2,0.9506582021713257
actual,visual_mean,6,valid,regression,eef_alternative_distance,mean_r2,0.9575572609901428
actual,visual_mean,6,valid,regression,target_basket_distance,mean_r2,0.9683396220207214
actual,visual_mean,6,valid,regression,target_displacement_xyz,mean_r2,0.9278666377067566
actual,visual_mean,6,valid,regression,target_speed_per_action_step,mean_r2,0.8911166191101074
actual,visual_mean,6,valid,regression,normalized_action_progress,mean_r2,0.7258659601211548
actual,visual_mean,6,valid,regression,raw_action,mean_r2,0.4382456839084625
actual,visual_mean,6,valid,binary,target_grasped,auc,0.9958970233306517
actual,visual_mean,6,valid,binary,target_moved,auc,0.9990703177822853
actual,visual_mean,6,valid,binary,target_lifted,auc,0.9994319104041551
actual,visual_mean,6,valid,binary,near_target,auc,0.9997297297297297
actual,visual_mean,6,valid,binary,near_basket,auc,0.9966787439613527
actual,visual_mean,6,valid,phase,phase_coarse,macro_f1,0.9300993350957302
actual,visual_mean,6,test,regression,object_a_xyz,mean_r2,0.9610493183135986
actual,visual_mean,6,test,regression,object_b_xyz,mean_r2,0.9522452354431152
actual,visual_mean,6,test,regression,target_xyz,mean_r2,0.9645435214042664
actual,visual_mean,6,test,regression,alternative_xyz,mean_r2,0.9692020416259766
actual,visual_mean,6,test,regression,eef_xyz,mean_r2,0.9725074768066406
actual,visual_mean,6,test,regression,robot_joint_pos,mean_r2,0.9616793394088745
actual,visual_mean,6,test,regression,gripper_width,mean_r2,0.898012101650238
actual,visual_mean,6,test,regression,target_to_eef_xyz,mean_r2,0.905622661113739
actual,visual_mean,6,test,regression,alternative_to_eef_xyz,mean_r2,0.9708854556083679
actual,visual_mean,6,test,regression,target_to_basket_xyz,mean_r2,0.9716052412986755
actual,visual_mean,6,test,regression,eef_target_distance,mean_r2,0.9493576288223267
actual,visual_mean,6,test,regression,eef_alternative_distance,mean_r2,0.9648560285568237
actual,visual_mean,6,test,regression,target_basket_distance,mean_r2,0.9862066507339478
actual,visual_mean,6,test,regression,target_displacement_xyz,mean_r2,0.9562676548957825
actual,visual_mean,6,test,regression,target_speed_per_action_step,mean_r2,0.805611252784729
actual,visual_mean,6,test,regression,normalized_action_progress,mean_r2,0.7539460062980652
actual,visual_mean,6,test,regression,raw_action,mean_r2,0.23581352829933167
actual,visual_mean,6,test,binary,target_grasped,auc,0.9793297724445745
actual,visual_mean,6,test,binary,target_moved,auc,0.9996193086645347
actual,visual_mean,6,test,binary,target_lifted,auc,0.9998528329654157
actual,visual_mean,6,test,binary,near_target,auc,0.9887553787448242
actual,visual_mean,6,test,binary,near_basket,auc,0.9970122739018088
actual,visual_mean,6,test,phase,phase_coarse,macro_f1,0.8939936775553216
actual,visual_mean,7,valid,regression,object_a_xyz,mean_r2,0.942877471446991
actual,visual_mean,7,valid,regression,object_b_xyz,mean_r2,0.9431983828544617
actual,visual_mean,7,valid,regression,target_xyz,mean_r2,0.9554442763328552
actual,visual_mean,7,valid,regression,alternative_xyz,mean_r2,0.9677088260650635
actual,visual_mean,7,valid,regression,eef_xyz,mean_r2,0.97318434715271
actual,visual_mean,7,valid,regression,robot_joint_pos,mean_r2,0.9697566628456116
actual,visual_mean,7,valid,regression,gripper_width,mean_r2,0.7911904454231262
actual,visual_mean,7,valid,regression,target_to_eef_xyz,mean_r2,0.9204196929931641
actual,visual_mean,7,valid,regression,alternative_to_eef_xyz,mean_r2,0.9671261310577393
actual,visual_mean,7,valid,regression,target_to_basket_xyz,mean_r2,0.9590134620666504
actual,visual_mean,7,valid,regression,eef_target_distance,mean_r2,0.9472490549087524
actual,visual_mean,7,valid,regression,eef_alternative_distance,mean_r2,0.9590903520584106
actual,visual_mean,7,valid,regression,target_basket_distance,mean_r2,0.9710628390312195
actual,visual_mean,7,valid,regression,target_displacement_xyz,mean_r2,0.9201962947845459
actual,visual_mean,7,valid,regression,target_speed_per_action_step,mean_r2,0.89206463098526
actual,visual_mean,7,valid,regression,normalized_action_progress,mean_r2,0.6909704208374023
actual,visual_mean,7,valid,regression,raw_action,mean_r2,0.45982858538627625
actual,visual_mean,7,valid,binary,target_grasped,auc,0.9965406275140788
actual,visual_mean,7,valid,binary,target_moved,auc,0.9984787018255578
actual,visual_mean,7,valid,binary,target_lifted,auc,0.999675377373803
actual,visual_mean,7,valid,binary,near_target,auc,0.9996396396396396
actual,visual_mean,7,valid,binary,near_basket,auc,0.9960748792270532
actual,visual_mean,7,valid,phase,phase_coarse,macro_f1,0.9377930562141089
actual,visual_mean,7,test,regression,object_a_xyz,mean_r2,0.957697868347168
actual,visual_mean,7,test,regression,object_b_xyz,mean_r2,0.9525675177574158
actual,visual_mean,7,test,regression,target_xyz,mean_r2,0.9676054120063782
actual,visual_mean,7,test,regression,alternative_xyz,mean_r2,0.959069550037384
actual,visual_mean,7,test,regression,eef_xyz,mean_r2,0.9727422595024109
actual,visual_mean,7,test,regression,robot_joint_pos,mean_r2,0.9653568267822266
actual,visual_mean,7,test,regression,gripper_width,mean_r2,0.8882042169570923
actual,visual_mean,7,test,regression,target_to_eef_xyz,mean_r2,0.8982307314872742
actual,visual_mean,7,test,regression,alternative_to_eef_xyz,mean_r2,0.96354740858078
actual,visual_mean,7,test,regression,target_to_basket_xyz,mean_r2,0.9653943181037903
actual,visual_mean,7,test,regression,eef_target_distance,mean_r2,0.914543867111206
actual,visual_mean,7,test,regression,eef_alternative_distance,mean_r2,0.9683509469032288
actual,visual_mean,7,test,regression,target_basket_distance,mean_r2,0.979883074760437
actual,visual_mean,7,test,regression,target_displacement_xyz,mean_r2,0.9371654391288757
actual,visual_mean,7,test,regression,target_speed_per_action_step,mean_r2,0.7799344658851624
actual,visual_mean,7,test,regression,normalized_action_progress,mean_r2,0.7727946043014526
actual,visual_mean,7,test,regression,raw_action,mean_r2,0.17553439736366272
actual,visual_mean,7,test,binary,target_grasped,auc,0.9829882197995171
actual,visual_mean,7,test,binary,target_moved,auc,0.9995812395309883
actual,visual_mean,7,test,binary,target_lifted,auc,0.9998160412067697
actual,visual_mean,7,test,binary,near_target,auc,0.9897296419582691
actual,visual_mean,7,test,binary,near_basket,auc,0.9962047803617571
actual,visual_mean,7,test,phase,phase_coarse,macro_f1,0.8817195624887932
actual,visual_mean,8,valid,regression,object_a_xyz,mean_r2,0.9485397934913635
actual,visual_mean,8,valid,regression,object_b_xyz,mean_r2,0.9385833740234375
actual,visual_mean,8,valid,regression,target_xyz,mean_r2,0.954770565032959
actual,visual_mean,8,valid,regression,alternative_xyz,mean_r2,0.9751710891723633
actual,visual_mean,8,valid,regression,eef_xyz,mean_r2,0.9745363593101501
actual,visual_mean,8,valid,regression,robot_joint_pos,mean_r2,0.9681305289268494
actual,visual_mean,8,valid,regression,gripper_width,mean_r2,0.8305970430374146
actual,visual_mean,8,valid,regression,target_to_eef_xyz,mean_r2,0.9310347437858582
actual,visual_mean,8,valid,regression,alternative_to_eef_xyz,mean_r2,0.9644718170166016
actual,visual_mean,8,valid,regression,target_to_basket_xyz,mean_r2,0.9584115147590637
actual,visual_mean,8,valid,regression,eef_target_distance,mean_r2,0.9561304450035095
actual,visual_mean,8,valid,regression,eef_alternative_distance,mean_r2,0.9622477293014526
actual,visual_mean,8,valid,regression,target_basket_distance,mean_r2,0.9758657217025757
actual,visual_mean,8,valid,regression,target_displacement_xyz,mean_r2,0.9289652705192566
actual,visual_mean,8,valid,regression,target_speed_per_action_step,mean_r2,0.8753922581672668
actual,visual_mean,8,valid,regression,normalized_action_progress,mean_r2,0.6984090805053711
actual,visual_mean,8,valid,regression,raw_action,mean_r2,0.4399081766605377
actual,visual_mean,8,valid,binary,target_grasped,auc,0.99597747385358
actual,visual_mean,8,valid,binary,target_moved,auc,0.9976335361730899
actual,visual_mean,8,valid,binary,target_lifted,auc,0.9995130660607044
actual,visual_mean,8,valid,binary,near_target,auc,0.9996396396396396
actual,visual_mean,8,valid,binary,near_basket,auc,0.9957729468599034
actual,visual_mean,8,valid,phase,phase_coarse,macro_f1,0.930518027833464
actual,visual_mean,8,test,regression,object_a_xyz,mean_r2,0.962498128414154
actual,visual_mean,8,test,regression,object_b_xyz,mean_r2,0.9538138508796692
actual,visual_mean,8,test,regression,target_xyz,mean_r2,0.9694035053253174
actual,visual_mean,8,test,regression,alternative_xyz,mean_r2,0.9718557000160217
actual,visual_mean,8,test,regression,eef_xyz,mean_r2,0.9791318774223328
actual,visual_mean,8,test,regression,robot_joint_pos,mean_r2,0.9562716484069824
actual,visual_mean,8,test,regression,gripper_width,mean_r2,0.9064608216285706
actual,visual_mean,8,test,regression,target_to_eef_xyz,mean_r2,0.9184014201164246
actual,visual_mean,8,test,regression,alternative_to_eef_xyz,mean_r2,0.9619522094726562
actual,visual_mean,8,test,regression,target_to_basket_xyz,mean_r2,0.970940113067627
actual,visual_mean,8,test,regression,eef_target_distance,mean_r2,0.943728506565094
actual,visual_mean,8,test,regression,eef_alternative_distance,mean_r2,0.9585680365562439
actual,visual_mean,8,test,regression,target_basket_distance,mean_r2,0.9824897050857544
actual,visual_mean,8,test,regression,target_displacement_xyz,mean_r2,0.9600555896759033
actual,visual_mean,8,test,regression,target_speed_per_action_step,mean_r2,0.8141956329345703
actual,visual_mean,8,test,regression,normalized_action_progress,mean_r2,0.755675196647644
actual,visual_mean,8,test,regression,raw_action,mean_r2,0.21762831509113312
actual,visual_mean,8,test,binary,target_grasped,auc,0.983500402429209
actual,visual_mean,8,test,binary,target_moved,auc,0.9995431703974418
actual,visual_mean,8,test,binary,target_lifted,auc,0.9998896247240618
actual,visual_mean,8,test,binary,near_target,auc,0.9908256880733946
actual,visual_mean,8,test,binary,near_basket,auc,0.9950742894056848
actual,visual_mean,8,test,phase,phase_coarse,macro_f1,0.9278869711702623
actual,visual_mean,9,valid,regression,object_a_xyz,mean_r2,0.9391669631004333
actual,visual_mean,9,valid,regression,object_b_xyz,mean_r2,0.9369179606437683
actual,visual_mean,9,valid,regression,target_xyz,mean_r2,0.9577980637550354
actual,visual_mean,9,valid,regression,alternative_xyz,mean_r2,0.9762949347496033
actual,visual_mean,9,valid,regression,eef_xyz,mean_r2,0.9699029922485352
actual,visual_mean,9,valid,regression,robot_joint_pos,mean_r2,0.969734251499176
actual,visual_mean,9,valid,regression,gripper_width,mean_r2,0.7783393263816833
actual,visual_mean,9,valid,regression,target_to_eef_xyz,mean_r2,0.9370129108428955
actual,visual_mean,9,valid,regression,alternative_to_eef_xyz,mean_r2,0.9629508852958679
actual,visual_mean,9,valid,regression,target_to_basket_xyz,mean_r2,0.9512562155723572
actual,visual_mean,9,valid,regression,eef_target_distance,mean_r2,0.9495224356651306
actual,visual_mean,9,valid,regression,eef_alternative_distance,mean_r2,0.9582841992378235
actual,visual_mean,9,valid,regression,target_basket_distance,mean_r2,0.977311909198761
actual,visual_mean,9,valid,regression,target_displacement_xyz,mean_r2,0.9274621605873108
actual,visual_mean,9,valid,regression,target_speed_per_action_step,mean_r2,0.8958829045295715
actual,visual_mean,9,valid,regression,normalized_action_progress,mean_r2,0.7079365253448486
actual,visual_mean,9,valid,regression,raw_action,mean_r2,0.4520404636859894
actual,visual_mean,9,valid,binary,target_grasped,auc,0.9965406275140788
actual,visual_mean,9,valid,binary,target_moved,auc,0.9989858012170385
actual,visual_mean,9,valid,binary,target_lifted,auc,0.9995130660607044
actual,visual_mean,9,valid,binary,near_target,auc,0.9998198198198198
actual,visual_mean,9,valid,binary,near_basket,auc,0.9960748792270532
actual,visual_mean,9,valid,phase,phase_coarse,macro_f1,0.9458770682302889
actual,visual_mean,9,test,regression,object_a_xyz,mean_r2,0.9627585411071777
actual,visual_mean,9,test,regression,object_b_xyz,mean_r2,0.9540472626686096
actual,visual_mean,9,test,regression,target_xyz,mean_r2,0.9573030471801758
actual,visual_mean,9,test,regression,alternative_xyz,mean_r2,0.96956467628479
actual,visual_mean,9,test,regression,eef_xyz,mean_r2,0.9657854437828064
actual,visual_mean,9,test,regression,robot_joint_pos,mean_r2,0.957724392414093
actual,visual_mean,9,test,regression,gripper_width,mean_r2,0.8974228501319885
actual,visual_mean,9,test,regression,target_to_eef_xyz,mean_r2,0.9125834107398987
actual,visual_mean,9,test,regression,alternative_to_eef_xyz,mean_r2,0.9627060294151306
actual,visual_mean,9,test,regression,target_to_basket_xyz,mean_r2,0.9609630703926086
actual,visual_mean,9,test,regression,eef_target_distance,mean_r2,0.9079138040542603
actual,visual_mean,9,test,regression,eef_alternative_distance,mean_r2,0.9554399251937866
actual,visual_mean,9,test,regression,target_basket_distance,mean_r2,0.982464611530304
actual,visual_mean,9,test,regression,target_displacement_xyz,mean_r2,0.9524769186973572
actual,visual_mean,9,test,regression,target_speed_per_action_step,mean_r2,0.793607771396637
actual,visual_mean,9,test,regression,normalized_action_progress,mean_r2,0.76264488697052
actual,visual_mean,9,test,regression,raw_action,mean_r2,0.2236541509628296
actual,visual_mean,9,test,binary,target_grasped,auc,0.9813419184897929
actual,visual_mean,9,test,binary,target_moved,auc,0.9995812395309883
actual,visual_mean,9,test,binary,target_lifted,auc,0.9998896247240618
actual,visual_mean,9,test,binary,near_target,auc,0.9895672647560283
actual,visual_mean,9,test,binary,near_basket,auc,0.9966085271317829
actual,visual_mean,9,test,phase,phase_coarse,macro_f1,0.906775005282468
actual,visual_mean,10,valid,regression,object_a_xyz,mean_r2,0.940614640712738
actual,visual_mean,10,valid,regression,object_b_xyz,mean_r2,0.9354350566864014
actual,visual_mean,10,valid,regression,target_xyz,mean_r2,0.9585666656494141
actual,visual_mean,10,valid,regression,alternative_xyz,mean_r2,0.9628980159759521
actual,visual_mean,10,valid,regression,eef_xyz,mean_r2,0.9722779393196106
actual,visual_mean,10,valid,regression,robot_joint_pos,mean_r2,0.9674846529960632
actual,visual_mean,10,valid,regression,gripper_width,mean_r2,0.805910587310791
actual,visual_mean,10,valid,regression,target_to_eef_xyz,mean_r2,0.9277853965759277
actual,visual_mean,10,valid,regression,alternative_to_eef_xyz,mean_r2,0.9609615206718445
actual,visual_mean,10,valid,regression,target_to_basket_xyz,mean_r2,0.9537186622619629
actual,visual_mean,10,valid,regression,eef_target_distance,mean_r2,0.9613024592399597
actual,visual_mean,10,valid,regression,eef_alternative_distance,mean_r2,0.9540950059890747
actual,visual_mean,10,valid,regression,target_basket_distance,mean_r2,0.9658315777778625
actual,visual_mean,10,valid,regression,target_displacement_xyz,mean_r2,0.9096470475196838
actual,visual_mean,10,valid,regression,target_speed_per_action_step,mean_r2,0.8707056641578674
actual,visual_mean,10,valid,regression,normalized_action_progress,mean_r2,0.7920122146606445
actual,visual_mean,10,valid,regression,raw_action,mean_r2,0.41800013184547424
actual,visual_mean,10,valid,binary,target_grasped,auc,0.995575221238938
actual,visual_mean,10,valid,binary,target_moved,auc,0.9989858012170385
actual,visual_mean,10,valid,binary,target_lifted,auc,0.9998376886869015
actual,visual_mean,10,valid,binary,near_target,auc,0.9998198198198198
actual,visual_mean,10,valid,binary,near_basket,auc,0.9969806763285024
actual,visual_mean,10,valid,phase,phase_coarse,macro_f1,0.9412765785920149
actual,visual_mean,10,test,regression,object_a_xyz,mean_r2,0.9655218124389648
actual,visual_mean,10,test,regression,object_b_xyz,mean_r2,0.9635586142539978
actual,visual_mean,10,test,regression,target_xyz,mean_r2,0.968900740146637
actual,visual_mean,10,test,regression,alternative_xyz,mean_r2,0.9648247361183167
actual,visual_mean,10,test,regression,eef_xyz,mean_r2,0.9712643027305603
actual,visual_mean,10,test,regression,robot_joint_pos,mean_r2,0.9617489576339722
actual,visual_mean,10,test,regression,gripper_width,mean_r2,0.9155362248420715
actual,visual_mean,10,test,regression,target_to_eef_xyz,mean_r2,0.9166317582130432
actual,visual_mean,10,test,regression,alternative_to_eef_xyz,mean_r2,0.958442211151123
actual,visual_mean,10,test,regression,target_to_basket_xyz,mean_r2,0.9699518084526062
actual,visual_mean,10,test,regression,eef_target_distance,mean_r2,0.9531168937683105
actual,visual_mean,10,test,regression,eef_alternative_distance,mean_r2,0.947393536567688
actual,visual_mean,10,test,regression,target_basket_distance,mean_r2,0.9849169850349426
actual,visual_mean,10,test,regression,target_displacement_xyz,mean_r2,0.9588193893432617
actual,visual_mean,10,test,regression,target_speed_per_action_step,mean_r2,0.7809655666351318
actual,visual_mean,10,test,regression,normalized_action_progress,mean_r2,0.7711641788482666
actual,visual_mean,10,test,regression,raw_action,mean_r2,0.14671270549297333
actual,visual_mean,10,test,binary,target_grasped,auc,0.9848540279505378
actual,visual_mean,10,test,binary,target_moved,auc,0.9994670321303487
actual,visual_mean,10,test,binary,target_lifted,auc,0.9998528329654157
actual,visual_mean,10,test,binary,near_target,auc,0.992530648696923
actual,visual_mean,10,test,binary,near_basket,auc,0.9874838501291989
actual,visual_mean,10,test,phase,phase_coarse,macro_f1,0.9482451191198616
actual,visual_mean,11,valid,regression,object_a_xyz,mean_r2,0.936765193939209
actual,visual_mean,11,valid,regression,object_b_xyz,mean_r2,0.9272624850273132
actual,visual_mean,11,valid,regression,target_xyz,mean_r2,0.9518871307373047
actual,visual_mean,11,valid,regression,alternative_xyz,mean_r2,0.9598954319953918
actual,visual_mean,11,valid,regression,eef_xyz,mean_r2,0.9749282002449036
actual,visual_mean,11,valid,regression,robot_joint_pos,mean_r2,0.9626585841178894
actual,visual_mean,11,valid,regression,gripper_width,mean_r2,0.7924535274505615
actual,visual_mean,11,valid,regression,target_to_eef_xyz,mean_r2,0.9335452914237976
actual,visual_mean,11,valid,regression,alternative_to_eef_xyz,mean_r2,0.9611325263977051
actual,visual_mean,11,valid,regression,target_to_basket_xyz,mean_r2,0.951841413974762
actual,visual_mean,11,valid,regression,eef_target_distance,mean_r2,0.9568982124328613
actual,visual_mean,11,valid,regression,eef_alternative_distance,mean_r2,0.9624612331390381
actual,visual_mean,11,valid,regression,target_basket_distance,mean_r2,0.976128876209259
actual,visual_mean,11,valid,regression,target_displacement_xyz,mean_r2,0.9100365042686462
actual,visual_mean,11,valid,regression,target_speed_per_action_step,mean_r2,0.8830903768539429
actual,visual_mean,11,valid,regression,normalized_action_progress,mean_r2,0.7911003232002258
actual,visual_mean,11,valid,regression,raw_action,mean_r2,0.4661411643028259
actual,visual_mean,11,valid,binary,target_grasped,auc,0.9958970233306517
actual,visual_mean,11,valid,binary,target_moved,auc,0.9979716024340771
actual,visual_mean,11,valid,binary,target_lifted,auc,0.9999188443434507
actual,visual_mean,11,valid,binary,near_target,auc,0.9995495495495496
actual,visual_mean,11,valid,binary,near_basket,auc,0.9950181159420289
actual,visual_mean,11,valid,phase,phase_coarse,macro_f1,0.9558513931888545
actual,visual_mean,11,test,regression,object_a_xyz,mean_r2,0.9627645611763
actual,visual_mean,11,test,regression,object_b_xyz,mean_r2,0.9595953822135925
actual,visual_mean,11,test,regression,target_xyz,mean_r2,0.9698711037635803
actual,visual_mean,11,test,regression,alternative_xyz,mean_r2,0.9636380672454834
actual,visual_mean,11,test,regression,eef_xyz,mean_r2,0.9733778834342957
actual,visual_mean,11,test,regression,robot_joint_pos,mean_r2,0.9501420259475708
actual,visual_mean,11,test,regression,gripper_width,mean_r2,0.921316385269165
actual,visual_mean,11,test,regression,target_to_eef_xyz,mean_r2,0.911700963973999
actual,visual_mean,11,test,regression,alternative_to_eef_xyz,mean_r2,0.9618039727210999
actual,visual_mean,11,test,regression,target_to_basket_xyz,mean_r2,0.9618915915489197
actual,visual_mean,11,test,regression,eef_target_distance,mean_r2,0.9499942064285278
actual,visual_mean,11,test,regression,eef_alternative_distance,mean_r2,0.956187903881073
actual,visual_mean,11,test,regression,target_basket_distance,mean_r2,0.9780907034873962
actual,visual_mean,11,test,regression,target_displacement_xyz,mean_r2,0.955115795135498
actual,visual_mean,11,test,regression,target_speed_per_action_step,mean_r2,0.749942421913147
actual,visual_mean,11,test,regression,normalized_action_progress,mean_r2,0.7485312223434448
actual,visual_mean,11,test,regression,raw_action,mean_r2,0.2681877911090851
actual,visual_mean,11,test,binary,target_grasped,auc,0.988402721884832
actual,visual_mean,11,test,binary,target_moved,auc,0.9995812395309883
actual,visual_mean,11,test,binary,target_lifted,auc,0.9999264164827079
actual,visual_mean,11,test,binary,near_target,auc,0.9902167735649915
actual,visual_mean,11,test,binary,near_basket,auc,0.9828811369509044
actual,visual_mean,11,test,phase,phase_coarse,macro_f1,0.942084592173836
actual,visual_mean,12,valid,regression,object_a_xyz,mean_r2,0.9438502788543701
actual,visual_mean,12,valid,regression,object_b_xyz,mean_r2,0.9337542057037354
actual,visual_mean,12,valid,regression,target_xyz,mean_r2,0.9529754519462585
actual,visual_mean,12,valid,regression,alternative_xyz,mean_r2,0.9579102993011475
actual,visual_mean,12,valid,regression,eef_xyz,mean_r2,0.9639495015144348
actual,visual_mean,12,valid,regression,robot_joint_pos,mean_r2,0.9662172198295593
actual,visual_mean,12,valid,regression,gripper_width,mean_r2,0.8037304878234863
actual,visual_mean,12,valid,regression,target_to_eef_xyz,mean_r2,0.926401674747467
actual,visual_mean,12,valid,regression,alternative_to_eef_xyz,mean_r2,0.9533006548881531
actual,visual_mean,12,valid,regression,target_to_basket_xyz,mean_r2,0.9519047141075134
actual,visual_mean,12,valid,regression,eef_target_distance,mean_r2,0.9545947313308716
actual,visual_mean,12,valid,regression,eef_alternative_distance,mean_r2,0.943916916847229
actual,visual_mean,12,valid,regression,target_basket_distance,mean_r2,0.9713030457496643
actual,visual_mean,12,valid,regression,target_displacement_xyz,mean_r2,0.9184415936470032
actual,visual_mean,12,valid,regression,target_speed_per_action_step,mean_r2,0.8575822710990906
actual,visual_mean,12,valid,regression,normalized_action_progress,mean_r2,0.7497282028198242
actual,visual_mean,12,valid,regression,raw_action,mean_r2,0.45662838220596313
actual,visual_mean,12,valid,binary,target_grasped,auc,0.9968624296057924
actual,visual_mean,12,valid,binary,target_moved,auc,0.9982251521298174
actual,visual_mean,12,valid,binary,target_lifted,auc,0.9999188443434507
actual,visual_mean,12,valid,binary,near_target,auc,0.9993693693693694
actual,visual_mean,12,valid,binary,near_basket,auc,0.9957729468599034
actual,visual_mean,12,valid,phase,phase_coarse,macro_f1,0.9726041570930061
actual,visual_mean,12,test,regression,object_a_xyz,mean_r2,0.9589452743530273
actual,visual_mean,12,test,regression,object_b_xyz,mean_r2,0.9592536091804504
actual,visual_mean,12,test,regression,target_xyz,mean_r2,0.9673888683319092
actual,visual_mean,12,test,regression,alternative_xyz,mean_r2,0.9606687426567078
actual,visual_mean,12,test,regression,eef_xyz,mean_r2,0.9649683833122253
actual,visual_mean,12,test,regression,robot_joint_pos,mean_r2,0.9573088884353638
actual,visual_mean,12,test,regression,gripper_width,mean_r2,0.9005090594291687
actual,visual_mean,12,test,regression,target_to_eef_xyz,mean_r2,0.9121848940849304
actual,visual_mean,12,test,regression,alternative_to_eef_xyz,mean_r2,0.9612181782722473
actual,visual_mean,12,test,regression,target_to_basket_xyz,mean_r2,0.9690995812416077
actual,visual_mean,12,test,regression,eef_target_distance,mean_r2,0.9516515731811523
actual,visual_mean,12,test,regression,eef_alternative_distance,mean_r2,0.9531154036521912
actual,visual_mean,12,test,regression,target_basket_distance,mean_r2,0.9854615926742554
actual,visual_mean,12,test,regression,target_displacement_xyz,mean_r2,0.9544048309326172
actual,visual_mean,12,test,regression,target_speed_per_action_step,mean_r2,0.7532695531845093
actual,visual_mean,12,test,regression,normalized_action_progress,mean_r2,0.7397431135177612
actual,visual_mean,12,test,regression,raw_action,mean_r2,0.25636228919029236
actual,visual_mean,12,test,binary,target_grasped,auc,0.988914904514524
actual,visual_mean,12,test,binary,target_moved,auc,0.9995812395309883
actual,visual_mean,12,test,binary,target_lifted,auc,0.9999264164827079
actual,visual_mean,12,test,binary,near_target,auc,0.9920841113907607
actual,visual_mean,12,test,binary,near_basket,auc,0.9953165374677002
actual,visual_mean,12,test,phase,phase_coarse,macro_f1,0.9275903723465388
actual,visual_mean,13,valid,regression,object_a_xyz,mean_r2,0.9295663833618164
actual,visual_mean,13,valid,regression,object_b_xyz,mean_r2,0.9325529932975769
actual,visual_mean,13,valid,regression,target_xyz,mean_r2,0.9375960230827332
actual,visual_mean,13,valid,regression,alternative_xyz,mean_r2,0.9607039093971252
actual,visual_mean,13,valid,regression,eef_xyz,mean_r2,0.9565329551696777
actual,visual_mean,13,valid,regression,robot_joint_pos,mean_r2,0.9584677815437317
actual,visual_mean,13,valid,regression,gripper_width,mean_r2,0.839784562587738
actual,visual_mean,13,valid,regression,target_to_eef_xyz,mean_r2,0.9226005673408508
actual,visual_mean,13,valid,regression,alternative_to_eef_xyz,mean_r2,0.9480976462364197
actual,visual_mean,13,valid,regression,target_to_basket_xyz,mean_r2,0.9400367736816406
actual,visual_mean,13,valid,regression,eef_target_distance,mean_r2,0.9428935050964355
actual,visual_mean,13,valid,regression,eef_alternative_distance,mean_r2,0.9479559063911438
actual,visual_mean,13,valid,regression,target_basket_distance,mean_r2,0.9663584232330322
actual,visual_mean,13,valid,regression,target_displacement_xyz,mean_r2,0.9201604723930359
actual,visual_mean,13,valid,regression,target_speed_per_action_step,mean_r2,0.8810783624649048
actual,visual_mean,13,valid,regression,normalized_action_progress,mean_r2,0.7600528001785278
actual,visual_mean,13,valid,regression,raw_action,mean_r2,0.4912971556186676
actual,visual_mean,13,valid,binary,target_grasped,auc,0.99597747385358
actual,visual_mean,13,valid,binary,target_moved,auc,0.9977180527383367
actual,visual_mean,13,valid,binary,target_lifted,auc,0.9999188443434507
actual,visual_mean,13,valid,binary,near_target,auc,0.9994594594594595
actual,visual_mean,13,valid,binary,near_basket,auc,0.9969806763285024
actual,visual_mean,13,valid,phase,phase_coarse,macro_f1,0.9609648546781471
actual,visual_mean,13,test,regression,object_a_xyz,mean_r2,0.9559926390647888
actual,visual_mean,13,test,regression,object_b_xyz,mean_r2,0.9529521465301514
actual,visual_mean,13,test,regression,target_xyz,mean_r2,0.9636030197143555
actual,visual_mean,13,test,regression,alternative_xyz,mean_r2,0.9632382392883301
actual,visual_mean,13,test,regression,eef_xyz,mean_r2,0.9460257887840271
actual,visual_mean,13,test,regression,robot_joint_pos,mean_r2,0.9511433839797974
actual,visual_mean,13,test,regression,gripper_width,mean_r2,0.9012120962142944
actual,visual_mean,13,test,regression,target_to_eef_xyz,mean_r2,0.905119001865387
actual,visual_mean,13,test,regression,alternative_to_eef_xyz,mean_r2,0.9485769271850586
actual,visual_mean,13,test,regression,target_to_basket_xyz,mean_r2,0.9539313912391663
actual,visual_mean,13,test,regression,eef_target_distance,mean_r2,0.9260339140892029
actual,visual_mean,13,test,regression,eef_alternative_distance,mean_r2,0.9533730745315552
actual,visual_mean,13,test,regression,target_basket_distance,mean_r2,0.9781338572502136
actual,visual_mean,13,test,regression,target_displacement_xyz,mean_r2,0.9451673030853271
actual,visual_mean,13,test,regression,target_speed_per_action_step,mean_r2,0.793654203414917
actual,visual_mean,13,test,regression,normalized_action_progress,mean_r2,0.7292087078094482
actual,visual_mean,13,test,regression,raw_action,mean_r2,0.2591112554073334
actual,visual_mean,13,test,binary,target_grasped,auc,0.9858783932099217
actual,visual_mean,13,test,binary,target_moved,auc,0.9994670321303487
actual,visual_mean,13,test,binary,target_lifted,auc,0.999963208241354
actual,visual_mean,13,test,binary,near_target,auc,0.9905009336689129
actual,visual_mean,13,test,binary,near_basket,auc,0.9953972868217055
actual,visual_mean,13,test,phase,phase_coarse,macro_f1,0.9410730024665995
actual,visual_mean,14,valid,regression,object_a_xyz,mean_r2,0.943159818649292
actual,visual_mean,14,valid,regression,object_b_xyz,mean_r2,0.9386863112449646
actual,visual_mean,14,valid,regression,target_xyz,mean_r2,0.9526249766349792
actual,visual_mean,14,valid,regression,alternative_xyz,mean_r2,0.9630321860313416
actual,visual_mean,14,valid,regression,eef_xyz,mean_r2,0.9667186737060547
actual,visual_mean,14,valid,regression,robot_joint_pos,mean_r2,0.959628701210022
actual,visual_mean,14,valid,regression,gripper_width,mean_r2,0.8291114568710327
actual,visual_mean,14,valid,regression,target_to_eef_xyz,mean_r2,0.9206810593605042
actual,visual_mean,14,valid,regression,alternative_to_eef_xyz,mean_r2,0.9509781002998352
actual,visual_mean,14,valid,regression,target_to_basket_xyz,mean_r2,0.9539290070533752
actual,visual_mean,14,valid,regression,eef_target_distance,mean_r2,0.939875066280365
actual,visual_mean,14,valid,regression,eef_alternative_distance,mean_r2,0.9503836035728455
actual,visual_mean,14,valid,regression,target_basket_distance,mean_r2,0.9706575870513916
actual,visual_mean,14,valid,regression,target_displacement_xyz,mean_r2,0.9362726807594299
actual,visual_mean,14,valid,regression,target_speed_per_action_step,mean_r2,0.8828368782997131
actual,visual_mean,14,valid,regression,normalized_action_progress,mean_r2,0.7278107404708862
actual,visual_mean,14,valid,regression,raw_action,mean_r2,0.4512011706829071
actual,visual_mean,14,valid,binary,target_grasped,auc,0.9948511665325824
actual,visual_mean,14,valid,binary,target_moved,auc,0.9981406355645707
actual,visual_mean,14,valid,binary,target_lifted,auc,0.9999188443434507
actual,visual_mean,14,valid,binary,near_target,auc,0.9997297297297297
actual,visual_mean,14,valid,binary,near_basket,auc,0.9972826086956522
actual,visual_mean,14,valid,phase,phase_coarse,macro_f1,0.9682816756635585
actual,visual_mean,14,test,regression,object_a_xyz,mean_r2,0.9558603167533875
actual,visual_mean,14,test,regression,object_b_xyz,mean_r2,0.9601197838783264
actual,visual_mean,14,test,regression,target_xyz,mean_r2,0.9703337550163269
actual,visual_mean,14,test,regression,alternative_xyz,mean_r2,0.9671304821968079
actual,visual_mean,14,test,regression,eef_xyz,mean_r2,0.9571056962013245
actual,visual_mean,14,test,regression,robot_joint_pos,mean_r2,0.9524441957473755
actual,visual_mean,14,test,regression,gripper_width,mean_r2,0.9214802980422974
actual,visual_mean,14,test,regression,target_to_eef_xyz,mean_r2,0.9014949202537537
actual,visual_mean,14,test,regression,alternative_to_eef_xyz,mean_r2,0.9461323618888855
actual,visual_mean,14,test,regression,target_to_basket_xyz,mean_r2,0.9726646542549133
actual,visual_mean,14,test,regression,eef_target_distance,mean_r2,0.9581255316734314
actual,visual_mean,14,test,regression,eef_alternative_distance,mean_r2,0.960117757320404
actual,visual_mean,14,test,regression,target_basket_distance,mean_r2,0.9764175415039062
actual,visual_mean,14,test,regression,target_displacement_xyz,mean_r2,0.9577903747558594
actual,visual_mean,14,test,regression,target_speed_per_action_step,mean_r2,0.8154600858688354
actual,visual_mean,14,test,regression,normalized_action_progress,mean_r2,0.7293891906738281
actual,visual_mean,14,test,regression,raw_action,mean_r2,0.20391952991485596
actual,visual_mean,14,test,binary,target_grasped,auc,0.9934513792346528
actual,visual_mean,14,test,binary,target_moved,auc,0.9995051012638952
actual,visual_mean,14,test,binary,target_lifted,auc,0.999963208241354
actual,visual_mean,14,test,binary,near_target,auc,0.9928959974019648
actual,visual_mean,14,test,binary,near_basket,auc,0.997093023255814
actual,visual_mean,14,test,phase,phase_coarse,macro_f1,0.9560959262571496
actual,visual_mean,15,valid,regression,object_a_xyz,mean_r2,0.9445969462394714
actual,visual_mean,15,valid,regression,object_b_xyz,mean_r2,0.9304808974266052
actual,visual_mean,15,valid,regression,target_xyz,mean_r2,0.9512922167778015
actual,visual_mean,15,valid,regression,alternative_xyz,mean_r2,0.9609106183052063
actual,visual_mean,15,valid,regression,eef_xyz,mean_r2,0.960494339466095
actual,visual_mean,15,valid,regression,robot_joint_pos,mean_r2,0.9566304087638855
actual,visual_mean,15,valid,regression,gripper_width,mean_r2,0.8047292232513428
actual,visual_mean,15,valid,regression,target_to_eef_xyz,mean_r2,0.9086449146270752
actual,visual_mean,15,valid,regression,alternative_to_eef_xyz,mean_r2,0.9452419281005859
actual,visual_mean,15,valid,regression,target_to_basket_xyz,mean_r2,0.9451608657836914
actual,visual_mean,15,valid,regression,eef_target_distance,mean_r2,0.9444499611854553
actual,visual_mean,15,valid,regression,eef_alternative_distance,mean_r2,0.9528611302375793
actual,visual_mean,15,valid,regression,target_basket_distance,mean_r2,0.9594912528991699
actual,visual_mean,15,valid,regression,target_displacement_xyz,mean_r2,0.9074967503547668
actual,visual_mean,15,valid,regression,target_speed_per_action_step,mean_r2,0.9074475169181824
actual,visual_mean,15,valid,regression,normalized_action_progress,mean_r2,0.7251633405685425
actual,visual_mean,15,valid,regression,raw_action,mean_r2,0.4666312038898468
actual,visual_mean,15,valid,binary,target_grasped,auc,0.9956556717618664
actual,visual_mean,15,valid,binary,target_moved,auc,0.9978870858688302
actual,visual_mean,15,valid,binary,target_lifted,auc,0.9999188443434507
actual,visual_mean,15,valid,binary,near_target,auc,0.9995495495495496
actual,visual_mean,15,valid,binary,near_basket,auc,0.9963768115942029
actual,visual_mean,15,valid,phase,phase_coarse,macro_f1,0.9426553097720145
actual,visual_mean,15,test,regression,object_a_xyz,mean_r2,0.9568069577217102
actual,visual_mean,15,test,regression,object_b_xyz,mean_r2,0.9520144462585449
actual,visual_mean,15,test,regression,target_xyz,mean_r2,0.9673182368278503
actual,visual_mean,15,test,regression,alternative_xyz,mean_r2,0.960469663143158
actual,visual_mean,15,test,regression,eef_xyz,mean_r2,0.9573444724082947
actual,visual_mean,15,test,regression,robot_joint_pos,mean_r2,0.939970076084137
actual,visual_mean,15,test,regression,gripper_width,mean_r2,0.881658673286438
actual,visual_mean,15,test,regression,target_to_eef_xyz,mean_r2,0.902782142162323
actual,visual_mean,15,test,regression,alternative_to_eef_xyz,mean_r2,0.9448890686035156
actual,visual_mean,15,test,regression,target_to_basket_xyz,mean_r2,0.9623743891716003
actual,visual_mean,15,test,regression,eef_target_distance,mean_r2,0.9369089007377625
actual,visual_mean,15,test,regression,eef_alternative_distance,mean_r2,0.956787109375
actual,visual_mean,15,test,regression,target_basket_distance,mean_r2,0.97625333070755
actual,visual_mean,15,test,regression,target_displacement_xyz,mean_r2,0.943794310092926
actual,visual_mean,15,test,regression,target_speed_per_action_step,mean_r2,0.8323683738708496
actual,visual_mean,15,test,regression,normalized_action_progress,mean_r2,0.7361045479774475
actual,visual_mean,15,test,regression,raw_action,mean_r2,0.22869658470153809
actual,visual_mean,15,test,binary,target_grasped,auc,0.9901587766152045
actual,visual_mean,15,test,binary,target_moved,auc,0.9993908938632556
actual,visual_mean,15,test,binary,target_lifted,auc,0.9999264164827079
actual,visual_mean,15,test,binary,near_target,auc,0.9915969797840383
actual,visual_mean,15,test,binary,near_basket,auc,0.9988695090439277
actual,visual_mean,15,test,phase,phase_coarse,macro_f1,0.9327154730877453
actual,visual_mean,16,valid,regression,object_a_xyz,mean_r2,0.9344585537910461
actual,visual_mean,16,valid,regression,object_b_xyz,mean_r2,0.9338058829307556
actual,visual_mean,16,valid,regression,target_xyz,mean_r2,0.944265604019165
actual,visual_mean,16,valid,regression,alternative_xyz,mean_r2,0.9557964205741882
actual,visual_mean,16,valid,regression,eef_xyz,mean_r2,0.9639844298362732
actual,visual_mean,16,valid,regression,robot_joint_pos,mean_r2,0.956239640712738
actual,visual_mean,16,valid,regression,gripper_width,mean_r2,0.807273268699646
actual,visual_mean,16,valid,regression,target_to_eef_xyz,mean_r2,0.9093829989433289
actual,visual_mean,16,valid,regression,alternative_to_eef_xyz,mean_r2,0.9437646269798279
actual,visual_mean,16,valid,regression,target_to_basket_xyz,mean_r2,0.9406328201293945
actual,visual_mean,16,valid,regression,eef_target_distance,mean_r2,0.9403594136238098
actual,visual_mean,16,valid,regression,eef_alternative_distance,mean_r2,0.9433347582817078
actual,visual_mean,16,valid,regression,target_basket_distance,mean_r2,0.9636818766593933
actual,visual_mean,16,valid,regression,target_displacement_xyz,mean_r2,0.9203322529792786
actual,visual_mean,16,valid,regression,target_speed_per_action_step,mean_r2,0.8670489192008972
actual,visual_mean,16,valid,regression,normalized_action_progress,mean_r2,0.714240312576294
actual,visual_mean,16,valid,regression,raw_action,mean_r2,0.47827693819999695
actual,visual_mean,16,valid,binary,target_grasped,auc,0.995172968624296
actual,visual_mean,16,valid,binary,target_moved,auc,0.9964503042596349
actual,visual_mean,16,valid,binary,target_lifted,auc,0.9999188443434507
actual,visual_mean,16,valid,binary,near_target,auc,0.9995495495495496
actual,visual_mean,16,valid,binary,near_basket,auc,0.9926026570048309
actual,visual_mean,16,valid,phase,phase_coarse,macro_f1,0.950020673464382
actual,visual_mean,16,test,regression,object_a_xyz,mean_r2,0.9530282020568848
actual,visual_mean,16,test,regression,object_b_xyz,mean_r2,0.9472222924232483
actual,visual_mean,16,test,regression,target_xyz,mean_r2,0.9622526168823242
actual,visual_mean,16,test,regression,alternative_xyz,mean_r2,0.9607749581336975
actual,visual_mean,16,test,regression,eef_xyz,mean_r2,0.9581573009490967
actual,visual_mean,16,test,regression,robot_joint_pos,mean_r2,0.9403601288795471
actual,visual_mean,16,test,regression,gripper_width,mean_r2,0.8858323693275452
actual,visual_mean,16,test,regression,target_to_eef_xyz,mean_r2,0.8747119903564453
actual,visual_mean,16,test,regression,alternative_to_eef_xyz,mean_r2,0.9434539675712585
actual,visual_mean,16,test,regression,target_to_basket_xyz,mean_r2,0.9676150679588318
actual,visual_mean,16,test,regression,eef_target_distance,mean_r2,0.9409072995185852
actual,visual_mean,16,test,regression,eef_alternative_distance,mean_r2,0.9466269016265869
actual,visual_mean,16,test,regression,target_basket_distance,mean_r2,0.9749232530593872
actual,visual_mean,16,test,regression,target_displacement_xyz,mean_r2,0.9406800270080566
actual,visual_mean,16,test,regression,target_speed_per_action_step,mean_r2,0.8551939725875854
actual,visual_mean,16,test,regression,normalized_action_progress,mean_r2,0.7486470937728882
actual,visual_mean,16,test,regression,raw_action,mean_r2,0.28764334321022034
actual,visual_mean,16,test,binary,target_grasped,auc,0.9823662837491769
actual,visual_mean,16,test,binary,target_moved,auc,0.9996193086645347
actual,visual_mean,16,test,binary,target_lifted,auc,0.9999264164827079
actual,visual_mean,16,test,binary,near_target,auc,0.9928959974019648
actual,visual_mean,16,test,binary,near_basket,auc,0.9971737726098191
actual,visual_mean,16,test,phase,phase_coarse,macro_f1,0.9402263529701435
actual,visual_mean,17,valid,regression,object_a_xyz,mean_r2,0.9337325692176819
actual,visual_mean,17,valid,regression,object_b_xyz,mean_r2,0.9223706126213074
actual,visual_mean,17,valid,regression,target_xyz,mean_r2,0.9443604350090027
actual,visual_mean,17,valid,regression,alternative_xyz,mean_r2,0.9498527646064758
actual,visual_mean,17,valid,regression,eef_xyz,mean_r2,0.9573482871055603
actual,visual_mean,17,valid,regression,robot_joint_pos,mean_r2,0.9540953040122986
actual,visual_mean,17,valid,regression,gripper_width,mean_r2,0.7940647602081299
actual,visual_mean,17,valid,regression,target_to_eef_xyz,mean_r2,0.9233865141868591
actual,visual_mean,17,valid,regression,alternative_to_eef_xyz,mean_r2,0.9381688237190247
actual,visual_mean,17,valid,regression,target_to_basket_xyz,mean_r2,0.9357131123542786
actual,visual_mean,17,valid,regression,eef_target_distance,mean_r2,0.9404706954956055
actual,visual_mean,17,valid,regression,eef_alternative_distance,mean_r2,0.9566318392753601
actual,visual_mean,17,valid,regression,target_basket_distance,mean_r2,0.9576104283332825
actual,visual_mean,17,valid,regression,target_displacement_xyz,mean_r2,0.9011651873588562
actual,visual_mean,17,valid,regression,target_speed_per_action_step,mean_r2,0.8732737898826599
actual,visual_mean,17,valid,regression,normalized_action_progress,mean_r2,0.7770804166793823
actual,visual_mean,17,valid,regression,raw_action,mean_r2,0.43970850110054016
actual,visual_mean,17,valid,binary,target_grasped,auc,0.9960579243765084
actual,visual_mean,17,valid,binary,target_moved,auc,0.9966193373901284
actual,visual_mean,17,valid,binary,target_lifted,auc,0.9999188443434507
actual,visual_mean,17,valid,binary,near_target,auc,0.9995495495495496
actual,visual_mean,17,valid,binary,near_basket,auc,0.9965277777777778
actual,visual_mean,17,valid,phase,phase_coarse,macro_f1,0.9681891460554785
actual,visual_mean,17,test,regression,object_a_xyz,mean_r2,0.9451648592948914
actual,visual_mean,17,test,regression,object_b_xyz,mean_r2,0.9467437863349915
actual,visual_mean,17,test,regression,target_xyz,mean_r2,0.9592044949531555
actual,visual_mean,17,test,regression,alternative_xyz,mean_r2,0.951286256313324
actual,visual_mean,17,test,regression,eef_xyz,mean_r2,0.9526190757751465
actual,visual_mean,17,test,regression,robot_joint_pos,mean_r2,0.9312835335731506
actual,visual_mean,17,test,regression,gripper_width,mean_r2,0.8971316814422607
actual,visual_mean,17,test,regression,target_to_eef_xyz,mean_r2,0.9066359400749207
actual,visual_mean,17,test,regression,alternative_to_eef_xyz,mean_r2,0.945816695690155
actual,visual_mean,17,test,regression,target_to_basket_xyz,mean_r2,0.9630162715911865
actual,visual_mean,17,test,regression,eef_target_distance,mean_r2,0.9373648166656494
actual,visual_mean,17,test,regression,eef_alternative_distance,mean_r2,0.94449782371521
actual,visual_mean,17,test,regression,target_basket_distance,mean_r2,0.971015214920044
actual,visual_mean,17,test,regression,target_displacement_xyz,mean_r2,0.945817232131958
actual,visual_mean,17,test,regression,target_speed_per_action_step,mean_r2,0.7724143862724304
actual,visual_mean,17,test,regression,normalized_action_progress,mean_r2,0.7470247745513916
actual,visual_mean,17,test,regression,raw_action,mean_r2,0.17994853854179382
actual,visual_mean,17,test,binary,target_grasped,auc,0.989683178459062
actual,visual_mean,17,test,binary,target_moved,auc,0.9996573777980813
actual,visual_mean,17,test,binary,target_lifted,auc,0.9999264164827079
actual,visual_mean,17,test,binary,near_target,auc,0.992327677194122
actual,visual_mean,17,test,binary,near_basket,auc,0.9970122739018088
actual,visual_mean,17,test,phase,phase_coarse,macro_f1,0.9431129071099004
actual,visual_mean,18,valid,regression,object_a_xyz,mean_r2,0.9306992888450623
actual,visual_mean,18,valid,regression,object_b_xyz,mean_r2,0.9272437691688538
actual,visual_mean,18,valid,regression,target_xyz,mean_r2,0.9456667900085449
actual,visual_mean,18,valid,regression,alternative_xyz,mean_r2,0.9549725651741028
actual,visual_mean,18,valid,regression,eef_xyz,mean_r2,0.9600908160209656
actual,visual_mean,18,valid,regression,robot_joint_pos,mean_r2,0.9463812112808228
actual,visual_mean,18,valid,regression,gripper_width,mean_r2,0.8193696141242981
actual,visual_mean,18,valid,regression,target_to_eef_xyz,mean_r2,0.908658504486084
actual,visual_mean,18,valid,regression,alternative_to_eef_xyz,mean_r2,0.9344471096992493
actual,visual_mean,18,valid,regression,target_to_basket_xyz,mean_r2,0.9349055290222168
actual,visual_mean,18,valid,regression,eef_target_distance,mean_r2,0.9355719685554504
actual,visual_mean,18,valid,regression,eef_alternative_distance,mean_r2,0.9374318718910217
actual,visual_mean,18,valid,regression,target_basket_distance,mean_r2,0.9550430774688721
actual,visual_mean,18,valid,regression,target_displacement_xyz,mean_r2,0.9073386192321777
actual,visual_mean,18,valid,regression,target_speed_per_action_step,mean_r2,0.8600993752479553
actual,visual_mean,18,valid,regression,normalized_action_progress,mean_r2,0.7574125528335571
actual,visual_mean,18,valid,regression,raw_action,mean_r2,0.4730793833732605
actual,visual_mean,18,valid,binary,target_grasped,auc,0.9958165728077233
actual,visual_mean,18,valid,binary,target_moved,auc,0.9977180527383367
actual,visual_mean,18,valid,binary,target_lifted,auc,0.9999188443434507
actual,visual_mean,18,valid,binary,near_target,auc,0.9996396396396396
actual,visual_mean,18,valid,binary,near_basket,auc,0.9954710144927537
actual,visual_mean,18,valid,phase,phase_coarse,macro_f1,0.950020673464382
actual,visual_mean,18,test,regression,object_a_xyz,mean_r2,0.9488542079925537
actual,visual_mean,18,test,regression,object_b_xyz,mean_r2,0.9398805499076843
actual,visual_mean,18,test,regression,target_xyz,mean_r2,0.965728223323822
actual,visual_mean,18,test,regression,alternative_xyz,mean_r2,0.9571995735168457
actual,visual_mean,18,test,regression,eef_xyz,mean_r2,0.9496966004371643
actual,visual_mean,18,test,regression,robot_joint_pos,mean_r2,0.940986692905426
actual,visual_mean,18,test,regression,gripper_width,mean_r2,0.8720486164093018
actual,visual_mean,18,test,regression,target_to_eef_xyz,mean_r2,0.8956397175788879
actual,visual_mean,18,test,regression,alternative_to_eef_xyz,mean_r2,0.9480199813842773
actual,visual_mean,18,test,regression,target_to_basket_xyz,mean_r2,0.9631841778755188
actual,visual_mean,18,test,regression,eef_target_distance,mean_r2,0.9339455366134644
actual,visual_mean,18,test,regression,eef_alternative_distance,mean_r2,0.893189549446106
actual,visual_mean,18,test,regression,target_basket_distance,mean_r2,0.9675545692443848
actual,visual_mean,18,test,regression,target_displacement_xyz,mean_r2,0.9458667635917664
actual,visual_mean,18,test,regression,target_speed_per_action_step,mean_r2,0.7586896419525146
actual,visual_mean,18,test,regression,normalized_action_progress,mean_r2,0.7359843254089355
actual,visual_mean,18,test,regression,raw_action,mean_r2,0.25161412358283997
actual,visual_mean,18,test,binary,target_grasped,auc,0.9921343381868735
actual,visual_mean,18,test,binary,target_moved,auc,0.9996193086645347
actual,visual_mean,18,test,binary,target_lifted,auc,0.9998160412067697
actual,visual_mean,18,test,binary,near_target,auc,0.9939920435170903
actual,visual_mean,18,test,binary,near_basket,auc,0.997093023255814
actual,visual_mean,18,test,phase,phase_coarse,macro_f1,0.9529245771641871
actual,visual_mean,19,valid,regression,object_a_xyz,mean_r2,0.9416359066963196
actual,visual_mean,19,valid,regression,object_b_xyz,mean_r2,0.9279411435127258
actual,visual_mean,19,valid,regression,target_xyz,mean_r2,0.9368023872375488
actual,visual_mean,19,valid,regression,alternative_xyz,mean_r2,0.9452430605888367
actual,visual_mean,19,valid,regression,eef_xyz,mean_r2,0.9590490460395813
actual,visual_mean,19,valid,regression,robot_joint_pos,mean_r2,0.9471012949943542
actual,visual_mean,19,valid,regression,gripper_width,mean_r2,0.8154127597808838
actual,visual_mean,19,valid,regression,target_to_eef_xyz,mean_r2,0.8980973362922668
actual,visual_mean,19,valid,regression,alternative_to_eef_xyz,mean_r2,0.9388018250465393
actual,visual_mean,19,valid,regression,target_to_basket_xyz,mean_r2,0.9372096061706543
actual,visual_mean,19,valid,regression,eef_target_distance,mean_r2,0.937038242816925
actual,visual_mean,19,valid,regression,eef_alternative_distance,mean_r2,0.9436264038085938
actual,visual_mean,19,valid,regression,target_basket_distance,mean_r2,0.9679573774337769
actual,visual_mean,19,valid,regression,target_displacement_xyz,mean_r2,0.9153380393981934
actual,visual_mean,19,valid,regression,target_speed_per_action_step,mean_r2,0.8711963295936584
actual,visual_mean,19,valid,regression,normalized_action_progress,mean_r2,0.7098443508148193
actual,visual_mean,19,valid,regression,raw_action,mean_r2,0.47505855560302734
actual,visual_mean,19,valid,binary,target_grasped,auc,0.9954947707160097
actual,visual_mean,19,valid,binary,target_moved,auc,0.9977180527383367
actual,visual_mean,19,valid,binary,target_lifted,auc,0.9999188443434507
actual,visual_mean,19,valid,binary,near_target,auc,0.9996396396396396
actual,visual_mean,19,valid,binary,near_basket,auc,0.9960748792270532
actual,visual_mean,19,valid,phase,phase_coarse,macro_f1,0.9559583255120764
actual,visual_mean,19,test,regression,object_a_xyz,mean_r2,0.9561625123023987
actual,visual_mean,19,test,regression,object_b_xyz,mean_r2,0.9527339935302734
actual,visual_mean,19,test,regression,target_xyz,mean_r2,0.9596829414367676
actual,visual_mean,19,test,regression,alternative_xyz,mean_r2,0.9525768756866455
actual,visual_mean,19,test,regression,eef_xyz,mean_r2,0.9484481811523438
actual,visual_mean,19,test,regression,robot_joint_pos,mean_r2,0.9381155371665955
actual,visual_mean,19,test,regression,gripper_width,mean_r2,0.8787168264389038
actual,visual_mean,19,test,regression,target_to_eef_xyz,mean_r2,0.8920350074768066
actual,visual_mean,19,test,regression,alternative_to_eef_xyz,mean_r2,0.9471535682678223
actual,visual_mean,19,test,regression,target_to_basket_xyz,mean_r2,0.9554975628852844
actual,visual_mean,19,test,regression,eef_target_distance,mean_r2,0.9007307291030884
actual,visual_mean,19,test,regression,eef_alternative_distance,mean_r2,0.9167336821556091
actual,visual_mean,19,test,regression,target_basket_distance,mean_r2,0.9803166389465332
actual,visual_mean,19,test,regression,target_displacement_xyz,mean_r2,0.9452452063560486
actual,visual_mean,19,test,regression,target_speed_per_action_step,mean_r2,0.790519118309021
actual,visual_mean,19,test,regression,normalized_action_progress,mean_r2,0.7304951548576355
actual,visual_mean,19,test,regression,raw_action,mean_r2,0.21386201679706573
actual,visual_mean,19,test,binary,target_grasped,auc,0.991658740030731
actual,visual_mean,19,test,binary,target_moved,auc,0.9995812395309883
actual,visual_mean,19,test,binary,target_lifted,auc,0.9999264164827079
actual,visual_mean,19,test,binary,near_target,auc,0.9947633352277341
actual,visual_mean,19,test,binary,near_basket,auc,0.9962047803617571
actual,visual_mean,19,test,phase,phase_coarse,macro_f1,0.9387784103796188
actual,visual_mean,20,valid,regression,object_a_xyz,mean_r2,0.9392274022102356
actual,visual_mean,20,valid,regression,object_b_xyz,mean_r2,0.9208343029022217
actual,visual_mean,20,valid,regression,target_xyz,mean_r2,0.9437785148620605
actual,visual_mean,20,valid,regression,alternative_xyz,mean_r2,0.9519639015197754
actual,visual_mean,20,valid,regression,eef_xyz,mean_r2,0.9448792338371277
actual,visual_mean,20,valid,regression,robot_joint_pos,mean_r2,0.949407696723938
actual,visual_mean,20,valid,regression,gripper_width,mean_r2,0.7945908904075623
actual,visual_mean,20,valid,regression,target_to_eef_xyz,mean_r2,0.8945019245147705
actual,visual_mean,20,valid,regression,alternative_to_eef_xyz,mean_r2,0.9385243058204651
actual,visual_mean,20,valid,regression,target_to_basket_xyz,mean_r2,0.9339413046836853
actual,visual_mean,20,valid,regression,eef_target_distance,mean_r2,0.9339677691459656
actual,visual_mean,20,valid,regression,eef_alternative_distance,mean_r2,0.9522417783737183
actual,visual_mean,20,valid,regression,target_basket_distance,mean_r2,0.9485613703727722
actual,visual_mean,20,valid,regression,target_displacement_xyz,mean_r2,0.9135376811027527
actual,visual_mean,20,valid,regression,target_speed_per_action_step,mean_r2,0.8761736154556274
actual,visual_mean,20,valid,regression,normalized_action_progress,mean_r2,0.6274603605270386
actual,visual_mean,20,valid,regression,raw_action,mean_r2,0.4881170094013214
actual,visual_mean,20,valid,binary,target_grasped,auc,0.9958165728077233
actual,visual_mean,20,valid,binary,target_moved,auc,0.9984787018255578
actual,visual_mean,20,valid,binary,target_lifted,auc,0.9999188443434507
actual,visual_mean,20,valid,binary,near_target,auc,0.9995495495495496
actual,visual_mean,20,valid,binary,near_basket,auc,0.9962258454106281
actual,visual_mean,20,valid,phase,phase_coarse,macro_f1,0.944193860736161
actual,visual_mean,20,test,regression,object_a_xyz,mean_r2,0.9508442878723145
actual,visual_mean,20,test,regression,object_b_xyz,mean_r2,0.9534072279930115
actual,visual_mean,20,test,regression,target_xyz,mean_r2,0.9591273665428162
actual,visual_mean,20,test,regression,alternative_xyz,mean_r2,0.9576318264007568
actual,visual_mean,20,test,regression,eef_xyz,mean_r2,0.9377030730247498
actual,visual_mean,20,test,regression,robot_joint_pos,mean_r2,0.9339759945869446
actual,visual_mean,20,test,regression,gripper_width,mean_r2,0.8931365013122559
actual,visual_mean,20,test,regression,target_to_eef_xyz,mean_r2,0.8885655403137207
actual,visual_mean,20,test,regression,alternative_to_eef_xyz,mean_r2,0.9291346669197083
actual,visual_mean,20,test,regression,target_to_basket_xyz,mean_r2,0.9613825678825378
actual,visual_mean,20,test,regression,eef_target_distance,mean_r2,0.9272552728652954
actual,visual_mean,20,test,regression,eef_alternative_distance,mean_r2,0.941684901714325
actual,visual_mean,20,test,regression,target_basket_distance,mean_r2,0.9669246673583984
actual,visual_mean,20,test,regression,target_displacement_xyz,mean_r2,0.9455108642578125
actual,visual_mean,20,test,regression,target_speed_per_action_step,mean_r2,0.8273234367370605
actual,visual_mean,20,test,regression,normalized_action_progress,mean_r2,0.7187662124633789
actual,visual_mean,20,test,regression,raw_action,mean_r2,0.1929621696472168
actual,visual_mean,20,test,binary,target_grasped,auc,0.9893173337235677
actual,visual_mean,20,test,binary,target_moved,auc,0.9996954469316278
actual,visual_mean,20,test,binary,target_lifted,auc,0.9999264164827079
actual,visual_mean,20,test,binary,near_target,auc,0.9933831290086872
actual,visual_mean,20,test,binary,near_basket,auc,0.9952357881136951
actual,visual_mean,20,test,phase,phase_coarse,macro_f1,0.9345505229535948
actual,visual_mean,21,valid,regression,object_a_xyz,mean_r2,0.916436493396759
actual,visual_mean,21,valid,regression,object_b_xyz,mean_r2,0.9224672317504883
actual,visual_mean,21,valid,regression,target_xyz,mean_r2,0.9412267208099365
actual,visual_mean,21,valid,regression,alternative_xyz,mean_r2,0.9315917491912842
actual,visual_mean,21,valid,regression,eef_xyz,mean_r2,0.9434844851493835
actual,visual_mean,21,valid,regression,robot_joint_pos,mean_r2,0.9470771551132202
actual,visual_mean,21,valid,regression,gripper_width,mean_r2,0.8348628878593445
actual,visual_mean,21,valid,regression,target_to_eef_xyz,mean_r2,0.9077684283256531
actual,visual_mean,21,valid,regression,alternative_to_eef_xyz,mean_r2,0.9329950213432312
actual,visual_mean,21,valid,regression,target_to_basket_xyz,mean_r2,0.9267110824584961
actual,visual_mean,21,valid,regression,eef_target_distance,mean_r2,0.9264280200004578
actual,visual_mean,21,valid,regression,eef_alternative_distance,mean_r2,0.9552407264709473
actual,visual_mean,21,valid,regression,target_basket_distance,mean_r2,0.9537294507026672
actual,visual_mean,21,valid,regression,target_displacement_xyz,mean_r2,0.8959311842918396
actual,visual_mean,21,valid,regression,target_speed_per_action_step,mean_r2,0.8756653070449829
actual,visual_mean,21,valid,regression,normalized_action_progress,mean_r2,0.6949502229690552
actual,visual_mean,21,valid,regression,raw_action,mean_r2,0.4476988613605499
actual,visual_mean,21,valid,binary,target_grasped,auc,0.9942880128720837
actual,visual_mean,21,valid,binary,target_moved,auc,0.9979716024340771
actual,visual_mean,21,valid,binary,target_lifted,auc,0.9999188443434507
actual,visual_mean,21,valid,binary,near_target,auc,0.9995495495495496
actual,visual_mean,21,valid,binary,near_basket,auc,0.9959239130434783
actual,visual_mean,21,valid,phase,phase_coarse,macro_f1,0.9516662945371386
actual,visual_mean,21,test,regression,object_a_xyz,mean_r2,0.9327892661094666
actual,visual_mean,21,test,regression,object_b_xyz,mean_r2,0.9300101399421692
actual,visual_mean,21,test,regression,target_xyz,mean_r2,0.952961266040802
actual,visual_mean,21,test,regression,alternative_xyz,mean_r2,0.9371786713600159
actual,visual_mean,21,test,regression,eef_xyz,mean_r2,0.9280708432197571
actual,visual_mean,21,test,regression,robot_joint_pos,mean_r2,0.9346932768821716
actual,visual_mean,21,test,regression,gripper_width,mean_r2,0.8687266111373901
actual,visual_mean,21,test,regression,target_to_eef_xyz,mean_r2,0.897983729839325
actual,visual_mean,21,test,regression,alternative_to_eef_xyz,mean_r2,0.9336031079292297
actual,visual_mean,21,test,regression,target_to_basket_xyz,mean_r2,0.9518491625785828
actual,visual_mean,21,test,regression,eef_target_distance,mean_r2,0.9280962347984314
actual,visual_mean,21,test,regression,eef_alternative_distance,mean_r2,0.9458322525024414
actual,visual_mean,21,test,regression,target_basket_distance,mean_r2,0.9592739939689636
actual,visual_mean,21,test,regression,target_displacement_xyz,mean_r2,0.9381590485572815
actual,visual_mean,21,test,regression,target_speed_per_action_step,mean_r2,0.7632744908332825
actual,visual_mean,21,test,regression,normalized_action_progress,mean_r2,0.7300441265106201
actual,visual_mean,21,test,regression,raw_action,mean_r2,0.12775447964668274
actual,visual_mean,21,test,binary,target_grasped,auc,0.9939269773907954
actual,visual_mean,21,test,binary,target_moved,auc,0.9996954469316278
actual,visual_mean,21,test,binary,target_lifted,auc,0.9999264164827079
actual,visual_mean,21,test,binary,near_target,auc,0.9943167979215718
actual,visual_mean,21,test,binary,near_basket,auc,0.9961240310077519
actual,visual_mean,21,test,phase,phase_coarse,macro_f1,0.9422071241877403
actual,visual_mean,22,valid,regression,object_a_xyz,mean_r2,0.9172404408454895
actual,visual_mean,22,valid,regression,object_b_xyz,mean_r2,0.9063330292701721
actual,visual_mean,22,valid,regression,target_xyz,mean_r2,0.9292507171630859
actual,visual_mean,22,valid,regression,alternative_xyz,mean_r2,0.9389680027961731
actual,visual_mean,22,valid,regression,eef_xyz,mean_r2,0.9442893862724304
actual,visual_mean,22,valid,regression,robot_joint_pos,mean_r2,0.9401691555976868
actual,visual_mean,22,valid,regression,gripper_width,mean_r2,0.7924832701683044
actual,visual_mean,22,valid,regression,target_to_eef_xyz,mean_r2,0.909174919128418
actual,visual_mean,22,valid,regression,alternative_to_eef_xyz,mean_r2,0.9123671650886536
actual,visual_mean,22,valid,regression,target_to_basket_xyz,mean_r2,0.9242615103721619
actual,visual_mean,22,valid,regression,eef_target_distance,mean_r2,0.9247757196426392
actual,visual_mean,22,valid,regression,eef_alternative_distance,mean_r2,0.9299359321594238
actual,visual_mean,22,valid,regression,target_basket_distance,mean_r2,0.9416484832763672
actual,visual_mean,22,valid,regression,target_displacement_xyz,mean_r2,0.8892245292663574
actual,visual_mean,22,valid,regression,target_speed_per_action_step,mean_r2,0.8706389665603638
actual,visual_mean,22,valid,regression,normalized_action_progress,mean_r2,0.7488646507263184
actual,visual_mean,22,valid,regression,raw_action,mean_r2,0.46588999032974243
actual,visual_mean,22,valid,binary,target_grasped,auc,0.9950925181013677
actual,visual_mean,22,valid,binary,target_moved,auc,0.9987322515212982
actual,visual_mean,22,valid,binary,target_lifted,auc,0.9999188443434507
actual,visual_mean,22,valid,binary,near_target,auc,0.9994594594594595
actual,visual_mean,22,valid,binary,near_basket,auc,0.9956219806763286
actual,visual_mean,22,valid,phase,phase_coarse,macro_f1,0.9463659147869675
actual,visual_mean,22,test,regression,object_a_xyz,mean_r2,0.9336774945259094
actual,visual_mean,22,test,regression,object_b_xyz,mean_r2,0.9375162124633789
actual,visual_mean,22,test,regression,target_xyz,mean_r2,0.9510229229927063
actual,visual_mean,22,test,regression,alternative_xyz,mean_r2,0.9520604610443115
actual,visual_mean,22,test,regression,eef_xyz,mean_r2,0.9389817714691162
actual,visual_mean,22,test,regression,robot_joint_pos,mean_r2,0.9219311475753784
actual,visual_mean,22,test,regression,gripper_width,mean_r2,0.869717001914978
actual,visual_mean,22,test,regression,target_to_eef_xyz,mean_r2,0.8903924822807312
actual,visual_mean,22,test,regression,alternative_to_eef_xyz,mean_r2,0.9252815246582031
actual,visual_mean,22,test,regression,target_to_basket_xyz,mean_r2,0.9555976986885071
actual,visual_mean,22,test,regression,eef_target_distance,mean_r2,0.9246323108673096
actual,visual_mean,22,test,regression,eef_alternative_distance,mean_r2,0.9220706820487976
actual,visual_mean,22,test,regression,target_basket_distance,mean_r2,0.963720440864563
actual,visual_mean,22,test,regression,target_displacement_xyz,mean_r2,0.9302965998649597
actual,visual_mean,22,test,regression,target_speed_per_action_step,mean_r2,0.722288966178894
actual,visual_mean,22,test,regression,normalized_action_progress,mean_r2,0.7173093557357788
actual,visual_mean,22,test,regression,raw_action,mean_r2,0.2002187818288803
actual,visual_mean,22,test,binary,target_grasped,auc,0.9936343016024
actual,visual_mean,22,test,binary,target_moved,auc,0.9996573777980813
actual,visual_mean,22,test,binary,target_lifted,auc,0.9999264164827079
actual,visual_mean,22,test,binary,near_target,auc,0.9942356093204514
actual,visual_mean,22,test,binary,near_basket,auc,0.9966085271317829
actual,visual_mean,22,test,phase,phase_coarse,macro_f1,0.9539694008393175
actual,visual_mean,23,valid,regression,object_a_xyz,mean_r2,0.9164332747459412
actual,visual_mean,23,valid,regression,object_b_xyz,mean_r2,0.9101660251617432
actual,visual_mean,23,valid,regression,target_xyz,mean_r2,0.9259059429168701
actual,visual_mean,23,valid,regression,alternative_xyz,mean_r2,0.9242697358131409
actual,visual_mean,23,valid,regression,eef_xyz,mean_r2,0.9439249634742737
actual,visual_mean,23,valid,regression,robot_joint_pos,mean_r2,0.928913414478302
actual,visual_mean,23,valid,regression,gripper_width,mean_r2,0.7681025266647339
actual,visual_mean,23,valid,regression,target_to_eef_xyz,mean_r2,0.9082533717155457
actual,visual_mean,23,valid,regression,alternative_to_eef_xyz,mean_r2,0.9149324893951416
actual,visual_mean,23,valid,regression,target_to_basket_xyz,mean_r2,0.9223303198814392
actual,visual_mean,23,valid,regression,eef_target_distance,mean_r2,0.9246609807014465
actual,visual_mean,23,valid,regression,eef_alternative_distance,mean_r2,0.916873037815094
actual,visual_mean,23,valid,regression,target_basket_distance,mean_r2,0.9446758031845093
actual,visual_mean,23,valid,regression,target_displacement_xyz,mean_r2,0.8907734751701355
actual,visual_mean,23,valid,regression,target_speed_per_action_step,mean_r2,0.8540952205657959
actual,visual_mean,23,valid,regression,normalized_action_progress,mean_r2,0.7207276225090027
actual,visual_mean,23,valid,regression,raw_action,mean_r2,0.42684200406074524
actual,visual_mean,23,valid,binary,target_grasped,auc,0.994770716009654
actual,visual_mean,23,valid,binary,target_moved,auc,0.9981406355645707
actual,visual_mean,23,valid,binary,target_lifted,auc,0.9999188443434507
actual,visual_mean,23,valid,binary,near_target,auc,0.9996396396396396
actual,visual_mean,23,valid,binary,near_basket,auc,0.9951690821256038
actual,visual_mean,23,valid,phase,phase_coarse,macro_f1,0.9405253406996934
actual,visual_mean,23,test,regression,object_a_xyz,mean_r2,0.9377152919769287
actual,visual_mean,23,test,regression,object_b_xyz,mean_r2,0.935250461101532
actual,visual_mean,23,test,regression,target_xyz,mean_r2,0.9465274810791016
actual,visual_mean,23,test,regression,alternative_xyz,mean_r2,0.9416312575340271
actual,visual_mean,23,test,regression,eef_xyz,mean_r2,0.9302217364311218
actual,visual_mean,23,test,regression,robot_joint_pos,mean_r2,0.9175667762756348
actual,visual_mean,23,test,regression,gripper_width,mean_r2,0.8762503862380981
actual,visual_mean,23,test,regression,target_to_eef_xyz,mean_r2,0.868696391582489
actual,visual_mean,23,test,regression,alternative_to_eef_xyz,mean_r2,0.9216553568840027
actual,visual_mean,23,test,regression,target_to_basket_xyz,mean_r2,0.9498107433319092
actual,visual_mean,23,test,regression,eef_target_distance,mean_r2,0.9239878058433533
actual,visual_mean,23,test,regression,eef_alternative_distance,mean_r2,0.927882194519043
actual,visual_mean,23,test,regression,target_basket_distance,mean_r2,0.9567232728004456
actual,visual_mean,23,test,regression,target_displacement_xyz,mean_r2,0.9313512444496155
actual,visual_mean,23,test,regression,target_speed_per_action_step,mean_r2,0.7372751235961914
actual,visual_mean,23,test,regression,normalized_action_progress,mean_r2,0.7207056283950806
actual,visual_mean,23,test,regression,raw_action,mean_r2,0.16694799065589905
actual,visual_mean,23,test,binary,target_grasped,auc,0.9940001463378942
actual,visual_mean,23,test,binary,target_moved,auc,0.9996573777980813
actual,visual_mean,23,test,binary,target_lifted,auc,0.9999264164827079
actual,visual_mean,23,test,binary,near_target,auc,0.9958593813428595
actual,visual_mean,23,test,binary,near_basket,auc,0.9960432816537468
actual,visual_mean,23,test,phase,phase_coarse,macro_f1,0.948839646090883
actual,visual_mean,24,valid,regression,object_a_xyz,mean_r2,0.9102497100830078
actual,visual_mean,24,valid,regression,object_b_xyz,mean_r2,0.9011877179145813
actual,visual_mean,24,valid,regression,target_xyz,mean_r2,0.9269986748695374
actual,visual_mean,24,valid,regression,alternative_xyz,mean_r2,0.9327083230018616
actual,visual_mean,24,valid,regression,eef_xyz,mean_r2,0.9271791577339172
actual,visual_mean,24,valid,regression,robot_joint_pos,mean_r2,0.928213894367218
actual,visual_mean,24,valid,regression,gripper_width,mean_r2,0.7787448167800903
actual,visual_mean,24,valid,regression,target_to_eef_xyz,mean_r2,0.8972444534301758
actual,visual_mean,24,valid,regression,alternative_to_eef_xyz,mean_r2,0.917880117893219
actual,visual_mean,24,valid,regression,target_to_basket_xyz,mean_r2,0.9226999878883362
actual,visual_mean,24,valid,regression,eef_target_distance,mean_r2,0.9266095161437988
actual,visual_mean,24,valid,regression,eef_alternative_distance,mean_r2,0.9031742811203003
actual,visual_mean,24,valid,regression,target_basket_distance,mean_r2,0.9296873211860657
actual,visual_mean,24,valid,regression,target_displacement_xyz,mean_r2,0.8684731125831604
actual,visual_mean,24,valid,regression,target_speed_per_action_step,mean_r2,0.835761308670044
actual,visual_mean,24,valid,regression,normalized_action_progress,mean_r2,0.7210286259651184
actual,visual_mean,24,valid,regression,raw_action,mean_r2,0.43412092328071594
actual,visual_mean,24,valid,binary,target_grasped,auc,0.9941271118262268
actual,visual_mean,24,valid,binary,target_moved,auc,0.9978025693035835
actual,visual_mean,24,valid,binary,target_lifted,auc,0.9999188443434507
actual,visual_mean,24,valid,binary,near_target,auc,0.9997297297297297
actual,visual_mean,24,valid,binary,near_basket,auc,0.9951690821256038
actual,visual_mean,24,valid,phase,phase_coarse,macro_f1,0.9591285403050108
actual,visual_mean,24,test,regression,object_a_xyz,mean_r2,0.933706521987915
actual,visual_mean,24,test,regression,object_b_xyz,mean_r2,0.922030508518219
actual,visual_mean,24,test,regression,target_xyz,mean_r2,0.9442753195762634
actual,visual_mean,24,test,regression,alternative_xyz,mean_r2,0.9378650188446045
actual,visual_mean,24,test,regression,eef_xyz,mean_r2,0.9119976162910461
actual,visual_mean,24,test,regression,robot_joint_pos,mean_r2,0.9032001495361328
actual,visual_mean,24,test,regression,gripper_width,mean_r2,0.8819752335548401
actual,visual_mean,24,test,regression,target_to_eef_xyz,mean_r2,0.8522496223449707
actual,visual_mean,24,test,regression,alternative_to_eef_xyz,mean_r2,0.9180612564086914
actual,visual_mean,24,test,regression,target_to_basket_xyz,mean_r2,0.9424476027488708
actual,visual_mean,24,test,regression,eef_target_distance,mean_r2,0.9196245670318604
actual,visual_mean,24,test,regression,eef_alternative_distance,mean_r2,0.9146723747253418
actual,visual_mean,24,test,regression,target_basket_distance,mean_r2,0.9601460099220276
actual,visual_mean,24,test,regression,target_displacement_xyz,mean_r2,0.9311854839324951
actual,visual_mean,24,test,regression,target_speed_per_action_step,mean_r2,0.777118980884552
actual,visual_mean,24,test,regression,normalized_action_progress,mean_r2,0.7397363185882568
actual,visual_mean,24,test,regression,raw_action,mean_r2,0.16117696464061737
actual,visual_mean,24,test,binary,target_grasped,auc,0.9928294431843125
actual,visual_mean,24,test,binary,target_moved,auc,0.9995812395309883
actual,visual_mean,24,test,binary,target_lifted,auc,0.9999264164827079
actual,visual_mean,24,test,binary,near_target,auc,0.9952098725338963
actual,visual_mean,24,test,binary,near_basket,auc,0.9968507751937985
actual,visual_mean,24,test,phase,phase_coarse,macro_f1,0.9452747766924011
actual,visual_mean,25,valid,regression,object_a_xyz,mean_r2,0.9091873168945312
actual,visual_mean,25,valid,regression,object_b_xyz,mean_r2,0.898071825504303
actual,visual_mean,25,valid,regression,target_xyz,mean_r2,0.9298791885375977
actual,visual_mean,25,valid,regression,alternative_xyz,mean_r2,0.9294528365135193
actual,visual_mean,25,valid,regression,eef_xyz,mean_r2,0.9352347254753113
actual,visual_mean,25,valid,regression,robot_joint_pos,mean_r2,0.9301438331604004
actual,visual_mean,25,valid,regression,gripper_width,mean_r2,0.7155932784080505
actual,visual_mean,25,valid,regression,target_to_eef_xyz,mean_r2,0.8870142102241516
actual,visual_mean,25,valid,regression,alternative_to_eef_xyz,mean_r2,0.9213173389434814
actual,visual_mean,25,valid,regression,target_to_basket_xyz,mean_r2,0.9175171852111816
actual,visual_mean,25,valid,regression,eef_target_distance,mean_r2,0.9274642467498779
actual,visual_mean,25,valid,regression,eef_alternative_distance,mean_r2,0.918617844581604
actual,visual_mean,25,valid,regression,target_basket_distance,mean_r2,0.9460828900337219
actual,visual_mean,25,valid,regression,target_displacement_xyz,mean_r2,0.8763461112976074
actual,visual_mean,25,valid,regression,target_speed_per_action_step,mean_r2,0.8405913710594177
actual,visual_mean,25,valid,regression,normalized_action_progress,mean_r2,0.6779587268829346
actual,visual_mean,25,valid,regression,raw_action,mean_r2,0.42253628373146057
actual,visual_mean,25,valid,binary,target_grasped,auc,0.9936444086886564
actual,visual_mean,25,valid,binary,target_moved,auc,0.9976335361730899
actual,visual_mean,25,valid,binary,target_lifted,auc,0.9999188443434507
actual,visual_mean,25,valid,binary,near_target,auc,0.9997297297297297
actual,visual_mean,25,valid,binary,near_basket,auc,0.9938103864734299
actual,visual_mean,25,valid,phase,phase_coarse,macro_f1,0.9523171455208068
actual,visual_mean,25,test,regression,object_a_xyz,mean_r2,0.9250063300132751
actual,visual_mean,25,test,regression,object_b_xyz,mean_r2,0.9210286140441895
actual,visual_mean,25,test,regression,target_xyz,mean_r2,0.9381771683692932
actual,visual_mean,25,test,regression,alternative_xyz,mean_r2,0.9252045750617981
actual,visual_mean,25,test,regression,eef_xyz,mean_r2,0.9320583939552307
actual,visual_mean,25,test,regression,robot_joint_pos,mean_r2,0.9005910158157349
actual,visual_mean,25,test,regression,gripper_width,mean_r2,0.8614329099655151
actual,visual_mean,25,test,regression,target_to_eef_xyz,mean_r2,0.8771105408668518
actual,visual_mean,25,test,regression,alternative_to_eef_xyz,mean_r2,0.9065802693367004
actual,visual_mean,25,test,regression,target_to_basket_xyz,mean_r2,0.927359402179718
actual,visual_mean,25,test,regression,eef_target_distance,mean_r2,0.8877281546592712
actual,visual_mean,25,test,regression,eef_alternative_distance,mean_r2,0.9108228087425232
actual,visual_mean,25,test,regression,target_basket_distance,mean_r2,0.9555041790008545
actual,visual_mean,25,test,regression,target_displacement_xyz,mean_r2,0.9147668480873108
actual,visual_mean,25,test,regression,target_speed_per_action_step,mean_r2,0.7069181203842163
actual,visual_mean,25,test,regression,normalized_action_progress,mean_r2,0.7015663981437683
actual,visual_mean,25,test,regression,raw_action,mean_r2,0.14050476253032684
actual,visual_mean,25,test,binary,target_grasped,auc,0.9915855710836321
actual,visual_mean,25,test,binary,target_moved,auc,0.9996573777980813
actual,visual_mean,25,test,binary,target_lifted,auc,0.9999264164827079
actual,visual_mean,25,test,binary,near_target,auc,0.9943979865226922
actual,visual_mean,25,test,binary,near_basket,auc,0.9962855297157622
actual,visual_mean,25,test,phase,phase_coarse,macro_f1,0.90562251904159
actual,visual_mean,26,valid,regression,object_a_xyz,mean_r2,0.869075357913971
actual,visual_mean,26,valid,regression,object_b_xyz,mean_r2,0.8935406804084778
actual,visual_mean,26,valid,regression,target_xyz,mean_r2,0.8989995121955872
actual,visual_mean,26,valid,regression,alternative_xyz,mean_r2,0.9130842089653015
actual,visual_mean,26,valid,regression,eef_xyz,mean_r2,0.9088719487190247
actual,visual_mean,26,valid,regression,robot_joint_pos,mean_r2,0.9166394472122192
actual,visual_mean,26,valid,regression,gripper_width,mean_r2,0.6622366905212402
actual,visual_mean,26,valid,regression,target_to_eef_xyz,mean_r2,0.8826615810394287
actual,visual_mean,26,valid,regression,alternative_to_eef_xyz,mean_r2,0.9093316197395325
actual,visual_mean,26,valid,regression,target_to_basket_xyz,mean_r2,0.906628429889679
actual,visual_mean,26,valid,regression,eef_target_distance,mean_r2,0.9150916934013367
actual,visual_mean,26,valid,regression,eef_alternative_distance,mean_r2,0.911817729473114
actual,visual_mean,26,valid,regression,target_basket_distance,mean_r2,0.931851327419281
actual,visual_mean,26,valid,regression,target_displacement_xyz,mean_r2,0.8695691227912903
actual,visual_mean,26,valid,regression,target_speed_per_action_step,mean_r2,0.8354671001434326
actual,visual_mean,26,valid,regression,normalized_action_progress,mean_r2,0.683268666267395
actual,visual_mean,26,valid,regression,raw_action,mean_r2,0.4227643609046936
actual,visual_mean,26,valid,binary,target_grasped,auc,0.9937248592115848
actual,visual_mean,26,valid,binary,target_moved,auc,0.9985632183908046
actual,visual_mean,26,valid,binary,target_lifted,auc,0.9998376886869015
actual,visual_mean,26,valid,binary,near_target,auc,0.9997297297297297
actual,visual_mean,26,valid,binary,near_basket,auc,0.9960748792270532
actual,visual_mean,26,valid,phase,phase_coarse,macro_f1,0.9522085637942781
actual,visual_mean,26,test,regression,object_a_xyz,mean_r2,0.918907642364502
actual,visual_mean,26,test,regression,object_b_xyz,mean_r2,0.908625602722168
actual,visual_mean,26,test,regression,target_xyz,mean_r2,0.9264082908630371
actual,visual_mean,26,test,regression,alternative_xyz,mean_r2,0.9273249506950378
actual,visual_mean,26,test,regression,eef_xyz,mean_r2,0.9045662879943848
actual,visual_mean,26,test,regression,robot_joint_pos,mean_r2,0.8962187170982361
actual,visual_mean,26,test,regression,gripper_width,mean_r2,0.8519529700279236
actual,visual_mean,26,test,regression,target_to_eef_xyz,mean_r2,0.8657466769218445
actual,visual_mean,26,test,regression,alternative_to_eef_xyz,mean_r2,0.8980788588523865
actual,visual_mean,26,test,regression,target_to_basket_xyz,mean_r2,0.931157112121582
actual,visual_mean,26,test,regression,eef_target_distance,mean_r2,0.8775586485862732
actual,visual_mean,26,test,regression,eef_alternative_distance,mean_r2,0.8833628296852112
actual,visual_mean,26,test,regression,target_basket_distance,mean_r2,0.9282530546188354
actual,visual_mean,26,test,regression,target_displacement_xyz,mean_r2,0.9034015536308289
actual,visual_mean,26,test,regression,target_speed_per_action_step,mean_r2,0.737769603729248
actual,visual_mean,26,test,regression,normalized_action_progress,mean_r2,0.6937831044197083
actual,visual_mean,26,test,regression,raw_action,mean_r2,0.18742060661315918
actual,visual_mean,26,test,binary,target_grasped,auc,0.9923904295017195
actual,visual_mean,26,test,binary,target_moved,auc,0.9996193086645347
actual,visual_mean,26,test,binary,target_lifted,auc,0.9999264164827079
actual,visual_mean,26,test,binary,near_target,auc,0.9930177803036454
actual,visual_mean,26,test,binary,near_basket,auc,0.9966892764857881
actual,visual_mean,26,test,phase,phase_coarse,macro_f1,0.9422285966727788
actual,visual_mean,27,valid,regression,object_a_xyz,mean_r2,0.8918387293815613
actual,visual_mean,27,valid,regression,object_b_xyz,mean_r2,0.8948796391487122
actual,visual_mean,27,valid,regression,target_xyz,mean_r2,0.9084722399711609
actual,visual_mean,27,valid,regression,alternative_xyz,mean_r2,0.9199596047401428
actual,visual_mean,27,valid,regression,eef_xyz,mean_r2,0.9185909628868103
actual,visual_mean,27,valid,regression,robot_joint_pos,mean_r2,0.917072594165802
actual,visual_mean,27,valid,regression,gripper_width,mean_r2,0.6919262409210205
actual,visual_mean,27,valid,regression,target_to_eef_xyz,mean_r2,0.8827629089355469
actual,visual_mean,27,valid,regression,alternative_to_eef_xyz,mean_r2,0.9217584729194641
actual,visual_mean,27,valid,regression,target_to_basket_xyz,mean_r2,0.8982952237129211
actual,visual_mean,27,valid,regression,eef_target_distance,mean_r2,0.902583122253418
actual,visual_mean,27,valid,regression,eef_alternative_distance,mean_r2,0.9183337688446045
actual,visual_mean,27,valid,regression,target_basket_distance,mean_r2,0.9348222613334656
actual,visual_mean,27,valid,regression,target_displacement_xyz,mean_r2,0.8746201992034912
actual,visual_mean,27,valid,regression,target_speed_per_action_step,mean_r2,0.7987155914306641
actual,visual_mean,27,valid,regression,normalized_action_progress,mean_r2,0.6584498882293701
actual,visual_mean,27,valid,regression,raw_action,mean_r2,0.3962753713130951
actual,visual_mean,27,valid,binary,target_grasped,auc,0.9917940466613033
actual,visual_mean,27,valid,binary,target_moved,auc,0.9986477349560514
actual,visual_mean,27,valid,binary,target_lifted,auc,0.9998376886869015
actual,visual_mean,27,valid,binary,near_target,auc,0.9997297297297297
actual,visual_mean,27,valid,binary,near_basket,auc,0.9954710144927537
actual,visual_mean,27,valid,phase,phase_coarse,macro_f1,0.9478768909754826
actual,visual_mean,27,test,regression,object_a_xyz,mean_r2,0.9138702750205994
actual,visual_mean,27,test,regression,object_b_xyz,mean_r2,0.9171000123023987
actual,visual_mean,27,test,regression,target_xyz,mean_r2,0.9306826591491699
actual,visual_mean,27,test,regression,alternative_xyz,mean_r2,0.9285494685173035
actual,visual_mean,27,test,regression,eef_xyz,mean_r2,0.9217320084571838
actual,visual_mean,27,test,regression,robot_joint_pos,mean_r2,0.8890079855918884
actual,visual_mean,27,test,regression,gripper_width,mean_r2,0.8076797723770142
actual,visual_mean,27,test,regression,target_to_eef_xyz,mean_r2,0.8664787411689758
actual,visual_mean,27,test,regression,alternative_to_eef_xyz,mean_r2,0.9217799305915833
actual,visual_mean,27,test,regression,target_to_basket_xyz,mean_r2,0.9345795512199402
actual,visual_mean,27,test,regression,eef_target_distance,mean_r2,0.9164276719093323
actual,visual_mean,27,test,regression,eef_alternative_distance,mean_r2,0.9000993967056274
actual,visual_mean,27,test,regression,target_basket_distance,mean_r2,0.9356474876403809
actual,visual_mean,27,test,regression,target_displacement_xyz,mean_r2,0.9170519709587097
actual,visual_mean,27,test,regression,target_speed_per_action_step,mean_r2,0.7218347191810608
actual,visual_mean,27,test,regression,normalized_action_progress,mean_r2,0.7340892553329468
actual,visual_mean,27,test,regression,raw_action,mean_r2,0.05695533752441406
actual,visual_mean,27,test,binary,target_grasped,auc,0.9916221555571816
actual,visual_mean,27,test,binary,target_moved,auc,0.9997335160651744
actual,visual_mean,27,test,binary,target_lifted,auc,0.9999264164827079
actual,visual_mean,27,test,binary,near_target,auc,0.9926930258991638
actual,visual_mean,27,test,binary,near_basket,auc,0.9962047803617571
actual,visual_mean,27,test,phase,phase_coarse,macro_f1,0.9330808080808081
actual,visual_mean,28,valid,regression,object_a_xyz,mean_r2,0.8894315361976624
actual,visual_mean,28,valid,regression,object_b_xyz,mean_r2,0.885251522064209
actual,visual_mean,28,valid,regression,target_xyz,mean_r2,0.9070464968681335
actual,visual_mean,28,valid,regression,alternative_xyz,mean_r2,0.9214096665382385
actual,visual_mean,28,valid,regression,eef_xyz,mean_r2,0.9181841015815735
actual,visual_mean,28,valid,regression,robot_joint_pos,mean_r2,0.9196814298629761
actual,visual_mean,28,valid,regression,gripper_width,mean_r2,0.7080471515655518
actual,visual_mean,28,valid,regression,target_to_eef_xyz,mean_r2,0.8812503218650818
actual,visual_mean,28,valid,regression,alternative_to_eef_xyz,mean_r2,0.9155862331390381
actual,visual_mean,28,valid,regression,target_to_basket_xyz,mean_r2,0.898524820804596
actual,visual_mean,28,valid,regression,eef_target_distance,mean_r2,0.8878588676452637
actual,visual_mean,28,valid,regression,eef_alternative_distance,mean_r2,0.9170578122138977
actual,visual_mean,28,valid,regression,target_basket_distance,mean_r2,0.9358917474746704
actual,visual_mean,28,valid,regression,target_displacement_xyz,mean_r2,0.8717742562294006
actual,visual_mean,28,valid,regression,target_speed_per_action_step,mean_r2,0.8174967765808105
actual,visual_mean,28,valid,regression,normalized_action_progress,mean_r2,0.7703624963760376
actual,visual_mean,28,valid,regression,raw_action,mean_r2,0.42739662528038025
actual,visual_mean,28,valid,binary,target_grasped,auc,0.9925985518905873
actual,visual_mean,28,valid,binary,target_moved,auc,0.9973799864773496
actual,visual_mean,28,valid,binary,target_lifted,auc,0.9999188443434507
actual,visual_mean,28,valid,binary,near_target,auc,0.9998198198198198
actual,visual_mean,28,valid,binary,near_basket,auc,0.9963768115942029
actual,visual_mean,28,valid,phase,phase_coarse,macro_f1,0.9582388972992595
actual,visual_mean,28,test,regression,object_a_xyz,mean_r2,0.9139423370361328
actual,visual_mean,28,test,regression,object_b_xyz,mean_r2,0.9033770561218262
actual,visual_mean,28,test,regression,target_xyz,mean_r2,0.9198029637336731
actual,visual_mean,28,test,regression,alternative_xyz,mean_r2,0.9303843379020691
actual,visual_mean,28,test,regression,eef_xyz,mean_r2,0.9179344773292542
actual,visual_mean,28,test,regression,robot_joint_pos,mean_r2,0.8979664444923401
actual,visual_mean,28,test,regression,gripper_width,mean_r2,0.8352121114730835
actual,visual_mean,28,test,regression,target_to_eef_xyz,mean_r2,0.8262779712677002
actual,visual_mean,28,test,regression,alternative_to_eef_xyz,mean_r2,0.9075923562049866
actual,visual_mean,28,test,regression,target_to_basket_xyz,mean_r2,0.9130561351776123
actual,visual_mean,28,test,regression,eef_target_distance,mean_r2,0.8788321018218994
actual,visual_mean,28,test,regression,eef_alternative_distance,mean_r2,0.8761735558509827
actual,visual_mean,28,test,regression,target_basket_distance,mean_r2,0.9332073926925659
actual,visual_mean,28,test,regression,target_displacement_xyz,mean_r2,0.9151892066001892
actual,visual_mean,28,test,regression,target_speed_per_action_step,mean_r2,0.6889273524284363
actual,visual_mean,28,test,regression,normalized_action_progress,mean_r2,0.7031209468841553
actual,visual_mean,28,test,regression,raw_action,mean_r2,0.11044846475124359
actual,visual_mean,28,test,binary,target_grasped,auc,0.9919148313455769
actual,visual_mean,28,test,binary,target_moved,auc,0.9994289629968022
actual,visual_mean,28,test,binary,target_lifted,auc,0.9999264164827079
actual,visual_mean,28,test,binary,near_target,auc,0.993748477713729
actual,visual_mean,28,test,binary,near_basket,auc,0.9957202842377261
actual,visual_mean,28,test,phase,phase_coarse,macro_f1,0.9069359936423066
actual,visual_mean,29,valid,regression,object_a_xyz,mean_r2,0.8818316459655762
actual,visual_mean,29,valid,regression,object_b_xyz,mean_r2,0.8651216626167297
actual,visual_mean,29,valid,regression,target_xyz,mean_r2,0.91529780626297
actual,visual_mean,29,valid,regression,alternative_xyz,mean_r2,0.8992682099342346
actual,visual_mean,29,valid,regression,eef_xyz,mean_r2,0.9077981114387512
actual,visual_mean,29,valid,regression,robot_joint_pos,mean_r2,0.8984130620956421
actual,visual_mean,29,valid,regression,gripper_width,mean_r2,0.6499637365341187
actual,visual_mean,29,valid,regression,target_to_eef_xyz,mean_r2,0.8642122149467468
actual,visual_mean,29,valid,regression,alternative_to_eef_xyz,mean_r2,0.8864324688911438
actual,visual_mean,29,valid,regression,target_to_basket_xyz,mean_r2,0.8845934867858887
actual,visual_mean,29,valid,regression,eef_target_distance,mean_r2,0.880006730556488
actual,visual_mean,29,valid,regression,eef_alternative_distance,mean_r2,0.8876598477363586
actual,visual_mean,29,valid,regression,target_basket_distance,mean_r2,0.9141202569007874
actual,visual_mean,29,valid,regression,target_displacement_xyz,mean_r2,0.8506503105163574
actual,visual_mean,29,valid,regression,target_speed_per_action_step,mean_r2,0.8038638830184937
actual,visual_mean,29,valid,regression,normalized_action_progress,mean_r2,0.6930195093154907
actual,visual_mean,29,valid,regression,raw_action,mean_r2,0.3983820080757141
actual,visual_mean,29,valid,binary,target_grasped,auc,0.9929203539823008
actual,visual_mean,29,valid,binary,target_moved,auc,0.9982251521298174
actual,visual_mean,29,valid,binary,target_lifted,auc,0.999675377373803
actual,visual_mean,29,valid,binary,near_target,auc,0.9991891891891892
actual,visual_mean,29,valid,binary,near_basket,auc,0.9957729468599034
actual,visual_mean,29,valid,phase,phase_coarse,macro_f1,0.9523213354199269
actual,visual_mean,29,test,regression,object_a_xyz,mean_r2,0.8987094759941101
actual,visual_mean,29,test,regression,object_b_xyz,mean_r2,0.8916211128234863
actual,visual_mean,29,test,regression,target_xyz,mean_r2,0.9121493697166443
actual,visual_mean,29,test,regression,alternative_xyz,mean_r2,0.906870424747467
actual,visual_mean,29,test,regression,eef_xyz,mean_r2,0.9033682346343994
actual,visual_mean,29,test,regression,robot_joint_pos,mean_r2,0.8830649256706238
actual,visual_mean,29,test,regression,gripper_width,mean_r2,0.8189272880554199
actual,visual_mean,29,test,regression,target_to_eef_xyz,mean_r2,0.8261957168579102
actual,visual_mean,29,test,regression,alternative_to_eef_xyz,mean_r2,0.8915202021598816
actual,visual_mean,29,test,regression,target_to_basket_xyz,mean_r2,0.9132132530212402
actual,visual_mean,29,test,regression,eef_target_distance,mean_r2,0.8766444325447083
actual,visual_mean,29,test,regression,eef_alternative_distance,mean_r2,0.9097669720649719
actual,visual_mean,29,test,regression,target_basket_distance,mean_r2,0.934552788734436
actual,visual_mean,29,test,regression,target_displacement_xyz,mean_r2,0.9060652256011963
actual,visual_mean,29,test,regression,target_speed_per_action_step,mean_r2,0.7511377930641174
actual,visual_mean,29,test,regression,normalized_action_progress,mean_r2,0.7316819429397583
actual,visual_mean,29,test,regression,raw_action,mean_r2,0.12337511777877808
actual,visual_mean,29,test,binary,target_grasped,auc,0.9941830687056413
actual,visual_mean,29,test,binary,target_moved,auc,0.9994289629968022
actual,visual_mean,29,test,binary,target_lifted,auc,0.999963208241354
actual,visual_mean,29,test,binary,near_target,auc,0.9951286839327759
actual,visual_mean,29,test,binary,near_basket,auc,0.9954780361757106
actual,visual_mean,29,test,phase,phase_coarse,macro_f1,0.9499405948004079
actual,visual_mean,30,valid,regression,object_a_xyz,mean_r2,0.8349217772483826
actual,visual_mean,30,valid,regression,object_b_xyz,mean_r2,0.8748165965080261
actual,visual_mean,30,valid,regression,target_xyz,mean_r2,0.8723738789558411
actual,visual_mean,30,valid,regression,alternative_xyz,mean_r2,0.8757762908935547
actual,visual_mean,30,valid,regression,eef_xyz,mean_r2,0.8907652497291565
actual,visual_mean,30,valid,regression,robot_joint_pos,mean_r2,0.8796091675758362
actual,visual_mean,30,valid,regression,gripper_width,mean_r2,0.6202988624572754
actual,visual_mean,30,valid,regression,target_to_eef_xyz,mean_r2,0.8599681258201599
actual,visual_mean,30,valid,regression,alternative_to_eef_xyz,mean_r2,0.8769233226776123
actual,visual_mean,30,valid,regression,target_to_basket_xyz,mean_r2,0.8544266223907471
actual,visual_mean,30,valid,regression,eef_target_distance,mean_r2,0.8869938850402832
actual,visual_mean,30,valid,regression,eef_alternative_distance,mean_r2,0.9072760343551636
actual,visual_mean,30,valid,regression,target_basket_distance,mean_r2,0.9204534888267517
actual,visual_mean,30,valid,regression,target_displacement_xyz,mean_r2,0.832892119884491
actual,visual_mean,30,valid,regression,target_speed_per_action_step,mean_r2,0.8299532532691956
actual,visual_mean,30,valid,regression,normalized_action_progress,mean_r2,0.6601824760437012
actual,visual_mean,30,valid,regression,raw_action,mean_r2,0.37223419547080994
actual,visual_mean,30,valid,binary,target_grasped,auc,0.9933226065969428
actual,visual_mean,30,valid,binary,target_moved,auc,0.9967038539553753
actual,visual_mean,30,valid,binary,target_lifted,auc,0.9998376886869015
actual,visual_mean,30,valid,binary,near_target,auc,0.9998198198198198
actual,visual_mean,30,valid,binary,near_basket,auc,0.9954710144927537
actual,visual_mean,30,valid,phase,phase_coarse,macro_f1,0.9656854287608763
actual,visual_mean,30,test,regression,object_a_xyz,mean_r2,0.8859371542930603
actual,visual_mean,30,test,regression,object_b_xyz,mean_r2,0.8823067545890808
actual,visual_mean,30,test,regression,target_xyz,mean_r2,0.8944347500801086
actual,visual_mean,30,test,regression,alternative_xyz,mean_r2,0.9051557183265686
actual,visual_mean,30,test,regression,eef_xyz,mean_r2,0.8787216544151306
actual,visual_mean,30,test,regression,robot_joint_pos,mean_r2,0.8597223162651062
actual,visual_mean,30,test,regression,gripper_width,mean_r2,0.7855017781257629
actual,visual_mean,30,test,regression,target_to_eef_xyz,mean_r2,0.8034695982933044
actual,visual_mean,30,test,regression,alternative_to_eef_xyz,mean_r2,0.8747065663337708
actual,visual_mean,30,test,regression,target_to_basket_xyz,mean_r2,0.8928712010383606
actual,visual_mean,30,test,regression,eef_target_distance,mean_r2,0.837205171585083
actual,visual_mean,30,test,regression,eef_alternative_distance,mean_r2,0.8699045181274414
actual,visual_mean,30,test,regression,target_basket_distance,mean_r2,0.9420101642608643
actual,visual_mean,30,test,regression,target_displacement_xyz,mean_r2,0.8798189163208008
actual,visual_mean,30,test,regression,target_speed_per_action_step,mean_r2,0.6538926362991333
actual,visual_mean,30,test,regression,normalized_action_progress,mean_r2,0.6835284233093262
actual,visual_mean,30,test,regression,raw_action,mean_r2,0.11273138225078583
actual,visual_mean,30,test,binary,target_grasped,auc,0.9938538084436965
actual,visual_mean,30,test,binary,target_moved,auc,0.9995431703974418
actual,visual_mean,30,test,binary,target_lifted,auc,0.9999264164827079
actual,visual_mean,30,test,binary,near_target,auc,0.9928959974019648
actual,visual_mean,30,test,binary,near_basket,auc,0.9962855297157622
actual,visual_mean,30,test,phase,phase_coarse,macro_f1,0.9579004329004329
actual,visual_mean,31,valid,regression,object_a_xyz,mean_r2,0.8431695103645325
actual,visual_mean,31,valid,regression,object_b_xyz,mean_r2,0.8595495223999023
actual,visual_mean,31,valid,regression,target_xyz,mean_r2,0.8705505728721619
actual,visual_mean,31,valid,regression,alternative_xyz,mean_r2,0.8749640583992004
actual,visual_mean,31,valid,regression,eef_xyz,mean_r2,0.8923907279968262
actual,visual_mean,31,valid,regression,robot_joint_pos,mean_r2,0.8902021646499634
actual,visual_mean,31,valid,regression,gripper_width,mean_r2,0.6072505712509155
actual,visual_mean,31,valid,regression,target_to_eef_xyz,mean_r2,0.860231876373291
actual,visual_mean,31,valid,regression,alternative_to_eef_xyz,mean_r2,0.8646594882011414
actual,visual_mean,31,valid,regression,target_to_basket_xyz,mean_r2,0.8687050342559814
actual,visual_mean,31,valid,regression,eef_target_distance,mean_r2,0.8611988425254822
actual,visual_mean,31,valid,regression,eef_alternative_distance,mean_r2,0.8586879968643188
actual,visual_mean,31,valid,regression,target_basket_distance,mean_r2,0.8782947063446045
actual,visual_mean,31,valid,regression,target_displacement_xyz,mean_r2,0.8357553482055664
actual,visual_mean,31,valid,regression,target_speed_per_action_step,mean_r2,0.7678192257881165
actual,visual_mean,31,valid,regression,normalized_action_progress,mean_r2,0.7366605401039124
actual,visual_mean,31,valid,regression,raw_action,mean_r2,0.34073230624198914
actual,visual_mean,31,valid,binary,target_grasped,auc,0.990104585679807
actual,visual_mean,31,valid,binary,target_moved,auc,0.9978025693035835
actual,visual_mean,31,valid,binary,target_lifted,auc,0.9998376886869015
actual,visual_mean,31,valid,binary,near_target,auc,0.9998198198198198
actual,visual_mean,31,valid,binary,near_basket,auc,0.99381038647343
actual,visual_mean,31,valid,phase,phase_coarse,macro_f1,0.9462964897632841
actual,visual_mean,31,test,regression,object_a_xyz,mean_r2,0.8862509727478027
actual,visual_mean,31,test,regression,object_b_xyz,mean_r2,0.8661834597587585
actual,visual_mean,31,test,regression,target_xyz,mean_r2,0.9026710391044617
actual,visual_mean,31,test,regression,alternative_xyz,mean_r2,0.8821479678153992
actual,visual_mean,31,test,regression,eef_xyz,mean_r2,0.8700706362724304
actual,visual_mean,31,test,regression,robot_joint_pos,mean_r2,0.8610773086547852
actual,visual_mean,31,test,regression,gripper_width,mean_r2,0.813381016254425
actual,visual_mean,31,test,regression,target_to_eef_xyz,mean_r2,0.8053603768348694
actual,visual_mean,31,test,regression,alternative_to_eef_xyz,mean_r2,0.8670428395271301
actual,visual_mean,31,test,regression,target_to_basket_xyz,mean_r2,0.9064661860466003
actual,visual_mean,31,test,regression,eef_target_distance,mean_r2,0.8589598536491394
actual,visual_mean,31,test,regression,eef_alternative_distance,mean_r2,0.8724328875541687
actual,visual_mean,31,test,regression,target_basket_distance,mean_r2,0.9143656492233276
actual,visual_mean,31,test,regression,target_displacement_xyz,mean_r2,0.8800358772277832
actual,visual_mean,31,test,regression,target_speed_per_action_step,mean_r2,0.6591132879257202
actual,visual_mean,31,test,regression,normalized_action_progress,mean_r2,0.6696078181266785
actual,visual_mean,31,test,regression,raw_action,mean_r2,0.05502825975418091
actual,visual_mean,31,test,binary,target_grasped,auc,0.9934513792346528
actual,visual_mean,31,test,binary,target_moved,auc,0.9999238617329069
actual,visual_mean,31,test,binary,target_lifted,auc,0.9999264164827079
actual,visual_mean,31,test,binary,near_target,auc,0.9936672891126086
actual,visual_mean,31,test,binary,near_basket,auc,0.997093023255814
actual,visual_mean,31,test,phase,phase_coarse,macro_f1,0.9457909922306206
paired,prompt_end,0,valid,regression,object_a_xyz,mean_r2,0.8749553561210632
paired,prompt_end,0,valid,regression,object_b_xyz,mean_r2,0.9193289875984192
paired,prompt_end,0,valid,regression,target_xyz,mean_r2,0.5821524262428284
paired,prompt_end,0,valid,regression,alternative_xyz,mean_r2,0.5470528602600098
paired,prompt_end,0,valid,regression,eef_xyz,mean_r2,0.9662600159645081
paired,prompt_end,0,valid,regression,robot_joint_pos,mean_r2,0.9470643401145935
paired,prompt_end,0,valid,regression,gripper_width,mean_r2,0.5710811614990234
paired,prompt_end,0,valid,regression,target_to_eef_xyz,mean_r2,0.6566482186317444
paired,prompt_end,0,valid,regression,alternative_to_eef_xyz,mean_r2,0.6747075915336609
paired,prompt_end,0,valid,regression,target_to_basket_xyz,mean_r2,0.5526341795921326
paired,prompt_end,0,valid,regression,eef_target_distance,mean_r2,0.4061487913131714
paired,prompt_end,0,valid,regression,eef_alternative_distance,mean_r2,0.32054388523101807
paired,prompt_end,0,valid,regression,target_basket_distance,mean_r2,0.7601365447044373
paired,prompt_end,0,valid,regression,target_displacement_xyz,mean_r2,0.5089769959449768
paired,prompt_end,0,valid,regression,target_speed_per_action_step,mean_r2,0.37364572286605835
paired,prompt_end,0,valid,regression,normalized_action_progress,mean_r2,0.64785236120224
paired,prompt_end,0,valid,binary,target_grasped,auc,0.912797619047619
paired,prompt_end,0,valid,binary,target_moved,auc,0.9312906220984215
paired,prompt_end,0,valid,binary,target_lifted,auc,0.9190414693643277
paired,prompt_end,0,valid,binary,near_target,auc,0.88116724106657
paired,prompt_end,0,valid,binary,near_basket,auc,0.9755813953488373
paired,prompt_end,0,valid,phase,phase_coarse,macro_f1,0.6894184592495868
paired,prompt_end,0,test,regression,object_a_xyz,mean_r2,0.9172728061676025
paired,prompt_end,0,test,regression,object_b_xyz,mean_r2,0.9213835597038269
paired,prompt_end,0,test,regression,target_xyz,mean_r2,0.5580071806907654
paired,prompt_end,0,test,regression,alternative_xyz,mean_r2,0.5294962525367737
paired,prompt_end,0,test,regression,eef_xyz,mean_r2,0.963420569896698
paired,prompt_end,0,test,regression,robot_joint_pos,mean_r2,0.918549656867981
paired,prompt_end,0,test,regression,gripper_width,mean_r2,0.7623091340065002
paired,prompt_end,0,test,regression,target_to_eef_xyz,mean_r2,0.6095413565635681
paired,prompt_end,0,test,regression,alternative_to_eef_xyz,mean_r2,0.6177962422370911
paired,prompt_end,0,test,regression,target_to_basket_xyz,mean_r2,0.5126810073852539
paired,prompt_end,0,test,regression,eef_target_distance,mean_r2,0.29054099321365356
paired,prompt_end,0,test,regression,eef_alternative_distance,mean_r2,0.22754478454589844
paired,prompt_end,0,test,regression,target_basket_distance,mean_r2,0.7091485857963562
paired,prompt_end,0,test,regression,target_displacement_xyz,mean_r2,0.4993170201778412
paired,prompt_end,0,test,regression,target_speed_per_action_step,mean_r2,0.34590262174606323
paired,prompt_end,0,test,regression,normalized_action_progress,mean_r2,0.6232548952102661
paired,prompt_end,0,test,binary,target_grasped,auc,0.8990732368896925
paired,prompt_end,0,test,binary,target_moved,auc,0.9009005145797598
paired,prompt_end,0,test,binary,target_lifted,auc,0.8972537940151113
paired,prompt_end,0,test,binary,near_target,auc,0.876508389123068
paired,prompt_end,0,test,binary,near_basket,auc,0.9442085884960739
paired,prompt_end,0,test,phase,phase_coarse,macro_f1,0.7093370422366897
paired,prompt_end,1,valid,regression,object_a_xyz,mean_r2,0.9311497807502747
paired,prompt_end,1,valid,regression,object_b_xyz,mean_r2,0.9274278283119202
paired,prompt_end,1,valid,regression,target_xyz,mean_r2,0.6537119746208191
paired,prompt_end,1,valid,regression,alternative_xyz,mean_r2,0.6512804627418518
paired,prompt_end,1,valid,regression,eef_xyz,mean_r2,0.972578227519989
paired,prompt_end,1,valid,regression,robot_joint_pos,mean_r2,0.9570745825767517
paired,prompt_end,1,valid,regression,gripper_width,mean_r2,0.73689204454422
paired,prompt_end,1,valid,regression,target_to_eef_xyz,mean_r2,0.7506542801856995
paired,prompt_end,1,valid,regression,alternative_to_eef_xyz,mean_r2,0.7493011951446533
paired,prompt_end,1,valid,regression,target_to_basket_xyz,mean_r2,0.6729267239570618
paired,prompt_end,1,valid,regression,eef_target_distance,mean_r2,0.45184803009033203
paired,prompt_end,1,valid,regression,eef_alternative_distance,mean_r2,0.5175911784172058
paired,prompt_end,1,valid,regression,target_basket_distance,mean_r2,0.8043212294578552
paired,prompt_end,1,valid,regression,target_displacement_xyz,mean_r2,0.5649880170822144
paired,prompt_end,1,valid,regression,target_speed_per_action_step,mean_r2,0.4494626522064209
paired,prompt_end,1,valid,regression,normalized_action_progress,mean_r2,0.7201757431030273
paired,prompt_end,1,valid,binary,target_grasped,auc,0.9543831168831168
paired,prompt_end,1,valid,binary,target_moved,auc,0.9514295776902635
paired,prompt_end,1,valid,binary,target_lifted,auc,0.9566078346965131
paired,prompt_end,1,valid,binary,near_target,auc,0.9389397787048793
paired,prompt_end,1,valid,binary,near_basket,auc,0.9799418604651163
paired,prompt_end,1,valid,phase,phase_coarse,macro_f1,0.8186501188896261
paired,prompt_end,1,test,regression,object_a_xyz,mean_r2,0.9487886428833008
paired,prompt_end,1,test,regression,object_b_xyz,mean_r2,0.9466094970703125
paired,prompt_end,1,test,regression,target_xyz,mean_r2,0.6754522323608398
paired,prompt_end,1,test,regression,alternative_xyz,mean_r2,0.671792209148407
paired,prompt_end,1,test,regression,eef_xyz,mean_r2,0.9746295809745789
paired,prompt_end,1,test,regression,robot_joint_pos,mean_r2,0.9437113404273987
paired,prompt_end,1,test,regression,gripper_width,mean_r2,0.8168681263923645
paired,prompt_end,1,test,regression,target_to_eef_xyz,mean_r2,0.7567065358161926
paired,prompt_end,1,test,regression,alternative_to_eef_xyz,mean_r2,0.7181260585784912
paired,prompt_end,1,test,regression,target_to_basket_xyz,mean_r2,0.6893400549888611
paired,prompt_end,1,test,regression,eef_target_distance,mean_r2,0.5031847953796387
paired,prompt_end,1,test,regression,eef_alternative_distance,mean_r2,0.5193148255348206
paired,prompt_end,1,test,regression,target_basket_distance,mean_r2,0.7856076955795288
paired,prompt_end,1,test,regression,target_displacement_xyz,mean_r2,0.6254374384880066
paired,prompt_end,1,test,regression,target_speed_per_action_step,mean_r2,0.5375516414642334
paired,prompt_end,1,test,regression,normalized_action_progress,mean_r2,0.6512582302093506
paired,prompt_end,1,test,binary,target_grasped,auc,0.9459890496282901
paired,prompt_end,1,test,binary,target_moved,auc,0.9612206975414522
paired,prompt_end,1,test,binary,target_lifted,auc,0.9691942820855095
paired,prompt_end,1,test,binary,near_target,auc,0.9434973964790478
paired,prompt_end,1,test,binary,near_basket,auc,0.9597625577638351
paired,prompt_end,1,test,phase,phase_coarse,macro_f1,0.7982498454960044
paired,prompt_end,2,valid,regression,object_a_xyz,mean_r2,0.9269600510597229
paired,prompt_end,2,valid,regression,object_b_xyz,mean_r2,0.9314789772033691
paired,prompt_end,2,valid,regression,target_xyz,mean_r2,0.7799890637397766
paired,prompt_end,2,valid,regression,alternative_xyz,mean_r2,0.7733559608459473
paired,prompt_end,2,valid,regression,eef_xyz,mean_r2,0.9776053428649902
paired,prompt_end,2,valid,regression,robot_joint_pos,mean_r2,0.9600984454154968
paired,prompt_end,2,valid,regression,gripper_width,mean_r2,0.747726321220398
paired,prompt_end,2,valid,regression,target_to_eef_xyz,mean_r2,0.8335042595863342
paired,prompt_end,2,valid,regression,alternative_to_eef_xyz,mean_r2,0.8296968340873718
paired,prompt_end,2,valid,regression,target_to_basket_xyz,mean_r2,0.7755505442619324
paired,prompt_end,2,valid,regression,eef_target_distance,mean_r2,0.6863386631011963
paired,prompt_end,2,valid,regression,eef_alternative_distance,mean_r2,0.7156513929367065
paired,prompt_end,2,valid,regression,target_basket_distance,mean_r2,0.8306254744529724
paired,prompt_end,2,valid,regression,target_displacement_xyz,mean_r2,0.6786791682243347
paired,prompt_end,2,valid,regression,target_speed_per_action_step,mean_r2,0.6100153923034668
paired,prompt_end,2,valid,regression,normalized_action_progress,mean_r2,0.7622586488723755
paired,prompt_end,2,valid,binary,target_grasped,auc,0.9927218614718615
paired,prompt_end,2,valid,binary,target_moved,auc,0.9901706528351423
paired,prompt_end,2,valid,binary,target_lifted,auc,0.9926818768833405
paired,prompt_end,2,valid,binary,near_target,auc,0.992812443315799
paired,prompt_end,2,valid,binary,near_basket,auc,0.9803779069767442
paired,prompt_end,2,valid,phase,phase_coarse,macro_f1,0.931815820456794
paired,prompt_end,2,test,regression,object_a_xyz,mean_r2,0.9585326313972473
paired,prompt_end,2,test,regression,object_b_xyz,mean_r2,0.927578866481781
paired,prompt_end,2,test,regression,target_xyz,mean_r2,0.7674088478088379
paired,prompt_end,2,test,regression,alternative_xyz,mean_r2,0.7852880358695984
paired,prompt_end,2,test,regression,eef_xyz,mean_r2,0.9714915156364441
paired,prompt_end,2,test,regression,robot_joint_pos,mean_r2,0.9490427374839783
paired,prompt_end,2,test,regression,gripper_width,mean_r2,0.8410679697990417
paired,prompt_end,2,test,regression,target_to_eef_xyz,mean_r2,0.7823317646980286
paired,prompt_end,2,test,regression,alternative_to_eef_xyz,mean_r2,0.7911037802696228
paired,prompt_end,2,test,regression,target_to_basket_xyz,mean_r2,0.7629981637001038
paired,prompt_end,2,test,regression,eef_target_distance,mean_r2,0.5028126835823059
paired,prompt_end,2,test,regression,eef_alternative_distance,mean_r2,0.6626937985420227
paired,prompt_end,2,test,regression,target_basket_distance,mean_r2,0.8310142159461975
paired,prompt_end,2,test,regression,target_displacement_xyz,mean_r2,0.6751253008842468
paired,prompt_end,2,test,regression,target_speed_per_action_step,mean_r2,0.5146238803863525
paired,prompt_end,2,test,regression,normalized_action_progress,mean_r2,0.7089641094207764
paired,prompt_end,2,test,binary,target_grasped,auc,0.96264064697609
paired,prompt_end,2,test,binary,target_moved,auc,0.9896798170383077
paired,prompt_end,2,test,binary,target_lifted,auc,0.9894635891188553
paired,prompt_end,2,test,binary,near_target,auc,0.9640052896933631
paired,prompt_end,2,test,binary,near_basket,auc,0.969906450764549
paired,prompt_end,2,test,phase,phase_coarse,macro_f1,0.7826326774691044
paired,prompt_end,3,valid,regression,object_a_xyz,mean_r2,0.9327159523963928
paired,prompt_end,3,valid,regression,object_b_xyz,mean_r2,0.9337698817253113
paired,prompt_end,3,valid,regression,target_xyz,mean_r2,0.8011741042137146
paired,prompt_end,3,valid,regression,alternative_xyz,mean_r2,0.7975707054138184
paired,prompt_end,3,valid,regression,eef_xyz,mean_r2,0.9663510322570801
paired,prompt_end,3,valid,regression,robot_joint_pos,mean_r2,0.957497775554657
paired,prompt_end,3,valid,regression,gripper_width,mean_r2,0.7463579177856445
paired,prompt_end,3,valid,regression,target_to_eef_xyz,mean_r2,0.8539864420890808
paired,prompt_end,3,valid,regression,alternative_to_eef_xyz,mean_r2,0.8410405516624451
paired,prompt_end,3,valid,regression,target_to_basket_xyz,mean_r2,0.8133313655853271
paired,prompt_end,3,valid,regression,eef_target_distance,mean_r2,0.7339568138122559
paired,prompt_end,3,valid,regression,eef_alternative_distance,mean_r2,0.74000084400177
paired,prompt_end,3,valid,regression,target_basket_distance,mean_r2,0.8539516925811768
paired,prompt_end,3,valid,regression,target_displacement_xyz,mean_r2,0.7259157299995422
paired,prompt_end,3,valid,regression,target_speed_per_action_step,mean_r2,0.6757066249847412
paired,prompt_end,3,valid,regression,normalized_action_progress,mean_r2,0.7437660694122314
paired,prompt_end,3,valid,binary,target_grasped,auc,0.9974296536796536
paired,prompt_end,3,valid,binary,target_moved,auc,0.9910351231069702
paired,prompt_end,3,valid,binary,target_lifted,auc,0.9981058975462763
paired,prompt_end,3,valid,binary,near_target,auc,0.9974605477961183
paired,prompt_end,3,valid,binary,near_basket,auc,0.985610465116279
paired,prompt_end,3,valid,phase,phase_coarse,macro_f1,0.901608228327396
paired,prompt_end,3,test,regression,object_a_xyz,mean_r2,0.9505184292793274
paired,prompt_end,3,test,regression,object_b_xyz,mean_r2,0.9523579478263855
paired,prompt_end,3,test,regression,target_xyz,mean_r2,0.8157302737236023
paired,prompt_end,3,test,regression,alternative_xyz,mean_r2,0.7877737879753113
paired,prompt_end,3,test,regression,eef_xyz,mean_r2,0.9632885456085205
paired,prompt_end,3,test,regression,robot_joint_pos,mean_r2,0.9513182044029236
paired,prompt_end,3,test,regression,gripper_width,mean_r2,0.8728557825088501
paired,prompt_end,3,test,regression,target_to_eef_xyz,mean_r2,0.8372036814689636
paired,prompt_end,3,test,regression,alternative_to_eef_xyz,mean_r2,0.8538392186164856
paired,prompt_end,3,test,regression,target_to_basket_xyz,mean_r2,0.8039159178733826
paired,prompt_end,3,test,regression,eef_target_distance,mean_r2,0.7018791437149048
paired,prompt_end,3,test,regression,eef_alternative_distance,mean_r2,0.7432187795639038
paired,prompt_end,3,test,regression,target_basket_distance,mean_r2,0.8723581433296204
paired,prompt_end,3,test,regression,target_displacement_xyz,mean_r2,0.7733245491981506
paired,prompt_end,3,test,regression,target_speed_per_action_step,mean_r2,0.5840796828269958
paired,prompt_end,3,test,regression,normalized_action_progress,mean_r2,0.7418860197067261
paired,prompt_end,3,test,binary,target_grasped,auc,0.9447835041189472
paired,prompt_end,3,test,binary,target_moved,auc,0.9865637507146942
paired,prompt_end,3,test,binary,target_lifted,auc,0.9839556252510984
paired,prompt_end,3,test,binary,near_target,auc,0.9713509380940574
paired,prompt_end,3,test,binary,near_basket,auc,0.9820791223654056
paired,prompt_end,3,test,phase,phase_coarse,macro_f1,0.8205193372495984
paired,prompt_end,4,valid,regression,object_a_xyz,mean_r2,0.9001277089118958
paired,prompt_end,4,valid,regression,object_b_xyz,mean_r2,0.9080061912536621
paired,prompt_end,4,valid,regression,target_xyz,mean_r2,0.8245429992675781
paired,prompt_end,4,valid,regression,alternative_xyz,mean_r2,0.7989678382873535
paired,prompt_end,4,valid,regression,eef_xyz,mean_r2,0.9593533873558044
paired,prompt_end,4,valid,regression,robot_joint_pos,mean_r2,0.9471749663352966
paired,prompt_end,4,valid,regression,gripper_width,mean_r2,0.8189235329627991
paired,prompt_end,4,valid,regression,target_to_eef_xyz,mean_r2,0.8451315760612488
paired,prompt_end,4,valid,regression,alternative_to_eef_xyz,mean_r2,0.8401427268981934
paired,prompt_end,4,valid,regression,target_to_basket_xyz,mean_r2,0.814006507396698
paired,prompt_end,4,valid,regression,eef_target_distance,mean_r2,0.7412781715393066
paired,prompt_end,4,valid,regression,eef_alternative_distance,mean_r2,0.7216992378234863
paired,prompt_end,4,valid,regression,target_basket_distance,mean_r2,0.8232552409172058
paired,prompt_end,4,valid,regression,target_displacement_xyz,mean_r2,0.7356839179992676
paired,prompt_end,4,valid,regression,target_speed_per_action_step,mean_r2,0.6878165602684021
paired,prompt_end,4,valid,regression,normalized_action_progress,mean_r2,0.7287349700927734
paired,prompt_end,4,valid,binary,target_grasped,auc,0.9966720779220779
paired,prompt_end,4,valid,binary,target_moved,auc,0.9882175903691608
paired,prompt_end,4,valid,binary,target_lifted,auc,0.9881475104032142
paired,prompt_end,4,valid,binary,near_target,auc,0.9964175584980954
paired,prompt_end,4,valid,binary,near_basket,auc,0.9681686046511628
paired,prompt_end,4,valid,phase,phase_coarse,macro_f1,0.9175054223402123
paired,prompt_end,4,test,regression,object_a_xyz,mean_r2,0.9062805771827698
paired,prompt_end,4,test,regression,object_b_xyz,mean_r2,0.9163461327552795
paired,prompt_end,4,test,regression,target_xyz,mean_r2,0.8301159739494324
paired,prompt_end,4,test,regression,alternative_xyz,mean_r2,0.8262006640434265
paired,prompt_end,4,test,regression,eef_xyz,mean_r2,0.9656429290771484
paired,prompt_end,4,test,regression,robot_joint_pos,mean_r2,0.9357498288154602
paired,prompt_end,4,test,regression,gripper_width,mean_r2,0.8622826337814331
paired,prompt_end,4,test,regression,target_to_eef_xyz,mean_r2,0.8486081957817078
paired,prompt_end,4,test,regression,alternative_to_eef_xyz,mean_r2,0.8497125506401062
paired,prompt_end,4,test,regression,target_to_basket_xyz,mean_r2,0.8165966868400574
paired,prompt_end,4,test,regression,eef_target_distance,mean_r2,0.6843332052230835
paired,prompt_end,4,test,regression,eef_alternative_distance,mean_r2,0.7434613108634949
paired,prompt_end,4,test,regression,target_basket_distance,mean_r2,0.8547412157058716
paired,prompt_end,4,test,regression,target_displacement_xyz,mean_r2,0.7486967444419861
paired,prompt_end,4,test,regression,target_speed_per_action_step,mean_r2,0.5931942462921143
paired,prompt_end,4,test,regression,normalized_action_progress,mean_r2,0.7253191471099854
paired,prompt_end,4,test,binary,target_grasped,auc,0.9715441028732168
paired,prompt_end,4,test,binary,target_moved,auc,0.9945254431103487
paired,prompt_end,4,test,binary,target_lifted,auc,0.9935848420834359
paired,prompt_end,4,test,binary,near_target,auc,0.9783763120919085
paired,prompt_end,4,test,binary,near_basket,auc,0.9301574181913814
paired,prompt_end,4,test,phase,phase_coarse,macro_f1,0.8167549023974154
paired,prompt_end,5,valid,regression,object_a_xyz,mean_r2,0.9270673394203186
paired,prompt_end,5,valid,regression,object_b_xyz,mean_r2,0.9279189109802246
paired,prompt_end,5,valid,regression,target_xyz,mean_r2,0.8409468531608582
paired,prompt_end,5,valid,regression,alternative_xyz,mean_r2,0.8337765336036682
paired,prompt_end,5,valid,regression,eef_xyz,mean_r2,0.96909499168396
paired,prompt_end,5,valid,regression,robot_joint_pos,mean_r2,0.9601072669029236
paired,prompt_end,5,valid,regression,gripper_width,mean_r2,0.7810242176055908
paired,prompt_end,5,valid,regression,target_to_eef_xyz,mean_r2,0.8718942999839783
paired,prompt_end,5,valid,regression,alternative_to_eef_xyz,mean_r2,0.8578378558158875
paired,prompt_end,5,valid,regression,target_to_basket_xyz,mean_r2,0.8366689085960388
paired,prompt_end,5,valid,regression,eef_target_distance,mean_r2,0.7645915746688843
paired,prompt_end,5,valid,regression,eef_alternative_distance,mean_r2,0.7528364658355713
paired,prompt_end,5,valid,regression,target_basket_distance,mean_r2,0.8783387541770935
paired,prompt_end,5,valid,regression,target_displacement_xyz,mean_r2,0.7625274062156677
paired,prompt_end,5,valid,regression,target_speed_per_action_step,mean_r2,0.7190935015678406
paired,prompt_end,5,valid,regression,normalized_action_progress,mean_r2,0.6360987424850464
paired,prompt_end,5,valid,binary,target_grasped,auc,0.9938852813852814
paired,prompt_end,5,valid,binary,target_moved,auc,0.988281625204111
paired,prompt_end,5,valid,binary,target_lifted,auc,0.9941455015066724
paired,prompt_end,5,valid,binary,near_target,auc,0.9965536005804462
paired,prompt_end,5,valid,binary,near_basket,auc,0.9867732558139535
paired,prompt_end,5,valid,phase,phase_coarse,macro_f1,0.9210940777205837
paired,prompt_end,5,test,regression,object_a_xyz,mean_r2,0.9460124969482422
paired,prompt_end,5,test,regression,object_b_xyz,mean_r2,0.9410338997840881
paired,prompt_end,5,test,regression,target_xyz,mean_r2,0.8264331817626953
paired,prompt_end,5,test,regression,alternative_xyz,mean_r2,0.8366811871528625
paired,prompt_end,5,test,regression,eef_xyz,mean_r2,0.9703101515769958
paired,prompt_end,5,test,regression,robot_joint_pos,mean_r2,0.9523725509643555
paired,prompt_end,5,test,regression,gripper_width,mean_r2,0.8379596471786499
paired,prompt_end,5,test,regression,target_to_eef_xyz,mean_r2,0.8502957820892334
paired,prompt_end,5,test,regression,alternative_to_eef_xyz,mean_r2,0.860053300857544
paired,prompt_end,5,test,regression,target_to_basket_xyz,mean_r2,0.812441349029541
paired,prompt_end,5,test,regression,eef_target_distance,mean_r2,0.7496052384376526
paired,prompt_end,5,test,regression,eef_alternative_distance,mean_r2,0.7307417988777161
paired,prompt_end,5,test,regression,target_basket_distance,mean_r2,0.8645013570785522
paired,prompt_end,5,test,regression,target_displacement_xyz,mean_r2,0.7566072344779968
paired,prompt_end,5,test,regression,target_speed_per_action_step,mean_r2,0.6760914921760559
paired,prompt_end,5,test,regression,normalized_action_progress,mean_r2,0.6878119111061096
paired,prompt_end,5,test,binary,target_grasped,auc,0.9915235081374322
paired,prompt_end,5,test,binary,target_moved,auc,0.9965551743853631
paired,prompt_end,5,test,binary,target_lifted,auc,0.9966822617643628
paired,prompt_end,5,test,binary,near_target,auc,0.9838932969666915
paired,prompt_end,5,test,binary,near_basket,auc,0.9923357252883496
paired,prompt_end,5,test,phase,phase_coarse,macro_f1,0.8673625488913626
paired,prompt_end,6,valid,regression,object_a_xyz,mean_r2,0.9244790077209473
paired,prompt_end,6,valid,regression,object_b_xyz,mean_r2,0.926007091999054
paired,prompt_end,6,valid,regression,target_xyz,mean_r2,0.8159796595573425
paired,prompt_end,6,valid,regression,alternative_xyz,mean_r2,0.812937319278717
paired,prompt_end,6,valid,regression,eef_xyz,mean_r2,0.969288170337677
paired,prompt_end,6,valid,regression,robot_joint_pos,mean_r2,0.9661138653755188
paired,prompt_end,6,valid,regression,gripper_width,mean_r2,0.7405495643615723
paired,prompt_end,6,valid,regression,target_to_eef_xyz,mean_r2,0.8511087894439697
paired,prompt_end,6,valid,regression,alternative_to_eef_xyz,mean_r2,0.8604087829589844
paired,prompt_end,6,valid,regression,target_to_basket_xyz,mean_r2,0.81485915184021
paired,prompt_end,6,valid,regression,eef_target_distance,mean_r2,0.7063479423522949
paired,prompt_end,6,valid,regression,eef_alternative_distance,mean_r2,0.7305978536605835
paired,prompt_end,6,valid,regression,target_basket_distance,mean_r2,0.874476432800293
paired,prompt_end,6,valid,regression,target_displacement_xyz,mean_r2,0.7584829330444336
paired,prompt_end,6,valid,regression,target_speed_per_action_step,mean_r2,0.6519274711608887
paired,prompt_end,6,valid,regression,normalized_action_progress,mean_r2,0.7232674360275269
paired,prompt_end,6,valid,binary,target_grasped,auc,0.9847132034632035
paired,prompt_end,6,valid,binary,target_moved,auc,0.9880895206992604
paired,prompt_end,6,valid,binary,target_lifted,auc,0.9859664227292294
paired,prompt_end,6,valid,binary,near_target,auc,0.9837202974786867
paired,prompt_end,6,valid,binary,near_basket,auc,0.9912790697674418
paired,prompt_end,6,valid,phase,phase_coarse,macro_f1,0.919463879834571
paired,prompt_end,6,test,regression,object_a_xyz,mean_r2,0.955579936504364
paired,prompt_end,6,test,regression,object_b_xyz,mean_r2,0.935211181640625
paired,prompt_end,6,test,regression,target_xyz,mean_r2,0.8454216122627258
paired,prompt_end,6,test,regression,alternative_xyz,mean_r2,0.8373166918754578
paired,prompt_end,6,test,regression,eef_xyz,mean_r2,0.9744125008583069
paired,prompt_end,6,test,regression,robot_joint_pos,mean_r2,0.9591416120529175
paired,prompt_end,6,test,regression,gripper_width,mean_r2,0.7737950682640076
paired,prompt_end,6,test,regression,target_to_eef_xyz,mean_r2,0.8656871318817139
paired,prompt_end,6,test,regression,alternative_to_eef_xyz,mean_r2,0.8635435700416565
paired,prompt_end,6,test,regression,target_to_basket_xyz,mean_r2,0.8439436554908752
paired,prompt_end,6,test,regression,eef_target_distance,mean_r2,0.7899307012557983
paired,prompt_end,6,test,regression,eef_alternative_distance,mean_r2,0.7206541299819946
paired,prompt_end,6,test,regression,target_basket_distance,mean_r2,0.879890501499176
paired,prompt_end,6,test,regression,target_displacement_xyz,mean_r2,0.7989917397499084
paired,prompt_end,6,test,regression,target_speed_per_action_step,mean_r2,0.6641420125961304
paired,prompt_end,6,test,regression,normalized_action_progress,mean_r2,0.752282440662384
paired,prompt_end,6,test,binary,target_grasped,auc,0.981125678119349
paired,prompt_end,6,test,binary,target_moved,auc,0.9977415666094911
paired,prompt_end,6,test,binary,target_lifted,auc,0.9976931351330335
paired,prompt_end,6,test,binary,near_target,auc,0.9872510124803703
paired,prompt_end,6,test,binary,near_basket,auc,0.9824172521320961
paired,prompt_end,6,test,phase,phase_coarse,macro_f1,0.8873188817768147
paired,prompt_end,7,valid,regression,object_a_xyz,mean_r2,0.8985226154327393
paired,prompt_end,7,valid,regression,object_b_xyz,mean_r2,0.9039983153343201
paired,prompt_end,7,valid,regression,target_xyz,mean_r2,0.8178951740264893
paired,prompt_end,7,valid,regression,alternative_xyz,mean_r2,0.8390434384346008
paired,prompt_end,7,valid,regression,eef_xyz,mean_r2,0.965128481388092
paired,prompt_end,7,valid,regression,robot_joint_pos,mean_r2,0.9648832082748413
paired,prompt_end,7,valid,regression,gripper_width,mean_r2,0.7932819128036499
paired,prompt_end,7,valid,regression,target_to_eef_xyz,mean_r2,0.8471121191978455
paired,prompt_end,7,valid,regression,alternative_to_eef_xyz,mean_r2,0.8576547503471375
paired,prompt_end,7,valid,regression,target_to_basket_xyz,mean_r2,0.8155544400215149
paired,prompt_end,7,valid,regression,eef_target_distance,mean_r2,0.7501844167709351
paired,prompt_end,7,valid,regression,eef_alternative_distance,mean_r2,0.7084050178527832
paired,prompt_end,7,valid,regression,target_basket_distance,mean_r2,0.8532783389091492
paired,prompt_end,7,valid,regression,target_displacement_xyz,mean_r2,0.7434261441230774
paired,prompt_end,7,valid,regression,target_speed_per_action_step,mean_r2,0.748612642288208
paired,prompt_end,7,valid,regression,normalized_action_progress,mean_r2,0.6673858165740967
paired,prompt_end,7,valid,binary,target_grasped,auc,0.9801677489177489
paired,prompt_end,7,valid,binary,target_moved,auc,0.9923798546409247
paired,prompt_end,7,valid,binary,target_lifted,auc,0.9876022384847181
paired,prompt_end,7,valid,binary,near_target,auc,0.9870079811354979
paired,prompt_end,7,valid,binary,near_basket,auc,0.9818313953488372
paired,prompt_end,7,valid,phase,phase_coarse,macro_f1,0.8774096385542168
paired,prompt_end,7,test,regression,object_a_xyz,mean_r2,0.9414778351783752
paired,prompt_end,7,test,regression,object_b_xyz,mean_r2,0.9227716326713562
paired,prompt_end,7,test,regression,target_xyz,mean_r2,0.8640813827514648
paired,prompt_end,7,test,regression,alternative_xyz,mean_r2,0.8470862507820129
paired,prompt_end,7,test,regression,eef_xyz,mean_r2,0.969379186630249
paired,prompt_end,7,test,regression,robot_joint_pos,mean_r2,0.9555550217628479
paired,prompt_end,7,test,regression,gripper_width,mean_r2,0.8440866470336914
paired,prompt_end,7,test,regression,target_to_eef_xyz,mean_r2,0.8779571056365967
paired,prompt_end,7,test,regression,alternative_to_eef_xyz,mean_r2,0.8616037964820862
paired,prompt_end,7,test,regression,target_to_basket_xyz,mean_r2,0.8575862050056458
paired,prompt_end,7,test,regression,eef_target_distance,mean_r2,0.7761553525924683
paired,prompt_end,7,test,regression,eef_alternative_distance,mean_r2,0.8161641359329224
paired,prompt_end,7,test,regression,target_basket_distance,mean_r2,0.9038017988204956
paired,prompt_end,7,test,regression,target_displacement_xyz,mean_r2,0.8312227129936218
paired,prompt_end,7,test,regression,target_speed_per_action_step,mean_r2,0.6958604454994202
paired,prompt_end,7,test,regression,normalized_action_progress,mean_r2,0.7835308909416199
paired,prompt_end,7,test,binary,target_grasped,auc,0.9848427767731566
paired,prompt_end,7,test,binary,target_moved,auc,0.99721269296741
paired,prompt_end,7,test,binary,target_lifted,auc,0.9941421184277032
paired,prompt_end,7,test,binary,near_target,auc,0.9882324985535995
paired,prompt_end,7,test,binary,near_basket,auc,0.9841079009655483
paired,prompt_end,7,test,phase,phase_coarse,macro_f1,0.8907723086166452
paired,prompt_end,8,valid,regression,object_a_xyz,mean_r2,0.8685219287872314
paired,prompt_end,8,valid,regression,object_b_xyz,mean_r2,0.860011100769043
paired,prompt_end,8,valid,regression,target_xyz,mean_r2,0.8440957069396973
paired,prompt_end,8,valid,regression,alternative_xyz,mean_r2,0.833078145980835
paired,prompt_end,8,valid,regression,eef_xyz,mean_r2,0.9582305550575256
paired,prompt_end,8,valid,regression,robot_joint_pos,mean_r2,0.9559178948402405
paired,prompt_end,8,valid,regression,gripper_width,mean_r2,0.7987856864929199
paired,prompt_end,8,valid,regression,target_to_eef_xyz,mean_r2,0.8801379203796387
paired,prompt_end,8,valid,regression,alternative_to_eef_xyz,mean_r2,0.8625370860099792
paired,prompt_end,8,valid,regression,target_to_basket_xyz,mean_r2,0.8378767967224121
paired,prompt_end,8,valid,regression,eef_target_distance,mean_r2,0.7347920536994934
paired,prompt_end,8,valid,regression,eef_alternative_distance,mean_r2,0.7659297585487366
paired,prompt_end,8,valid,regression,target_basket_distance,mean_r2,0.8701480627059937
paired,prompt_end,8,valid,regression,target_displacement_xyz,mean_r2,0.7336263656616211
paired,prompt_end,8,valid,regression,target_speed_per_action_step,mean_r2,0.7607348561286926
paired,prompt_end,8,valid,regression,normalized_action_progress,mean_r2,0.6835117340087891
paired,prompt_end,8,valid,binary,target_grasped,auc,0.9721049783549783
paired,prompt_end,8,valid,binary,target_moved,auc,0.9792847308936061
paired,prompt_end,8,valid,binary,target_lifted,auc,0.9647295164299039
paired,prompt_end,8,valid,binary,near_target,auc,0.9796390350081625
paired,prompt_end,8,valid,binary,near_basket,auc,0.9917151162790697
paired,prompt_end,8,valid,phase,phase_coarse,macro_f1,0.8868084185880796
paired,prompt_end,8,test,regression,object_a_xyz,mean_r2,0.9289687275886536
paired,prompt_end,8,test,regression,object_b_xyz,mean_r2,0.9164414405822754
paired,prompt_end,8,test,regression,target_xyz,mean_r2,0.8802188038825989
paired,prompt_end,8,test,regression,alternative_xyz,mean_r2,0.8966104388237
paired,prompt_end,8,test,regression,eef_xyz,mean_r2,0.9509167671203613
paired,prompt_end,8,test,regression,robot_joint_pos,mean_r2,0.9407578110694885
paired,prompt_end,8,test,regression,gripper_width,mean_r2,0.8389242887496948
paired,prompt_end,8,test,regression,target_to_eef_xyz,mean_r2,0.8843402862548828
paired,prompt_end,8,test,regression,alternative_to_eef_xyz,mean_r2,0.8972606658935547
paired,prompt_end,8,test,regression,target_to_basket_xyz,mean_r2,0.8773729801177979
paired,prompt_end,8,test,regression,eef_target_distance,mean_r2,0.8295689821243286
paired,prompt_end,8,test,regression,eef_alternative_distance,mean_r2,0.8737414479255676
paired,prompt_end,8,test,regression,target_basket_distance,mean_r2,0.9159137606620789
paired,prompt_end,8,test,regression,target_displacement_xyz,mean_r2,0.8307135701179504
paired,prompt_end,8,test,regression,target_speed_per_action_step,mean_r2,0.6892839670181274
paired,prompt_end,8,test,regression,normalized_action_progress,mean_r2,0.7683318853378296
paired,prompt_end,8,test,binary,target_grasped,auc,0.9868017882258389
paired,prompt_end,8,test,binary,target_moved,auc,0.9963979416809605
paired,prompt_end,8,test,binary,target_lifted,auc,0.9992483249309885
paired,prompt_end,8,test,binary,near_target,auc,0.9894671047193984
paired,prompt_end,8,test,binary,near_basket,auc,0.9749408272908292
paired,prompt_end,8,test,phase,phase_coarse,macro_f1,0.895696709221272
paired,prompt_end,9,valid,regression,object_a_xyz,mean_r2,0.8659016489982605
paired,prompt_end,9,valid,regression,object_b_xyz,mean_r2,0.8733608722686768
paired,prompt_end,9,valid,regression,target_xyz,mean_r2,0.8564857840538025
paired,prompt_end,9,valid,regression,alternative_xyz,mean_r2,0.8429369926452637
paired,prompt_end,9,valid,regression,eef_xyz,mean_r2,0.9670436978340149
paired,prompt_end,9,valid,regression,robot_joint_pos,mean_r2,0.9557571411132812
paired,prompt_end,9,valid,regression,gripper_width,mean_r2,0.7723849415779114
paired,prompt_end,9,valid,regression,target_to_eef_xyz,mean_r2,0.8857407569885254
paired,prompt_end,9,valid,regression,alternative_to_eef_xyz,mean_r2,0.8598401546478271
paired,prompt_end,9,valid,regression,target_to_basket_xyz,mean_r2,0.8462606072425842
paired,prompt_end,9,valid,regression,eef_target_distance,mean_r2,0.8099666833877563
paired,prompt_end,9,valid,regression,eef_alternative_distance,mean_r2,0.7465059757232666
paired,prompt_end,9,valid,regression,target_basket_distance,mean_r2,0.8766044974327087
paired,prompt_end,9,valid,regression,target_displacement_xyz,mean_r2,0.7733885645866394
paired,prompt_end,9,valid,regression,target_speed_per_action_step,mean_r2,0.770785927772522
paired,prompt_end,9,valid,regression,normalized_action_progress,mean_r2,0.7290675640106201
paired,prompt_end,9,valid,binary,target_grasped,auc,0.9783549783549783
paired,prompt_end,9,valid,binary,target_moved,auc,0.9837351519226459
paired,prompt_end,9,valid,binary,target_lifted,auc,0.9789352848328311
paired,prompt_end,9,valid,binary,near_target,auc,0.988708507164883
paired,prompt_end,9,valid,binary,near_basket,auc,0.9925872093023256
paired,prompt_end,9,valid,phase,phase_coarse,macro_f1,0.9366794156481433
paired,prompt_end,9,test,regression,object_a_xyz,mean_r2,0.9196305871009827
paired,prompt_end,9,test,regression,object_b_xyz,mean_r2,0.9238288998603821
paired,prompt_end,9,test,regression,target_xyz,mean_r2,0.9069773554801941
paired,prompt_end,9,test,regression,alternative_xyz,mean_r2,0.8994267582893372
paired,prompt_end,9,test,regression,eef_xyz,mean_r2,0.9662392735481262
paired,prompt_end,9,test,regression,robot_joint_pos,mean_r2,0.9435669183731079
paired,prompt_end,9,test,regression,gripper_width,mean_r2,0.8751220107078552
paired,prompt_end,9,test,regression,target_to_eef_xyz,mean_r2,0.9040891528129578
paired,prompt_end,9,test,regression,alternative_to_eef_xyz,mean_r2,0.9098777770996094
paired,prompt_end,9,test,regression,target_to_basket_xyz,mean_r2,0.8985239863395691
paired,prompt_end,9,test,regression,eef_target_distance,mean_r2,0.8773709535598755
paired,prompt_end,9,test,regression,eef_alternative_distance,mean_r2,0.85636967420578
paired,prompt_end,9,test,regression,target_basket_distance,mean_r2,0.9348078966140747
paired,prompt_end,9,test,regression,target_displacement_xyz,mean_r2,0.852583110332489
paired,prompt_end,9,test,regression,target_speed_per_action_step,mean_r2,0.744755744934082
paired,prompt_end,9,test,regression,normalized_action_progress,mean_r2,0.727931022644043
paired,prompt_end,9,test,binary,target_grasped,auc,0.989765420936307
paired,prompt_end,9,test,binary,target_moved,auc,0.9993138936535163
paired,prompt_end,9,test,binary,target_lifted,auc,0.9986132890968236
paired,prompt_end,9,test,binary,near_target,auc,0.9896272419208199
paired,prompt_end,9,test,binary,near_basket,auc,0.9957170229552542
paired,prompt_end,9,test,phase,phase_coarse,macro_f1,0.899327362114121
paired,prompt_end,10,valid,regression,object_a_xyz,mean_r2,0.8706167340278625
paired,prompt_end,10,valid,regression,object_b_xyz,mean_r2,0.8972600102424622
paired,prompt_end,10,valid,regression,target_xyz,mean_r2,0.8671319484710693
paired,prompt_end,10,valid,regression,alternative_xyz,mean_r2,0.8650002479553223
paired,prompt_end,10,valid,regression,eef_xyz,mean_r2,0.9617323875427246
paired,prompt_end,10,valid,regression,robot_joint_pos,mean_r2,0.9558958411216736
paired,prompt_end,10,valid,regression,gripper_width,mean_r2,0.8222824931144714
paired,prompt_end,10,valid,regression,target_to_eef_xyz,mean_r2,0.8974248766899109
paired,prompt_end,10,valid,regression,alternative_to_eef_xyz,mean_r2,0.8885669708251953
paired,prompt_end,10,valid,regression,target_to_basket_xyz,mean_r2,0.8696234822273254
paired,prompt_end,10,valid,regression,eef_target_distance,mean_r2,0.8389455080032349
paired,prompt_end,10,valid,regression,eef_alternative_distance,mean_r2,0.8165634274482727
paired,prompt_end,10,valid,regression,target_basket_distance,mean_r2,0.8842656016349792
paired,prompt_end,10,valid,regression,target_displacement_xyz,mean_r2,0.7986752986907959
paired,prompt_end,10,valid,regression,target_speed_per_action_step,mean_r2,0.7892738580703735
paired,prompt_end,10,valid,regression,normalized_action_progress,mean_r2,0.7166528105735779
paired,prompt_end,10,valid,binary,target_grasped,auc,0.9839962121212121
paired,prompt_end,10,valid,binary,target_moved,auc,0.9762750936509461
paired,prompt_end,10,valid,binary,target_lifted,auc,0.9807432917204764
paired,prompt_end,10,valid,binary,near_target,auc,0.991338654090332
paired,prompt_end,10,valid,binary,near_basket,auc,0.9940406976744186
paired,prompt_end,10,valid,phase,phase_coarse,macro_f1,0.9387998350024942
paired,prompt_end,10,test,regression,object_a_xyz,mean_r2,0.930838406085968
paired,prompt_end,10,test,regression,object_b_xyz,mean_r2,0.9089176058769226
paired,prompt_end,10,test,regression,target_xyz,mean_r2,0.8948395848274231
paired,prompt_end,10,test,regression,alternative_xyz,mean_r2,0.9032736420631409
paired,prompt_end,10,test,regression,eef_xyz,mean_r2,0.9620356559753418
paired,prompt_end,10,test,regression,robot_joint_pos,mean_r2,0.9381604194641113
paired,prompt_end,10,test,regression,gripper_width,mean_r2,0.8774339556694031
paired,prompt_end,10,test,regression,target_to_eef_xyz,mean_r2,0.8985415101051331
paired,prompt_end,10,test,regression,alternative_to_eef_xyz,mean_r2,0.9033750891685486
paired,prompt_end,10,test,regression,target_to_basket_xyz,mean_r2,0.9077884554862976
paired,prompt_end,10,test,regression,eef_target_distance,mean_r2,0.8639935255050659
paired,prompt_end,10,test,regression,eef_alternative_distance,mean_r2,0.8599370121955872
paired,prompt_end,10,test,regression,target_basket_distance,mean_r2,0.9421306848526001
paired,prompt_end,10,test,regression,target_displacement_xyz,mean_r2,0.879849910736084
paired,prompt_end,10,test,regression,target_speed_per_action_step,mean_r2,0.7593874931335449
paired,prompt_end,10,test,regression,normalized_action_progress,mean_r2,0.7051414251327515
paired,prompt_end,10,test,binary,target_grasped,auc,0.9934887984729758
paired,prompt_end,10,test,binary,target_moved,auc,0.9973985134362493
paired,prompt_end,10,test,binary,target_lifted,auc,0.9989761667163464
paired,prompt_end,10,test,binary,near_target,auc,0.9938011405901315
paired,prompt_end,10,test,binary,near_basket,auc,0.9957921629034076
paired,prompt_end,10,test,phase,phase_coarse,macro_f1,0.8768657034843533
paired,prompt_end,11,valid,regression,object_a_xyz,mean_r2,0.904991626739502
paired,prompt_end,11,valid,regression,object_b_xyz,mean_r2,0.9093174934387207
paired,prompt_end,11,valid,regression,target_xyz,mean_r2,0.8645541071891785
paired,prompt_end,11,valid,regression,alternative_xyz,mean_r2,0.8720902800559998
paired,prompt_end,11,valid,regression,eef_xyz,mean_r2,0.9631230235099792
paired,prompt_end,11,valid,regression,robot_joint_pos,mean_r2,0.9619892835617065
paired,prompt_end,11,valid,regression,gripper_width,mean_r2,0.848682165145874
paired,prompt_end,11,valid,regression,target_to_eef_xyz,mean_r2,0.8710058331489563
paired,prompt_end,11,valid,regression,alternative_to_eef_xyz,mean_r2,0.8940401077270508
paired,prompt_end,11,valid,regression,target_to_basket_xyz,mean_r2,0.8572680354118347
paired,prompt_end,11,valid,regression,eef_target_distance,mean_r2,0.8183119893074036
paired,prompt_end,11,valid,regression,eef_alternative_distance,mean_r2,0.8150843381881714
paired,prompt_end,11,valid,regression,target_basket_distance,mean_r2,0.8797500729560852
paired,prompt_end,11,valid,regression,target_displacement_xyz,mean_r2,0.7871082425117493
paired,prompt_end,11,valid,regression,target_speed_per_action_step,mean_r2,0.7888994216918945
paired,prompt_end,11,valid,regression,normalized_action_progress,mean_r2,0.7051538228988647
paired,prompt_end,11,valid,binary,target_grasped,auc,0.992288961038961
paired,prompt_end,11,valid,binary,target_moved,auc,0.9692952966413729
paired,prompt_end,11,valid,binary,target_lifted,auc,0.9877457310948486
paired,prompt_end,11,valid,binary,near_target,auc,0.9837656448394704
paired,prompt_end,11,valid,binary,near_basket,auc,0.9896802325581395
paired,prompt_end,11,valid,phase,phase_coarse,macro_f1,0.9022603021518031
paired,prompt_end,11,test,regression,object_a_xyz,mean_r2,0.9356711506843567
paired,prompt_end,11,test,regression,object_b_xyz,mean_r2,0.9237210750579834
paired,prompt_end,11,test,regression,target_xyz,mean_r2,0.9026070237159729
paired,prompt_end,11,test,regression,alternative_xyz,mean_r2,0.9042860865592957
paired,prompt_end,11,test,regression,eef_xyz,mean_r2,0.9540645480155945
paired,prompt_end,11,test,regression,robot_joint_pos,mean_r2,0.9348384737968445
paired,prompt_end,11,test,regression,gripper_width,mean_r2,0.8944175839424133
paired,prompt_end,11,test,regression,target_to_eef_xyz,mean_r2,0.9083738327026367
paired,prompt_end,11,test,regression,alternative_to_eef_xyz,mean_r2,0.9057143330574036
paired,prompt_end,11,test,regression,target_to_basket_xyz,mean_r2,0.885899543762207
paired,prompt_end,11,test,regression,eef_target_distance,mean_r2,0.85269695520401
paired,prompt_end,11,test,regression,eef_alternative_distance,mean_r2,0.8527296781539917
paired,prompt_end,11,test,regression,target_basket_distance,mean_r2,0.9403977990150452
paired,prompt_end,11,test,regression,target_displacement_xyz,mean_r2,0.8667402267456055
paired,prompt_end,11,test,regression,target_speed_per_action_step,mean_r2,0.6703749895095825
paired,prompt_end,11,test,regression,normalized_action_progress,mean_r2,0.7586483359336853
paired,prompt_end,11,test,binary,target_grasped,auc,0.994198312236287
paired,prompt_end,11,test,binary,target_moved,auc,0.9952687249857061
paired,prompt_end,11,test,binary,target_lifted,auc,0.9987299283316702
paired,prompt_end,11,test,binary,near_target,auc,0.9879742127448549
paired,prompt_end,11,test,binary,near_basket,auc,0.9975203817109366
paired,prompt_end,11,test,phase,phase_coarse,macro_f1,0.8805239217141905
paired,prompt_end,12,valid,regression,object_a_xyz,mean_r2,0.8996527791023254
paired,prompt_end,12,valid,regression,object_b_xyz,mean_r2,0.890040397644043
paired,prompt_end,12,valid,regression,target_xyz,mean_r2,0.8605839610099792
paired,prompt_end,12,valid,regression,alternative_xyz,mean_r2,0.8625773787498474
paired,prompt_end,12,valid,regression,eef_xyz,mean_r2,0.9642918705940247
paired,prompt_end,12,valid,regression,robot_joint_pos,mean_r2,0.9553309082984924
paired,prompt_end,12,valid,regression,gripper_width,mean_r2,0.852023184299469
paired,prompt_end,12,valid,regression,target_to_eef_xyz,mean_r2,0.8737505078315735
paired,prompt_end,12,valid,regression,alternative_to_eef_xyz,mean_r2,0.8688700795173645
paired,prompt_end,12,valid,regression,target_to_basket_xyz,mean_r2,0.8655845522880554
paired,prompt_end,12,valid,regression,eef_target_distance,mean_r2,0.7928767204284668
paired,prompt_end,12,valid,regression,eef_alternative_distance,mean_r2,0.8214555382728577
paired,prompt_end,12,valid,regression,target_basket_distance,mean_r2,0.8846943974494934
paired,prompt_end,12,valid,regression,target_displacement_xyz,mean_r2,0.7785397171974182
paired,prompt_end,12,valid,regression,target_speed_per_action_step,mean_r2,0.8010704517364502
paired,prompt_end,12,valid,regression,normalized_action_progress,mean_r2,0.6972712874412537
paired,prompt_end,12,valid,binary,target_grasped,auc,0.9917207792207792
paired,prompt_end,12,valid,binary,target_moved,auc,0.982550507476067
paired,prompt_end,12,valid,binary,target_lifted,auc,0.98958243650452
paired,prompt_end,12,valid,binary,near_target,auc,0.9819970977689099
paired,prompt_end,12,valid,binary,near_basket,auc,0.9883720930232558
paired,prompt_end,12,valid,phase,phase_coarse,macro_f1,0.8608712404523923
paired,prompt_end,12,test,regression,object_a_xyz,mean_r2,0.9447422027587891
paired,prompt_end,12,test,regression,object_b_xyz,mean_r2,0.898764431476593
paired,prompt_end,12,test,regression,target_xyz,mean_r2,0.8738987445831299
paired,prompt_end,12,test,regression,alternative_xyz,mean_r2,0.8781598210334778
paired,prompt_end,12,test,regression,eef_xyz,mean_r2,0.9575640559196472
paired,prompt_end,12,test,regression,robot_joint_pos,mean_r2,0.9236210584640503
paired,prompt_end,12,test,regression,gripper_width,mean_r2,0.8933109045028687
paired,prompt_end,12,test,regression,target_to_eef_xyz,mean_r2,0.863478422164917
paired,prompt_end,12,test,regression,alternative_to_eef_xyz,mean_r2,0.8889803886413574
paired,prompt_end,12,test,regression,target_to_basket_xyz,mean_r2,0.874809980392456
paired,prompt_end,12,test,regression,eef_target_distance,mean_r2,0.8345273733139038
paired,prompt_end,12,test,regression,eef_alternative_distance,mean_r2,0.8633231520652771
paired,prompt_end,12,test,regression,target_basket_distance,mean_r2,0.9246188998222351
paired,prompt_end,12,test,regression,target_displacement_xyz,mean_r2,0.8437468409538269
paired,prompt_end,12,test,regression,target_speed_per_action_step,mean_r2,0.6310926675796509
paired,prompt_end,12,test,regression,normalized_action_progress,mean_r2,0.7733368873596191
paired,prompt_end,12,test,binary,target_grasped,auc,0.9909081776170384
paired,prompt_end,12,test,binary,target_moved,auc,0.99505431675243
paired,prompt_end,12,test,binary,target_lifted,auc,0.9982633713922837
paired,prompt_end,12,test,binary,near_target,auc,0.9929436317050996
paired,prompt_end,12,test,binary,near_basket,auc,0.9977082315813202
paired,prompt_end,12,test,phase,phase_coarse,macro_f1,0.8660872479518771
paired,prompt_end,13,valid,regression,object_a_xyz,mean_r2,0.8835867047309875
paired,prompt_end,13,valid,regression,object_b_xyz,mean_r2,0.8931606411933899
paired,prompt_end,13,valid,regression,target_xyz,mean_r2,0.8562705516815186
paired,prompt_end,13,valid,regression,alternative_xyz,mean_r2,0.8554575443267822
paired,prompt_end,13,valid,regression,eef_xyz,mean_r2,0.9516647458076477
paired,prompt_end,13,valid,regression,robot_joint_pos,mean_r2,0.9520013928413391
paired,prompt_end,13,valid,regression,gripper_width,mean_r2,0.8702705502510071
paired,prompt_end,13,valid,regression,target_to_eef_xyz,mean_r2,0.879392147064209
paired,prompt_end,13,valid,regression,alternative_to_eef_xyz,mean_r2,0.8635153770446777
paired,prompt_end,13,valid,regression,target_to_basket_xyz,mean_r2,0.8612374663352966
paired,prompt_end,13,valid,regression,eef_target_distance,mean_r2,0.7728060483932495
paired,prompt_end,13,valid,regression,eef_alternative_distance,mean_r2,0.8003571033477783
paired,prompt_end,13,valid,regression,target_basket_distance,mean_r2,0.8880409002304077
paired,prompt_end,13,valid,regression,target_displacement_xyz,mean_r2,0.7683464884757996
paired,prompt_end,13,valid,regression,target_speed_per_action_step,mean_r2,0.7640038728713989
paired,prompt_end,13,valid,regression,normalized_action_progress,mean_r2,0.7283196449279785
paired,prompt_end,13,valid,binary,target_grasped,auc,0.9941017316017317
paired,prompt_end,13,valid,binary,target_moved,auc,0.981045688854737
paired,prompt_end,13,valid,binary,target_lifted,auc,0.9912756493040609
paired,prompt_end,13,valid,binary,near_target,auc,0.9836296027571195
paired,prompt_end,13,valid,binary,near_basket,auc,0.99375
paired,prompt_end,13,valid,phase,phase_coarse,macro_f1,0.8550193356694904
paired,prompt_end,13,test,regression,object_a_xyz,mean_r2,0.9421104788780212
paired,prompt_end,13,test,regression,object_b_xyz,mean_r2,0.9181797504425049
paired,prompt_end,13,test,regression,target_xyz,mean_r2,0.8943598866462708
paired,prompt_end,13,test,regression,alternative_xyz,mean_r2,0.8894298076629639
paired,prompt_end,13,test,regression,eef_xyz,mean_r2,0.9498257637023926
paired,prompt_end,13,test,regression,robot_joint_pos,mean_r2,0.9311700463294983
paired,prompt_end,13,test,regression,gripper_width,mean_r2,0.9032613635063171
paired,prompt_end,13,test,regression,target_to_eef_xyz,mean_r2,0.8915019631385803
paired,prompt_end,13,test,regression,alternative_to_eef_xyz,mean_r2,0.8952881693840027
paired,prompt_end,13,test,regression,target_to_basket_xyz,mean_r2,0.8910492062568665
paired,prompt_end,13,test,regression,eef_target_distance,mean_r2,0.8450865745544434
paired,prompt_end,13,test,regression,eef_alternative_distance,mean_r2,0.8772327899932861
paired,prompt_end,13,test,regression,target_basket_distance,mean_r2,0.929730236530304
paired,prompt_end,13,test,regression,target_displacement_xyz,mean_r2,0.8674263954162598
paired,prompt_end,13,test,regression,target_speed_per_action_step,mean_r2,0.7016177177429199
paired,prompt_end,13,test,regression,normalized_action_progress,mean_r2,0.7477037906646729
paired,prompt_end,13,test,binary,target_grasped,auc,0.981866586296966
paired,prompt_end,13,test,binary,target_moved,auc,0.9942967409948542
paired,prompt_end,13,test,binary,target_lifted,auc,0.9968637005741242
paired,prompt_end,13,test,binary,near_target,auc,0.9924270600876105
paired,prompt_end,13,test,binary,near_basket,auc,0.9963932824886351
paired,prompt_end,13,test,phase,phase_coarse,macro_f1,0.8937490385905945
paired,prompt_end,14,valid,regression,object_a_xyz,mean_r2,0.8604423999786377
paired,prompt_end,14,valid,regression,object_b_xyz,mean_r2,0.885520875453949
paired,prompt_end,14,valid,regression,target_xyz,mean_r2,0.8603342175483704
paired,prompt_end,14,valid,regression,alternative_xyz,mean_r2,0.862331211566925
paired,prompt_end,14,valid,regression,eef_xyz,mean_r2,0.9451456069946289
paired,prompt_end,14,valid,regression,robot_joint_pos,mean_r2,0.9445287585258484
paired,prompt_end,14,valid,regression,gripper_width,mean_r2,0.8591606020927429
paired,prompt_end,14,valid,regression,target_to_eef_xyz,mean_r2,0.8718321919441223
paired,prompt_end,14,valid,regression,alternative_to_eef_xyz,mean_r2,0.8623676896095276
paired,prompt_end,14,valid,regression,target_to_basket_xyz,mean_r2,0.8612650036811829
paired,prompt_end,14,valid,regression,eef_target_distance,mean_r2,0.8167198896408081
paired,prompt_end,14,valid,regression,eef_alternative_distance,mean_r2,0.8176900744438171
paired,prompt_end,14,valid,regression,target_basket_distance,mean_r2,0.9033451676368713
paired,prompt_end,14,valid,regression,target_displacement_xyz,mean_r2,0.7762070298194885
paired,prompt_end,14,valid,regression,target_speed_per_action_step,mean_r2,0.7751989364624023
paired,prompt_end,14,valid,regression,normalized_action_progress,mean_r2,0.6607621908187866
paired,prompt_end,14,valid,binary,target_grasped,auc,0.9926406926406927
paired,prompt_end,14,valid,binary,target_moved,auc,0.9616751512822975
paired,prompt_end,14,valid,binary,target_lifted,auc,0.9804850050222413
paired,prompt_end,14,valid,binary,near_target,auc,0.9829267186649737
paired,prompt_end,14,valid,binary,near_basket,auc,0.9890988372093024
paired,prompt_end,14,valid,phase,phase_coarse,macro_f1,0.8613025628563421
paired,prompt_end,14,test,regression,object_a_xyz,mean_r2,0.9387502670288086
paired,prompt_end,14,test,regression,object_b_xyz,mean_r2,0.9199976921081543
paired,prompt_end,14,test,regression,target_xyz,mean_r2,0.8889434933662415
paired,prompt_end,14,test,regression,alternative_xyz,mean_r2,0.8727080225944519
paired,prompt_end,14,test,regression,eef_xyz,mean_r2,0.9388648867607117
paired,prompt_end,14,test,regression,robot_joint_pos,mean_r2,0.9223751425743103
paired,prompt_end,14,test,regression,gripper_width,mean_r2,0.8851207494735718
paired,prompt_end,14,test,regression,target_to_eef_xyz,mean_r2,0.8597645163536072
paired,prompt_end,14,test,regression,alternative_to_eef_xyz,mean_r2,0.8719915747642517
paired,prompt_end,14,test,regression,target_to_basket_xyz,mean_r2,0.8776358962059021
paired,prompt_end,14,test,regression,eef_target_distance,mean_r2,0.8443593382835388
paired,prompt_end,14,test,regression,eef_alternative_distance,mean_r2,0.8596808910369873
paired,prompt_end,14,test,regression,target_basket_distance,mean_r2,0.92060387134552
paired,prompt_end,14,test,regression,target_displacement_xyz,mean_r2,0.8497516512870789
paired,prompt_end,14,test,regression,target_speed_per_action_step,mean_r2,0.6767454743385315
paired,prompt_end,14,test,regression,normalized_action_progress,mean_r2,0.7117984294891357
paired,prompt_end,14,test,binary,target_grasped,auc,0.9863748241912799
paired,prompt_end,14,test,binary,target_moved,auc,0.9838193253287593
paired,prompt_end,14,test,binary,target_lifted,auc,0.9914594160262309
paired,prompt_end,14,test,binary,near_target,auc,0.9885424415240929
paired,prompt_end,14,test,binary,near_basket,auc,0.9963557125145583
paired,prompt_end,14,test,phase,phase_coarse,macro_f1,0.8625245182877582
paired,prompt_end,15,valid,regression,object_a_xyz,mean_r2,0.8574227690696716
paired,prompt_end,15,valid,regression,object_b_xyz,mean_r2,0.8558128476142883
paired,prompt_end,15,valid,regression,target_xyz,mean_r2,0.8534920811653137
paired,prompt_end,15,valid,regression,alternative_xyz,mean_r2,0.8241012692451477
paired,prompt_end,15,valid,regression,eef_xyz,mean_r2,0.9399064183235168
paired,prompt_end,15,valid,regression,robot_joint_pos,mean_r2,0.9445466995239258
paired,prompt_end,15,valid,regression,gripper_width,mean_r2,0.7539359927177429
paired,prompt_end,15,valid,regression,target_to_eef_xyz,mean_r2,0.8556916117668152
paired,prompt_end,15,valid,regression,alternative_to_eef_xyz,mean_r2,0.839794933795929
paired,prompt_end,15,valid,regression,target_to_basket_xyz,mean_r2,0.834083616733551
paired,prompt_end,15,valid,regression,eef_target_distance,mean_r2,0.7726801633834839
paired,prompt_end,15,valid,regression,eef_alternative_distance,mean_r2,0.8154010772705078
paired,prompt_end,15,valid,regression,target_basket_distance,mean_r2,0.8547108173370361
paired,prompt_end,15,valid,regression,target_displacement_xyz,mean_r2,0.748920738697052
paired,prompt_end,15,valid,regression,target_speed_per_action_step,mean_r2,0.7863056659698486
paired,prompt_end,15,valid,regression,normalized_action_progress,mean_r2,0.6679137945175171
paired,prompt_end,15,valid,binary,target_grasped,auc,0.9938582251082251
paired,prompt_end,15,valid,binary,target_moved,auc,0.984055326097397
paired,prompt_end,15,valid,binary,target_lifted,auc,0.9853637537666811
paired,prompt_end,15,valid,binary,near_target,auc,0.9871666968982405
paired,prompt_end,15,valid,binary,near_basket,auc,0.9896802325581395
paired,prompt_end,15,valid,phase,phase_coarse,macro_f1,0.9012724916927312
paired,prompt_end,15,test,regression,object_a_xyz,mean_r2,0.9257190823554993
paired,prompt_end,15,test,regression,object_b_xyz,mean_r2,0.9093036651611328
paired,prompt_end,15,test,regression,target_xyz,mean_r2,0.8739816546440125
paired,prompt_end,15,test,regression,alternative_xyz,mean_r2,0.8653685450553894
paired,prompt_end,15,test,regression,eef_xyz,mean_r2,0.9445247054100037
paired,prompt_end,15,test,regression,robot_joint_pos,mean_r2,0.9121705889701843
paired,prompt_end,15,test,regression,gripper_width,mean_r2,0.894225001335144
paired,prompt_end,15,test,regression,target_to_eef_xyz,mean_r2,0.8551642298698425
paired,prompt_end,15,test,regression,alternative_to_eef_xyz,mean_r2,0.8735120892524719
paired,prompt_end,15,test,regression,target_to_basket_xyz,mean_r2,0.8821895718574524
paired,prompt_end,15,test,regression,eef_target_distance,mean_r2,0.8396887183189392
paired,prompt_end,15,test,regression,eef_alternative_distance,mean_r2,0.8501574397087097
paired,prompt_end,15,test,regression,target_basket_distance,mean_r2,0.9297938346862793
paired,prompt_end,15,test,regression,target_displacement_xyz,mean_r2,0.8562124371528625
paired,prompt_end,15,test,regression,target_speed_per_action_step,mean_r2,0.737877607345581
paired,prompt_end,15,test,regression,normalized_action_progress,mean_r2,0.6880520582199097
paired,prompt_end,15,test,binary,target_grasped,auc,0.9862869198312236
paired,prompt_end,15,test,binary,target_moved,auc,0.9885648942252716
paired,prompt_end,15,test,binary,target_lifted,auc,0.9946086753670896
paired,prompt_end,15,test,binary,near_target,auc,0.9878192412596082
paired,prompt_end,15,test,binary,near_basket,auc,0.9961678626441748
paired,prompt_end,15,test,phase,phase_coarse,macro_f1,0.8476773205800842
paired,prompt_end,16,valid,regression,object_a_xyz,mean_r2,0.8662176132202148
paired,prompt_end,16,valid,regression,object_b_xyz,mean_r2,0.8822467923164368
paired,prompt_end,16,valid,regression,target_xyz,mean_r2,0.8433244228363037
paired,prompt_end,16,valid,regression,alternative_xyz,mean_r2,0.8333198428153992
paired,prompt_end,16,valid,regression,eef_xyz,mean_r2,0.9358987808227539
paired,prompt_end,16,valid,regression,robot_joint_pos,mean_r2,0.933121383190155
paired,prompt_end,16,valid,regression,gripper_width,mean_r2,0.7872370481491089
paired,prompt_end,16,valid,regression,target_to_eef_xyz,mean_r2,0.850201427936554
paired,prompt_end,16,valid,regression,alternative_to_eef_xyz,mean_r2,0.8325886726379395
paired,prompt_end,16,valid,regression,target_to_basket_xyz,mean_r2,0.8332310318946838
paired,prompt_end,16,valid,regression,eef_target_distance,mean_r2,0.7312877178192139
paired,prompt_end,16,valid,regression,eef_alternative_distance,mean_r2,0.7766708731651306
paired,prompt_end,16,valid,regression,target_basket_distance,mean_r2,0.8471196889877319
paired,prompt_end,16,valid,regression,target_displacement_xyz,mean_r2,0.7559816837310791
paired,prompt_end,16,valid,regression,target_speed_per_action_step,mean_r2,0.7605141401290894
paired,prompt_end,16,valid,regression,normalized_action_progress,mean_r2,0.6951313018798828
paired,prompt_end,16,valid,binary,target_grasped,auc,0.9948051948051948
paired,prompt_end,16,valid,binary,target_moved,auc,0.9844395351070983
paired,prompt_end,16,valid,binary,target_lifted,auc,0.9928540680154972
paired,prompt_end,16,valid,binary,near_target,auc,0.9890712860511518
paired,prompt_end,16,valid,binary,near_basket,auc,0.9821220930232558
paired,prompt_end,16,valid,phase,phase_coarse,macro_f1,0.8964978946838157
paired,prompt_end,16,test,regression,object_a_xyz,mean_r2,0.9297412037849426
paired,prompt_end,16,test,regression,object_b_xyz,mean_r2,0.899202287197113
paired,prompt_end,16,test,regression,target_xyz,mean_r2,0.8531703948974609
paired,prompt_end,16,test,regression,alternative_xyz,mean_r2,0.8559524416923523
paired,prompt_end,16,test,regression,eef_xyz,mean_r2,0.9376913905143738
paired,prompt_end,16,test,regression,robot_joint_pos,mean_r2,0.9012092351913452
paired,prompt_end,16,test,regression,gripper_width,mean_r2,0.8821092247962952
paired,prompt_end,16,test,regression,target_to_eef_xyz,mean_r2,0.8417232632637024
paired,prompt_end,16,test,regression,alternative_to_eef_xyz,mean_r2,0.8704864382743835
paired,prompt_end,16,test,regression,target_to_basket_xyz,mean_r2,0.8508367538452148
paired,prompt_end,16,test,regression,eef_target_distance,mean_r2,0.8076866269111633
paired,prompt_end,16,test,regression,eef_alternative_distance,mean_r2,0.7890971899032593
paired,prompt_end,16,test,regression,target_basket_distance,mean_r2,0.9079728126525879
paired,prompt_end,16,test,regression,target_displacement_xyz,mean_r2,0.8336763381958008
paired,prompt_end,16,test,regression,target_speed_per_action_step,mean_r2,0.6790463924407959
paired,prompt_end,16,test,regression,normalized_action_progress,mean_r2,0.7139469385147095
paired,prompt_end,16,test,binary,target_grasped,auc,0.9878691983122363
paired,prompt_end,16,test,binary,target_moved,auc,0.9852487135506004
paired,prompt_end,16,test,binary,target_lifted,auc,0.9947641943468851
paired,prompt_end,16,test,binary,near_target,auc,0.9844408628812299
paired,prompt_end,16,test,binary,near_basket,auc,0.9942142239921854
paired,prompt_end,16,test,phase,phase_coarse,macro_f1,0.8624051582724525
paired,prompt_end,17,valid,regression,object_a_xyz,mean_r2,0.8506532311439514
paired,prompt_end,17,valid,regression,object_b_xyz,mean_r2,0.8529258370399475
paired,prompt_end,17,valid,regression,target_xyz,mean_r2,0.8110297322273254
paired,prompt_end,17,valid,regression,alternative_xyz,mean_r2,0.835831344127655
paired,prompt_end,17,valid,regression,eef_xyz,mean_r2,0.9265452027320862
paired,prompt_end,17,valid,regression,robot_joint_pos,mean_r2,0.9231935143470764
paired,prompt_end,17,valid,regression,gripper_width,mean_r2,0.7384749054908752
paired,prompt_end,17,valid,regression,target_to_eef_xyz,mean_r2,0.8423411846160889
paired,prompt_end,17,valid,regression,alternative_to_eef_xyz,mean_r2,0.8187322020530701
paired,prompt_end,17,valid,regression,target_to_basket_xyz,mean_r2,0.8263004422187805
paired,prompt_end,17,valid,regression,eef_target_distance,mean_r2,0.7326363325119019
paired,prompt_end,17,valid,regression,eef_alternative_distance,mean_r2,0.7848909497261047
paired,prompt_end,17,valid,regression,target_basket_distance,mean_r2,0.8477339744567871
paired,prompt_end,17,valid,regression,target_displacement_xyz,mean_r2,0.7451059818267822
paired,prompt_end,17,valid,regression,target_speed_per_action_step,mean_r2,0.7788916826248169
paired,prompt_end,17,valid,regression,normalized_action_progress,mean_r2,0.7055373191833496
paired,prompt_end,17,valid,binary,target_grasped,auc,0.994534632034632
paired,prompt_end,17,valid,binary,target_moved,auc,0.9801812185829091
paired,prompt_end,17,valid,binary,target_lifted,auc,0.9855933419428899
paired,prompt_end,17,valid,binary,near_target,auc,0.9918374750589516
paired,prompt_end,17,valid,binary,near_basket,auc,0.977906976744186
paired,prompt_end,17,valid,phase,phase_coarse,macro_f1,0.9376275138443603
paired,prompt_end,17,test,regression,object_a_xyz,mean_r2,0.926342785358429
paired,prompt_end,17,test,regression,object_b_xyz,mean_r2,0.8944998383522034
paired,prompt_end,17,test,regression,target_xyz,mean_r2,0.8575975894927979
paired,prompt_end,17,test,regression,alternative_xyz,mean_r2,0.8643303513526917
paired,prompt_end,17,test,regression,eef_xyz,mean_r2,0.9135246276855469
paired,prompt_end,17,test,regression,robot_joint_pos,mean_r2,0.9102595448493958
paired,prompt_end,17,test,regression,gripper_width,mean_r2,0.8391361236572266
paired,prompt_end,17,test,regression,target_to_eef_xyz,mean_r2,0.8258002400398254
paired,prompt_end,17,test,regression,alternative_to_eef_xyz,mean_r2,0.8426993489265442
paired,prompt_end,17,test,regression,target_to_basket_xyz,mean_r2,0.8528866171836853
paired,prompt_end,17,test,regression,eef_target_distance,mean_r2,0.8037710785865784
paired,prompt_end,17,test,regression,eef_alternative_distance,mean_r2,0.8060722351074219
paired,prompt_end,17,test,regression,target_basket_distance,mean_r2,0.919233500957489
paired,prompt_end,17,test,regression,target_displacement_xyz,mean_r2,0.8390229344367981
paired,prompt_end,17,test,regression,target_speed_per_action_step,mean_r2,0.6960713863372803
paired,prompt_end,17,test,regression,normalized_action_progress,mean_r2,0.7289506196975708
paired,prompt_end,17,test,binary,target_grasped,auc,0.9816028732167973
paired,prompt_end,17,test,binary,target_moved,auc,0.9871926815323042
paired,prompt_end,17,test,binary,target_lifted,auc,0.9943105973224816
paired,prompt_end,17,test,binary,near_target,auc,0.983820976940243
paired,prompt_end,17,test,binary,near_basket,auc,0.9959048728256378
paired,prompt_end,17,test,phase,phase_coarse,macro_f1,0.8628429671907933
paired,prompt_end,18,valid,regression,object_a_xyz,mean_r2,0.8486235737800598
paired,prompt_end,18,valid,regression,object_b_xyz,mean_r2,0.8443301320075989
paired,prompt_end,18,valid,regression,target_xyz,mean_r2,0.8239922523498535
paired,prompt_end,18,valid,regression,alternative_xyz,mean_r2,0.8100369572639465
paired,prompt_end,18,valid,regression,eef_xyz,mean_r2,0.9148997664451599
paired,prompt_end,18,valid,regression,robot_joint_pos,mean_r2,0.928039014339447
paired,prompt_end,18,valid,regression,gripper_width,mean_r2,0.751558244228363
paired,prompt_end,18,valid,regression,target_to_eef_xyz,mean_r2,0.8326871991157532
paired,prompt_end,18,valid,regression,alternative_to_eef_xyz,mean_r2,0.8060581684112549
paired,prompt_end,18,valid,regression,target_to_basket_xyz,mean_r2,0.8206300139427185
paired,prompt_end,18,valid,regression,eef_target_distance,mean_r2,0.7083219885826111
paired,prompt_end,18,valid,regression,eef_alternative_distance,mean_r2,0.745460033416748
paired,prompt_end,18,valid,regression,target_basket_distance,mean_r2,0.8496087193489075
paired,prompt_end,18,valid,regression,target_displacement_xyz,mean_r2,0.7277414798736572
paired,prompt_end,18,valid,regression,target_speed_per_action_step,mean_r2,0.7387535572052002
paired,prompt_end,18,valid,regression,normalized_action_progress,mean_r2,0.6646008491516113
paired,prompt_end,18,valid,binary,target_grasped,auc,0.990719696969697
paired,prompt_end,18,valid,binary,target_moved,auc,0.9865526846604553
paired,prompt_end,18,valid,binary,target_lifted,auc,0.9837566365332185
paired,prompt_end,18,valid,binary,near_target,auc,0.9917014329766007
paired,prompt_end,18,valid,binary,near_basket,auc,0.9898255813953488
paired,prompt_end,18,valid,phase,phase_coarse,macro_f1,0.9253475170646843
paired,prompt_end,18,test,regression,object_a_xyz,mean_r2,0.9206262230873108
paired,prompt_end,18,test,regression,object_b_xyz,mean_r2,0.8889110684394836
paired,prompt_end,18,test,regression,target_xyz,mean_r2,0.8550556302070618
paired,prompt_end,18,test,regression,alternative_xyz,mean_r2,0.8753816485404968
paired,prompt_end,18,test,regression,eef_xyz,mean_r2,0.9264817833900452
paired,prompt_end,18,test,regression,robot_joint_pos,mean_r2,0.9046722054481506
paired,prompt_end,18,test,regression,gripper_width,mean_r2,0.8823060989379883
paired,prompt_end,18,test,regression,target_to_eef_xyz,mean_r2,0.8021114468574524
paired,prompt_end,18,test,regression,alternative_to_eef_xyz,mean_r2,0.8389975428581238
paired,prompt_end,18,test,regression,target_to_basket_xyz,mean_r2,0.8443625569343567
paired,prompt_end,18,test,regression,eef_target_distance,mean_r2,0.8016695380210876
paired,prompt_end,18,test,regression,eef_alternative_distance,mean_r2,0.7917785048484802
paired,prompt_end,18,test,regression,target_basket_distance,mean_r2,0.9054964780807495
paired,prompt_end,18,test,regression,target_displacement_xyz,mean_r2,0.8102008700370789
paired,prompt_end,18,test,regression,target_speed_per_action_step,mean_r2,0.712649941444397
paired,prompt_end,18,test,regression,normalized_action_progress,mean_r2,0.6943821907043457
paired,prompt_end,18,test,binary,target_grasped,auc,0.9802340767530641
paired,prompt_end,18,test,binary,target_moved,auc,0.9935391652372785
paired,prompt_end,18,test,binary,target_lifted,auc,0.9955158694158966
paired,prompt_end,18,test,binary,near_target,auc,0.9873439953715183
paired,prompt_end,18,test,binary,near_basket,auc,0.9975579516850134
paired,prompt_end,18,test,phase,phase_coarse,macro_f1,0.8809252918191716
paired,prompt_end,19,valid,regression,object_a_xyz,mean_r2,0.8416035771369934
paired,prompt_end,19,valid,regression,object_b_xyz,mean_r2,0.8382616639137268
paired,prompt_end,19,valid,regression,target_xyz,mean_r2,0.8130631446838379
paired,prompt_end,19,valid,regression,alternative_xyz,mean_r2,0.8009185194969177
paired,prompt_end,19,valid,regression,eef_xyz,mean_r2,0.9183024764060974
paired,prompt_end,19,valid,regression,robot_joint_pos,mean_r2,0.923122227191925
paired,prompt_end,19,valid,regression,gripper_width,mean_r2,0.7542158961296082
paired,prompt_end,19,valid,regression,target_to_eef_xyz,mean_r2,0.8318489193916321
paired,prompt_end,19,valid,regression,alternative_to_eef_xyz,mean_r2,0.8050527572631836
paired,prompt_end,19,valid,regression,target_to_basket_xyz,mean_r2,0.8187270164489746
paired,prompt_end,19,valid,regression,eef_target_distance,mean_r2,0.7050315141677856
paired,prompt_end,19,valid,regression,eef_alternative_distance,mean_r2,0.7820528745651245
paired,prompt_end,19,valid,regression,target_basket_distance,mean_r2,0.8482248783111572
paired,prompt_end,19,valid,regression,target_displacement_xyz,mean_r2,0.7260128855705261
paired,prompt_end,19,valid,regression,target_speed_per_action_step,mean_r2,0.7239358425140381
paired,prompt_end,19,valid,regression,normalized_action_progress,mean_r2,0.7202893495559692
paired,prompt_end,19,valid,binary,target_grasped,auc,0.9895292207792208
paired,prompt_end,19,valid,binary,target_moved,auc,0.9867127717478308
paired,prompt_end,19,valid,binary,target_lifted,auc,0.9954369349978476
paired,prompt_end,19,valid,binary,near_target,auc,0.9927897696354072
paired,prompt_end,19,valid,binary,near_basket,auc,0.9877906976744186
paired,prompt_end,19,valid,phase,phase_coarse,macro_f1,0.9258625832141814
paired,prompt_end,19,test,regression,object_a_xyz,mean_r2,0.9006363749504089
paired,prompt_end,19,test,regression,object_b_xyz,mean_r2,0.8953773379325867
paired,prompt_end,19,test,regression,target_xyz,mean_r2,0.8563368320465088
paired,prompt_end,19,test,regression,alternative_xyz,mean_r2,0.8611679077148438
paired,prompt_end,19,test,regression,eef_xyz,mean_r2,0.92506343126297
paired,prompt_end,19,test,regression,robot_joint_pos,mean_r2,0.8987013101577759
paired,prompt_end,19,test,regression,gripper_width,mean_r2,0.7892047762870789
paired,prompt_end,19,test,regression,target_to_eef_xyz,mean_r2,0.8316362500190735
paired,prompt_end,19,test,regression,alternative_to_eef_xyz,mean_r2,0.8476850390434265
paired,prompt_end,19,test,regression,target_to_basket_xyz,mean_r2,0.8556645512580872
paired,prompt_end,19,test,regression,eef_target_distance,mean_r2,0.8131142258644104
paired,prompt_end,19,test,regression,eef_alternative_distance,mean_r2,0.7801352739334106
paired,prompt_end,19,test,regression,target_basket_distance,mean_r2,0.8956982493400574
paired,prompt_end,19,test,regression,target_displacement_xyz,mean_r2,0.8175908923149109
paired,prompt_end,19,test,regression,target_speed_per_action_step,mean_r2,0.68989098072052
paired,prompt_end,19,test,regression,normalized_action_progress,mean_r2,0.6443880796432495
paired,prompt_end,19,test,binary,target_grasped,auc,0.9844409282700421
paired,prompt_end,19,test,binary,target_moved,auc,0.9955260148656375
paired,prompt_end,19,test,binary,target_lifted,auc,0.9977060950480164
paired,prompt_end,19,test,binary,near_target,auc,0.9924787172493594
paired,prompt_end,19,test,binary,near_basket,auc,0.9977082315813202
paired,prompt_end,19,test,phase,phase_coarse,macro_f1,0.8822478249659133
paired,prompt_end,20,valid,regression,object_a_xyz,mean_r2,0.8405387997627258
paired,prompt_end,20,valid,regression,object_b_xyz,mean_r2,0.8355432152748108
paired,prompt_end,20,valid,regression,target_xyz,mean_r2,0.8069851398468018
paired,prompt_end,20,valid,regression,alternative_xyz,mean_r2,0.7845329642295837
paired,prompt_end,20,valid,regression,eef_xyz,mean_r2,0.9253039360046387
paired,prompt_end,20,valid,regression,robot_joint_pos,mean_r2,0.9180921316146851
paired,prompt_end,20,valid,regression,gripper_width,mean_r2,0.7119795083999634
paired,prompt_end,20,valid,regression,target_to_eef_xyz,mean_r2,0.8207176327705383
paired,prompt_end,20,valid,regression,alternative_to_eef_xyz,mean_r2,0.7940565943717957
paired,prompt_end,20,valid,regression,target_to_basket_xyz,mean_r2,0.8168789744377136
paired,prompt_end,20,valid,regression,eef_target_distance,mean_r2,0.6842682361602783
paired,prompt_end,20,valid,regression,eef_alternative_distance,mean_r2,0.711594820022583
paired,prompt_end,20,valid,regression,target_basket_distance,mean_r2,0.8331325650215149
paired,prompt_end,20,valid,regression,target_displacement_xyz,mean_r2,0.7120173573493958
paired,prompt_end,20,valid,regression,target_speed_per_action_step,mean_r2,0.6881041526794434
paired,prompt_end,20,valid,regression,normalized_action_progress,mean_r2,0.6742104291915894
paired,prompt_end,20,valid,binary,target_grasped,auc,0.9886634199134199
paired,prompt_end,20,valid,binary,target_moved,auc,0.99097108827202
paired,prompt_end,20,valid,binary,target_lifted,auc,0.9949490601234037
paired,prompt_end,20,valid,binary,near_target,auc,0.9928577906765826
paired,prompt_end,20,valid,binary,near_basket,auc,0.961046511627907
paired,prompt_end,20,valid,phase,phase_coarse,macro_f1,0.9145296820781513
paired,prompt_end,20,test,regression,object_a_xyz,mean_r2,0.9057005047798157
paired,prompt_end,20,test,regression,object_b_xyz,mean_r2,0.8878434300422668
paired,prompt_end,20,test,regression,target_xyz,mean_r2,0.8381176590919495
paired,prompt_end,20,test,regression,alternative_xyz,mean_r2,0.846897542476654
paired,prompt_end,20,test,regression,eef_xyz,mean_r2,0.9051768779754639
paired,prompt_end,20,test,regression,robot_joint_pos,mean_r2,0.8726344108581543
paired,prompt_end,20,test,regression,gripper_width,mean_r2,0.8516748547554016
paired,prompt_end,20,test,regression,target_to_eef_xyz,mean_r2,0.7908835411071777
paired,prompt_end,20,test,regression,alternative_to_eef_xyz,mean_r2,0.8269394040107727
paired,prompt_end,20,test,regression,target_to_basket_xyz,mean_r2,0.8380100131034851
paired,prompt_end,20,test,regression,eef_target_distance,mean_r2,0.8019225001335144
paired,prompt_end,20,test,regression,eef_alternative_distance,mean_r2,0.7933003902435303
paired,prompt_end,20,test,regression,target_basket_distance,mean_r2,0.8738317489624023
paired,prompt_end,20,test,regression,target_displacement_xyz,mean_r2,0.8196071982383728
paired,prompt_end,20,test,regression,target_speed_per_action_step,mean_r2,0.687116265296936
paired,prompt_end,20,test,regression,normalized_action_progress,mean_r2,0.7162584662437439
paired,prompt_end,20,test,binary,target_grasped,auc,0.9825070323488045
paired,prompt_end,20,test,binary,target_moved,auc,0.9942824471126358
paired,prompt_end,20,test,binary,target_lifted,auc,0.9977838545379142
paired,prompt_end,20,test,binary,near_target,auc,0.993253574675593
paired,prompt_end,20,test,binary,near_basket,auc,0.99759552165909
paired,prompt_end,20,test,phase,phase_coarse,macro_f1,0.8984686674255408
paired,prompt_end,21,valid,regression,object_a_xyz,mean_r2,0.8448426127433777
paired,prompt_end,21,valid,regression,object_b_xyz,mean_r2,0.8313266634941101
paired,prompt_end,21,valid,regression,target_xyz,mean_r2,0.7964817881584167
paired,prompt_end,21,valid,regression,alternative_xyz,mean_r2,0.7758604884147644
paired,prompt_end,21,valid,regression,eef_xyz,mean_r2,0.9093809723854065
paired,prompt_end,21,valid,regression,robot_joint_pos,mean_r2,0.9050298929214478
paired,prompt_end,21,valid,regression,gripper_width,mean_r2,0.6738294363021851
paired,prompt_end,21,valid,regression,target_to_eef_xyz,mean_r2,0.8223045468330383
paired,prompt_end,21,valid,regression,alternative_to_eef_xyz,mean_r2,0.8176905512809753
paired,prompt_end,21,valid,regression,target_to_basket_xyz,mean_r2,0.7864599823951721
paired,prompt_end,21,valid,regression,eef_target_distance,mean_r2,0.7441093921661377
paired,prompt_end,21,valid,regression,eef_alternative_distance,mean_r2,0.729770302772522
paired,prompt_end,21,valid,regression,target_basket_distance,mean_r2,0.8411886692047119
paired,prompt_end,21,valid,regression,target_displacement_xyz,mean_r2,0.7154067158699036
paired,prompt_end,21,valid,regression,target_speed_per_action_step,mean_r2,0.7180109620094299
paired,prompt_end,21,valid,regression,normalized_action_progress,mean_r2,0.6012110710144043
paired,prompt_end,21,valid,binary,target_grasped,auc,0.9859577922077922
paired,prompt_end,21,valid,binary,target_moved,auc,0.9865526846604553
paired,prompt_end,21,valid,binary,target_lifted,auc,0.9946333763811164
paired,prompt_end,21,valid,binary,near_target,auc,0.9935153274079449
paired,prompt_end,21,valid,binary,near_basket,auc,0.9773255813953489
paired,prompt_end,21,valid,phase,phase_coarse,macro_f1,0.9231210798632801
paired,prompt_end,21,test,regression,object_a_xyz,mean_r2,0.8936195373535156
paired,prompt_end,21,test,regression,object_b_xyz,mean_r2,0.8570122718811035
paired,prompt_end,21,test,regression,target_xyz,mean_r2,0.8394942283630371
paired,prompt_end,21,test,regression,alternative_xyz,mean_r2,0.8311980366706848
paired,prompt_end,21,test,regression,eef_xyz,mean_r2,0.8816052079200745
paired,prompt_end,21,test,regression,robot_joint_pos,mean_r2,0.8732226490974426
paired,prompt_end,21,test,regression,gripper_width,mean_r2,0.8234513401985168
paired,prompt_end,21,test,regression,target_to_eef_xyz,mean_r2,0.8052740097045898
paired,prompt_end,21,test,regression,alternative_to_eef_xyz,mean_r2,0.8078896403312683
paired,prompt_end,21,test,regression,target_to_basket_xyz,mean_r2,0.8299161791801453
paired,prompt_end,21,test,regression,eef_target_distance,mean_r2,0.7536912560462952
paired,prompt_end,21,test,regression,eef_alternative_distance,mean_r2,0.7874451875686646
paired,prompt_end,21,test,regression,target_basket_distance,mean_r2,0.8811711072921753
paired,prompt_end,21,test,regression,target_displacement_xyz,mean_r2,0.7938801646232605
paired,prompt_end,21,test,regression,target_speed_per_action_step,mean_r2,0.6240473985671997
paired,prompt_end,21,test,regression,normalized_action_progress,mean_r2,0.7265167236328125
paired,prompt_end,21,test,binary,target_grasped,auc,0.9835242113723126
paired,prompt_end,21,test,binary,target_moved,auc,0.9927672955974842
paired,prompt_end,21,test,binary,target_lifted,auc,0.9980689726675394
paired,prompt_end,21,test,binary,near_target,auc,0.9918691627407223
paired,prompt_end,21,test,binary,near_basket,auc,0.996806552203479
paired,prompt_end,21,test,phase,phase_coarse,macro_f1,0.8800984142544329
paired,prompt_end,22,valid,regression,object_a_xyz,mean_r2,0.8172561526298523
paired,prompt_end,22,valid,regression,object_b_xyz,mean_r2,0.8005988001823425
paired,prompt_end,22,valid,regression,target_xyz,mean_r2,0.7784232497215271
paired,prompt_end,22,valid,regression,alternative_xyz,mean_r2,0.7598664164543152
paired,prompt_end,22,valid,regression,eef_xyz,mean_r2,0.9089071750640869
paired,prompt_end,22,valid,regression,robot_joint_pos,mean_r2,0.8995013236999512
paired,prompt_end,22,valid,regression,gripper_width,mean_r2,0.7214820384979248
paired,prompt_end,22,valid,regression,target_to_eef_xyz,mean_r2,0.8067659735679626
paired,prompt_end,22,valid,regression,alternative_to_eef_xyz,mean_r2,0.7848042845726013
paired,prompt_end,22,valid,regression,target_to_basket_xyz,mean_r2,0.7851426005363464
paired,prompt_end,22,valid,regression,eef_target_distance,mean_r2,0.6601481437683105
paired,prompt_end,22,valid,regression,eef_alternative_distance,mean_r2,0.6654828786849976
paired,prompt_end,22,valid,regression,target_basket_distance,mean_r2,0.8207891583442688
paired,prompt_end,22,valid,regression,target_displacement_xyz,mean_r2,0.6757397651672363
paired,prompt_end,22,valid,regression,target_speed_per_action_step,mean_r2,0.7094075679779053
paired,prompt_end,22,valid,regression,normalized_action_progress,mean_r2,0.6923516988754272
paired,prompt_end,22,valid,binary,target_grasped,auc,0.9812229437229437
paired,prompt_end,22,valid,binary,target_moved,auc,0.9831268209906189
paired,prompt_end,22,valid,binary,target_lifted,auc,0.9919931123547138
paired,prompt_end,22,valid,binary,near_target,auc,0.9919735171413023
paired,prompt_end,22,valid,binary,near_basket,auc,0.9847383720930233
paired,prompt_end,22,valid,phase,phase_coarse,macro_f1,0.9156577136630357
paired,prompt_end,22,test,regression,object_a_xyz,mean_r2,0.8874611854553223
paired,prompt_end,22,test,regression,object_b_xyz,mean_r2,0.8527109026908875
paired,prompt_end,22,test,regression,target_xyz,mean_r2,0.8148686289787292
paired,prompt_end,22,test,regression,alternative_xyz,mean_r2,0.8232216835021973
paired,prompt_end,22,test,regression,eef_xyz,mean_r2,0.8832423090934753
paired,prompt_end,22,test,regression,robot_joint_pos,mean_r2,0.8755047917366028
paired,prompt_end,22,test,regression,gripper_width,mean_r2,0.818153440952301
paired,prompt_end,22,test,regression,target_to_eef_xyz,mean_r2,0.7606694102287292
paired,prompt_end,22,test,regression,alternative_to_eef_xyz,mean_r2,0.8089565634727478
paired,prompt_end,22,test,regression,target_to_basket_xyz,mean_r2,0.8201752305030823
paired,prompt_end,22,test,regression,eef_target_distance,mean_r2,0.7264569997787476
paired,prompt_end,22,test,regression,eef_alternative_distance,mean_r2,0.73044353723526
paired,prompt_end,22,test,regression,target_basket_distance,mean_r2,0.8860891461372375
paired,prompt_end,22,test,regression,target_displacement_xyz,mean_r2,0.7873364090919495
paired,prompt_end,22,test,regression,target_speed_per_action_step,mean_r2,0.6139575242996216
paired,prompt_end,22,test,regression,normalized_action_progress,mean_r2,0.6936063766479492
paired,prompt_end,22,test,binary,target_grasped,auc,0.9780615832831022
paired,prompt_end,22,test,binary,target_moved,auc,0.9920954831332189
paired,prompt_end,22,test,binary,target_lifted,auc,0.9959824263552831
paired,prompt_end,22,test,binary,near_target,auc,0.9895859161914208
paired,prompt_end,22,test,binary,near_basket,auc,0.9909080662734342
paired,prompt_end,22,test,phase,phase_coarse,macro_f1,0.8853964901168355
paired,prompt_end,23,valid,regression,object_a_xyz,mean_r2,0.7961015701293945
paired,prompt_end,23,valid,regression,object_b_xyz,mean_r2,0.8195507526397705
paired,prompt_end,23,valid,regression,target_xyz,mean_r2,0.7635176181793213
paired,prompt_end,23,valid,regression,alternative_xyz,mean_r2,0.7567431926727295
paired,prompt_end,23,valid,regression,eef_xyz,mean_r2,0.8981292843818665
paired,prompt_end,23,valid,regression,robot_joint_pos,mean_r2,0.8822683691978455
paired,prompt_end,23,valid,regression,gripper_width,mean_r2,0.7309442162513733
paired,prompt_end,23,valid,regression,target_to_eef_xyz,mean_r2,0.7768433690071106
paired,prompt_end,23,valid,regression,alternative_to_eef_xyz,mean_r2,0.781949520111084
paired,prompt_end,23,valid,regression,target_to_basket_xyz,mean_r2,0.7570858597755432
paired,prompt_end,23,valid,regression,eef_target_distance,mean_r2,0.6641559600830078
paired,prompt_end,23,valid,regression,eef_alternative_distance,mean_r2,0.6921885013580322
paired,prompt_end,23,valid,regression,target_basket_distance,mean_r2,0.8216129541397095
paired,prompt_end,23,valid,regression,target_displacement_xyz,mean_r2,0.6986319422721863
paired,prompt_end,23,valid,regression,target_speed_per_action_step,mean_r2,0.690132737159729
paired,prompt_end,23,valid,regression,normalized_action_progress,mean_r2,0.5817008018493652
paired,prompt_end,23,valid,binary,target_grasped,auc,0.9845508658008658
paired,prompt_end,23,valid,binary,target_moved,auc,0.9867127717478308
paired,prompt_end,23,valid,binary,target_lifted,auc,0.994776868991247
paired,prompt_end,23,valid,binary,near_target,auc,0.9917241066569925
paired,prompt_end,23,valid,binary,near_basket,auc,0.9879360465116279
paired,prompt_end,23,valid,phase,phase_coarse,macro_f1,0.9046496496496497
paired,prompt_end,23,test,regression,object_a_xyz,mean_r2,0.8873694539070129
paired,prompt_end,23,test,regression,object_b_xyz,mean_r2,0.8531373143196106
paired,prompt_end,23,test,regression,target_xyz,mean_r2,0.7843300700187683
paired,prompt_end,23,test,regression,alternative_xyz,mean_r2,0.7889252305030823
paired,prompt_end,23,test,regression,eef_xyz,mean_r2,0.8778481483459473
paired,prompt_end,23,test,regression,robot_joint_pos,mean_r2,0.8473472595214844
paired,prompt_end,23,test,regression,gripper_width,mean_r2,0.8364859819412231
paired,prompt_end,23,test,regression,target_to_eef_xyz,mean_r2,0.7741042971611023
paired,prompt_end,23,test,regression,alternative_to_eef_xyz,mean_r2,0.7592410445213318
paired,prompt_end,23,test,regression,target_to_basket_xyz,mean_r2,0.7916092872619629
paired,prompt_end,23,test,regression,eef_target_distance,mean_r2,0.6930495500564575
paired,prompt_end,23,test,regression,eef_alternative_distance,mean_r2,0.7574154138565063
paired,prompt_end,23,test,regression,target_basket_distance,mean_r2,0.8449363708496094
paired,prompt_end,23,test,regression,target_displacement_xyz,mean_r2,0.7646787762641907
paired,prompt_end,23,test,regression,target_speed_per_action_step,mean_r2,0.6404685974121094
paired,prompt_end,23,test,regression,normalized_action_progress,mean_r2,0.7011523246765137
paired,prompt_end,23,test,binary,target_grasped,auc,0.9761276873618646
paired,prompt_end,23,test,binary,target_moved,auc,0.993767867352773
paired,prompt_end,23,test,binary,target_lifted,auc,0.9949585930716295
paired,prompt_end,23,test,binary,near_target,auc,0.9874886354244152
paired,prompt_end,23,test,binary,near_basket,auc,0.9953037532404102
paired,prompt_end,23,test,phase,phase_coarse,macro_f1,0.9081583120174769
paired,prompt_end,24,valid,regression,object_a_xyz,mean_r2,0.7927711009979248
paired,prompt_end,24,valid,regression,object_b_xyz,mean_r2,0.8021256327629089
paired,prompt_end,24,valid,regression,target_xyz,mean_r2,0.751002311706543
paired,prompt_end,24,valid,regression,alternative_xyz,mean_r2,0.7482436299324036
paired,prompt_end,24,valid,regression,eef_xyz,mean_r2,0.8920295238494873
paired,prompt_end,24,valid,regression,robot_joint_pos,mean_r2,0.8892528414726257
paired,prompt_end,24,valid,regression,gripper_width,mean_r2,0.7093788981437683
paired,prompt_end,24,valid,regression,target_to_eef_xyz,mean_r2,0.7738337516784668
paired,prompt_end,24,valid,regression,alternative_to_eef_xyz,mean_r2,0.7807841300964355
paired,prompt_end,24,valid,regression,target_to_basket_xyz,mean_r2,0.7523835301399231
paired,prompt_end,24,valid,regression,eef_target_distance,mean_r2,0.6328268647193909
paired,prompt_end,24,valid,regression,eef_alternative_distance,mean_r2,0.6830788850784302
paired,prompt_end,24,valid,regression,target_basket_distance,mean_r2,0.7631335854530334
paired,prompt_end,24,valid,regression,target_displacement_xyz,mean_r2,0.6615807414054871
paired,prompt_end,24,valid,regression,target_speed_per_action_step,mean_r2,0.6707819700241089
paired,prompt_end,24,valid,regression,normalized_action_progress,mean_r2,0.5145098567008972
paired,prompt_end,24,valid,binary,target_grasped,auc,0.9824675324675325
paired,prompt_end,24,valid,binary,target_moved,auc,0.9907469663496943
paired,prompt_end,24,valid,binary,target_lifted,auc,0.9948916630793514
paired,prompt_end,24,valid,binary,near_target,auc,0.9887311808452748
paired,prompt_end,24,valid,binary,near_basket,auc,0.989389534883721
paired,prompt_end,24,valid,phase,phase_coarse,macro_f1,0.9247932473738926
paired,prompt_end,24,test,regression,object_a_xyz,mean_r2,0.8702932000160217
paired,prompt_end,24,test,regression,object_b_xyz,mean_r2,0.8221826553344727
paired,prompt_end,24,test,regression,target_xyz,mean_r2,0.7739572525024414
paired,prompt_end,24,test,regression,alternative_xyz,mean_r2,0.7804372906684875
paired,prompt_end,24,test,regression,eef_xyz,mean_r2,0.8692134022712708
paired,prompt_end,24,test,regression,robot_joint_pos,mean_r2,0.8588122725486755
paired,prompt_end,24,test,regression,gripper_width,mean_r2,0.795900821685791
paired,prompt_end,24,test,regression,target_to_eef_xyz,mean_r2,0.7167105078697205
paired,prompt_end,24,test,regression,alternative_to_eef_xyz,mean_r2,0.7886559963226318
paired,prompt_end,24,test,regression,target_to_basket_xyz,mean_r2,0.7690665125846863
paired,prompt_end,24,test,regression,eef_target_distance,mean_r2,0.7229261994361877
paired,prompt_end,24,test,regression,eef_alternative_distance,mean_r2,0.7025723457336426
paired,prompt_end,24,test,regression,target_basket_distance,mean_r2,0.8585332632064819
paired,prompt_end,24,test,regression,target_displacement_xyz,mean_r2,0.7627561688423157
paired,prompt_end,24,test,regression,target_speed_per_action_step,mean_r2,0.5910970568656921
paired,prompt_end,24,test,regression,normalized_action_progress,mean_r2,0.6259515285491943
paired,prompt_end,24,test,binary,target_grasped,auc,0.9745202933494073
paired,prompt_end,24,test,binary,target_moved,auc,0.9954545454545455
paired,prompt_end,24,test,binary,target_lifted,auc,0.9957750677155558
paired,prompt_end,24,test,binary,near_target,auc,0.9814447474997934
paired,prompt_end,24,test,binary,near_basket,auc,0.9951534733441033
paired,prompt_end,24,test,phase,phase_coarse,macro_f1,0.8888852549566836
paired,prompt_end,25,valid,regression,object_a_xyz,mean_r2,0.7871835827827454
paired,prompt_end,25,valid,regression,object_b_xyz,mean_r2,0.7816283702850342
paired,prompt_end,25,valid,regression,target_xyz,mean_r2,0.7490592002868652
paired,prompt_end,25,valid,regression,alternative_xyz,mean_r2,0.7409265041351318
paired,prompt_end,25,valid,regression,eef_xyz,mean_r2,0.8817856907844543
paired,prompt_end,25,valid,regression,robot_joint_pos,mean_r2,0.886471688747406
paired,prompt_end,25,valid,regression,gripper_width,mean_r2,0.7215101718902588
paired,prompt_end,25,valid,regression,target_to_eef_xyz,mean_r2,0.7955620884895325
paired,prompt_end,25,valid,regression,alternative_to_eef_xyz,mean_r2,0.7623279690742493
paired,prompt_end,25,valid,regression,target_to_basket_xyz,mean_r2,0.7508150935173035
paired,prompt_end,25,valid,regression,eef_target_distance,mean_r2,0.653998851776123
paired,prompt_end,25,valid,regression,eef_alternative_distance,mean_r2,0.6713845729827881
paired,prompt_end,25,valid,regression,target_basket_distance,mean_r2,0.7975189089775085
paired,prompt_end,25,valid,regression,target_displacement_xyz,mean_r2,0.6503856182098389
paired,prompt_end,25,valid,regression,target_speed_per_action_step,mean_r2,0.6521385312080383
paired,prompt_end,25,valid,regression,normalized_action_progress,mean_r2,0.6319656372070312
paired,prompt_end,25,valid,binary,target_grasped,auc,0.9846590909090909
paired,prompt_end,25,valid,binary,target_moved,auc,0.9942048474370058
paired,prompt_end,25,valid,binary,target_lifted,auc,0.9941742000286985
paired,prompt_end,25,valid,binary,near_target,auc,0.9932432432432432
paired,prompt_end,25,valid,binary,near_basket,auc,0.9854651162790697
paired,prompt_end,25,valid,phase,phase_coarse,macro_f1,0.930470663787596
paired,prompt_end,25,test,regression,object_a_xyz,mean_r2,0.8683578372001648
paired,prompt_end,25,test,regression,object_b_xyz,mean_r2,0.8397029042243958
paired,prompt_end,25,test,regression,target_xyz,mean_r2,0.751417875289917
paired,prompt_end,25,test,regression,alternative_xyz,mean_r2,0.7691556811332703
paired,prompt_end,25,test,regression,eef_xyz,mean_r2,0.8658044934272766
paired,prompt_end,25,test,regression,robot_joint_pos,mean_r2,0.8579453825950623
paired,prompt_end,25,test,regression,gripper_width,mean_r2,0.7931722402572632
paired,prompt_end,25,test,regression,target_to_eef_xyz,mean_r2,0.7479736804962158
paired,prompt_end,25,test,regression,alternative_to_eef_xyz,mean_r2,0.7602106928825378
paired,prompt_end,25,test,regression,target_to_basket_xyz,mean_r2,0.7734613418579102
paired,prompt_end,25,test,regression,eef_target_distance,mean_r2,0.6855442523956299
paired,prompt_end,25,test,regression,eef_alternative_distance,mean_r2,0.6990824937820435
paired,prompt_end,25,test,regression,target_basket_distance,mean_r2,0.8398292064666748
paired,prompt_end,25,test,regression,target_displacement_xyz,mean_r2,0.7266295552253723
paired,prompt_end,25,test,regression,target_speed_per_action_step,mean_r2,0.5570619106292725
paired,prompt_end,25,test,regression,normalized_action_progress,mean_r2,0.7005589008331299
paired,prompt_end,25,test,binary,target_grasped,auc,0.9799075748442837
paired,prompt_end,25,test,binary,target_moved,auc,0.997112635791881
paired,prompt_end,25,test,binary,target_lifted,auc,0.9959435466103342
paired,prompt_end,25,test,binary,near_target,auc,0.9803392842383668
paired,prompt_end,25,test,binary,near_basket,auc,0.9938760942254949
paired,prompt_end,25,test,phase,phase_coarse,macro_f1,0.8929541761360081
paired,prompt_end,26,valid,regression,object_a_xyz,mean_r2,0.7756144404411316
paired,prompt_end,26,valid,regression,object_b_xyz,mean_r2,0.7833974361419678
paired,prompt_end,26,valid,regression,target_xyz,mean_r2,0.7328258156776428
paired,prompt_end,26,valid,regression,alternative_xyz,mean_r2,0.7050585746765137
paired,prompt_end,26,valid,regression,eef_xyz,mean_r2,0.8683826327323914
paired,prompt_end,26,valid,regression,robot_joint_pos,mean_r2,0.8679251670837402
paired,prompt_end,26,valid,regression,gripper_width,mean_r2,0.6683290004730225
paired,prompt_end,26,valid,regression,target_to_eef_xyz,mean_r2,0.7745442390441895
paired,prompt_end,26,valid,regression,alternative_to_eef_xyz,mean_r2,0.7350459098815918
paired,prompt_end,26,valid,regression,target_to_basket_xyz,mean_r2,0.7363960146903992
paired,prompt_end,26,valid,regression,eef_target_distance,mean_r2,0.6890048384666443
paired,prompt_end,26,valid,regression,eef_alternative_distance,mean_r2,0.6664752960205078
paired,prompt_end,26,valid,regression,target_basket_distance,mean_r2,0.7916504740715027
paired,prompt_end,26,valid,regression,target_displacement_xyz,mean_r2,0.6445950865745544
paired,prompt_end,26,valid,regression,target_speed_per_action_step,mean_r2,0.6244442462921143
paired,prompt_end,26,valid,regression,normalized_action_progress,mean_r2,0.6781818866729736
paired,prompt_end,26,valid,binary,target_grasped,auc,0.9863095238095239
paired,prompt_end,26,valid,binary,target_moved,auc,0.9944289693593314
paired,prompt_end,26,valid,binary,target_lifted,auc,0.9963552877026833
paired,prompt_end,26,valid,binary,near_target,auc,0.9956013060039905
paired,prompt_end,26,valid,binary,near_basket,auc,0.9843023255813953
paired,prompt_end,26,valid,phase,phase_coarse,macro_f1,0.9470443349753696
paired,prompt_end,26,test,regression,object_a_xyz,mean_r2,0.8581672310829163
paired,prompt_end,26,test,regression,object_b_xyz,mean_r2,0.8078364729881287
paired,prompt_end,26,test,regression,target_xyz,mean_r2,0.7216312885284424
paired,prompt_end,26,test,regression,alternative_xyz,mean_r2,0.7353411316871643
paired,prompt_end,26,test,regression,eef_xyz,mean_r2,0.872890293598175
paired,prompt_end,26,test,regression,robot_joint_pos,mean_r2,0.8341966867446899
paired,prompt_end,26,test,regression,gripper_width,mean_r2,0.7664145231246948
paired,prompt_end,26,test,regression,target_to_eef_xyz,mean_r2,0.6925871968269348
paired,prompt_end,26,test,regression,alternative_to_eef_xyz,mean_r2,0.7471731305122375
paired,prompt_end,26,test,regression,target_to_basket_xyz,mean_r2,0.7233641743659973
paired,prompt_end,26,test,regression,eef_target_distance,mean_r2,0.678400456905365
paired,prompt_end,26,test,regression,eef_alternative_distance,mean_r2,0.6380228400230408
paired,prompt_end,26,test,regression,target_basket_distance,mean_r2,0.8312711715698242
paired,prompt_end,26,test,regression,target_displacement_xyz,mean_r2,0.715640127658844
paired,prompt_end,26,test,regression,target_speed_per_action_step,mean_r2,0.48598986864089966
paired,prompt_end,26,test,regression,normalized_action_progress,mean_r2,0.6777478456497192
paired,prompt_end,26,test,binary,target_grasped,auc,0.9653028933092225
paired,prompt_end,26,test,binary,target_moved,auc,0.9942967409948542
paired,prompt_end,26,test,binary,target_lifted,auc,0.9950493124765102
paired,prompt_end,26,test,binary,near_target,auc,0.9751322423340772
paired,prompt_end,26,test,binary,near_basket,auc,0.9888417176992147
paired,prompt_end,26,test,phase,phase_coarse,macro_f1,0.8660833760304167
paired,prompt_end,27,valid,regression,object_a_xyz,mean_r2,0.762790858745575
paired,prompt_end,27,valid,regression,object_b_xyz,mean_r2,0.7776911854743958
paired,prompt_end,27,valid,regression,target_xyz,mean_r2,0.7302396297454834
paired,prompt_end,27,valid,regression,alternative_xyz,mean_r2,0.7201864123344421
paired,prompt_end,27,valid,regression,eef_xyz,mean_r2,0.860774576663971
paired,prompt_end,27,valid,regression,robot_joint_pos,mean_r2,0.8476213812828064
paired,prompt_end,27,valid,regression,gripper_width,mean_r2,0.6573102474212646
paired,prompt_end,27,valid,regression,target_to_eef_xyz,mean_r2,0.7561601996421814
paired,prompt_end,27,valid,regression,alternative_to_eef_xyz,mean_r2,0.7489245533943176
paired,prompt_end,27,valid,regression,target_to_basket_xyz,mean_r2,0.7126404643058777
paired,prompt_end,27,valid,regression,eef_target_distance,mean_r2,0.6168003678321838
paired,prompt_end,27,valid,regression,eef_alternative_distance,mean_r2,0.6281660795211792
paired,prompt_end,27,valid,regression,target_basket_distance,mean_r2,0.8150143623352051
paired,prompt_end,27,valid,regression,target_displacement_xyz,mean_r2,0.6577044725418091
paired,prompt_end,27,valid,regression,target_speed_per_action_step,mean_r2,0.649649441242218
paired,prompt_end,27,valid,regression,normalized_action_progress,mean_r2,0.6189309358596802
paired,prompt_end,27,valid,binary,target_grasped,auc,0.984767316017316
paired,prompt_end,27,valid,binary,target_moved,auc,0.9938846732622547
paired,prompt_end,27,valid,binary,target_lifted,auc,0.9940881044626202
paired,prompt_end,27,valid,binary,near_target,auc,0.9953065481588972
paired,prompt_end,27,valid,binary,near_basket,auc,0.9825581395348837
paired,prompt_end,27,valid,phase,phase_coarse,macro_f1,0.9285334346198817
paired,prompt_end,27,test,regression,object_a_xyz,mean_r2,0.830272376537323
paired,prompt_end,27,test,regression,object_b_xyz,mean_r2,0.7952741980552673
paired,prompt_end,27,test,regression,target_xyz,mean_r2,0.7172563076019287
paired,prompt_end,27,test,regression,alternative_xyz,mean_r2,0.7487938404083252
paired,prompt_end,27,test,regression,eef_xyz,mean_r2,0.8367404937744141
paired,prompt_end,27,test,regression,robot_joint_pos,mean_r2,0.8287400603294373
paired,prompt_end,27,test,regression,gripper_width,mean_r2,0.7658686637878418
paired,prompt_end,27,test,regression,target_to_eef_xyz,mean_r2,0.7325530052185059
paired,prompt_end,27,test,regression,alternative_to_eef_xyz,mean_r2,0.7386402487754822
paired,prompt_end,27,test,regression,target_to_basket_xyz,mean_r2,0.7136974930763245
paired,prompt_end,27,test,regression,eef_target_distance,mean_r2,0.5550681352615356
paired,prompt_end,27,test,regression,eef_alternative_distance,mean_r2,0.6436353921890259
paired,prompt_end,27,test,regression,target_basket_distance,mean_r2,0.8228706121444702
paired,prompt_end,27,test,regression,target_displacement_xyz,mean_r2,0.7002666592597961
paired,prompt_end,27,test,regression,target_speed_per_action_step,mean_r2,0.5286366939544678
paired,prompt_end,27,test,regression,normalized_action_progress,mean_r2,0.6377698183059692
paired,prompt_end,27,test,binary,target_grasped,auc,0.9670358649789029
paired,prompt_end,27,test,binary,target_moved,auc,0.9950400228702115
paired,prompt_end,27,test,binary,target_lifted,auc,0.995723228055624
paired,prompt_end,27,test,binary,near_target,auc,0.9777564261509215
paired,prompt_end,27,test,binary,near_basket,auc,0.9898561069992862
paired,prompt_end,27,test,phase,phase_coarse,macro_f1,0.8791453471650915
paired,prompt_end,28,valid,regression,object_a_xyz,mean_r2,0.7542492747306824
paired,prompt_end,28,valid,regression,object_b_xyz,mean_r2,0.752093493938446
paired,prompt_end,28,valid,regression,target_xyz,mean_r2,0.6899624466896057
paired,prompt_end,28,valid,regression,alternative_xyz,mean_r2,0.6824929118156433
paired,prompt_end,28,valid,regression,eef_xyz,mean_r2,0.8572339415550232
paired,prompt_end,28,valid,regression,robot_joint_pos,mean_r2,0.8348918557167053
paired,prompt_end,28,valid,regression,gripper_width,mean_r2,0.6192002296447754
paired,prompt_end,28,valid,regression,target_to_eef_xyz,mean_r2,0.7381016612052917
paired,prompt_end,28,valid,regression,alternative_to_eef_xyz,mean_r2,0.7151892185211182
paired,prompt_end,28,valid,regression,target_to_basket_xyz,mean_r2,0.708615779876709
paired,prompt_end,28,valid,regression,eef_target_distance,mean_r2,0.600993275642395
paired,prompt_end,28,valid,regression,eef_alternative_distance,mean_r2,0.6192941665649414
paired,prompt_end,28,valid,regression,target_basket_distance,mean_r2,0.7450782656669617
paired,prompt_end,28,valid,regression,target_displacement_xyz,mean_r2,0.5980530381202698
paired,prompt_end,28,valid,regression,target_speed_per_action_step,mean_r2,0.6282802224159241
paired,prompt_end,28,valid,regression,normalized_action_progress,mean_r2,0.6205245852470398
paired,prompt_end,28,valid,binary,target_grasped,auc,0.9870941558441558
paired,prompt_end,28,valid,binary,target_moved,auc,0.9929881855729517
paired,prompt_end,28,valid,binary,target_lifted,auc,0.9873726503085091
paired,prompt_end,28,valid,binary,near_target,auc,0.9914066751315074
paired,prompt_end,28,valid,binary,near_basket,auc,0.9790697674418605
paired,prompt_end,28,valid,phase,phase_coarse,macro_f1,0.9129606629169796
paired,prompt_end,28,test,regression,object_a_xyz,mean_r2,0.827159583568573
paired,prompt_end,28,test,regression,object_b_xyz,mean_r2,0.7666826248168945
paired,prompt_end,28,test,regression,target_xyz,mean_r2,0.7240819931030273
paired,prompt_end,28,test,regression,alternative_xyz,mean_r2,0.7185270190238953
paired,prompt_end,28,test,regression,eef_xyz,mean_r2,0.8475355505943298
paired,prompt_end,28,test,regression,robot_joint_pos,mean_r2,0.8066140413284302
paired,prompt_end,28,test,regression,gripper_width,mean_r2,0.7817603349685669
paired,prompt_end,28,test,regression,target_to_eef_xyz,mean_r2,0.7230086922645569
paired,prompt_end,28,test,regression,alternative_to_eef_xyz,mean_r2,0.671981155872345
paired,prompt_end,28,test,regression,target_to_basket_xyz,mean_r2,0.719896137714386
paired,prompt_end,28,test,regression,eef_target_distance,mean_r2,0.6523844599723816
paired,prompt_end,28,test,regression,eef_alternative_distance,mean_r2,0.665692925453186
paired,prompt_end,28,test,regression,target_basket_distance,mean_r2,0.810032308101654
paired,prompt_end,28,test,regression,target_displacement_xyz,mean_r2,0.7269663214683533
paired,prompt_end,28,test,regression,target_speed_per_action_step,mean_r2,0.4861634373664856
paired,prompt_end,28,test,regression,normalized_action_progress,mean_r2,0.6402223706245422
paired,prompt_end,28,test,binary,target_grasped,auc,0.9759393208760297
paired,prompt_end,28,test,binary,target_moved,auc,0.995368782161235
paired,prompt_end,28,test,binary,target_lifted,auc,0.9934034032736745
paired,prompt_end,28,test,binary,near_target,auc,0.9812174559880982
paired,prompt_end,28,test,binary,near_basket,auc,0.9942517939662622
paired,prompt_end,28,test,phase,phase_coarse,macro_f1,0.8978525136475826
paired,prompt_end,29,valid,regression,object_a_xyz,mean_r2,0.7366562485694885
paired,prompt_end,29,valid,regression,object_b_xyz,mean_r2,0.7571244239807129
paired,prompt_end,29,valid,regression,target_xyz,mean_r2,0.6700053215026855
paired,prompt_end,29,valid,regression,alternative_xyz,mean_r2,0.6642568111419678
paired,prompt_end,29,valid,regression,eef_xyz,mean_r2,0.8326104283332825
paired,prompt_end,29,valid,regression,robot_joint_pos,mean_r2,0.8110440373420715
paired,prompt_end,29,valid,regression,gripper_width,mean_r2,0.603448748588562
paired,prompt_end,29,valid,regression,target_to_eef_xyz,mean_r2,0.6674258708953857
paired,prompt_end,29,valid,regression,alternative_to_eef_xyz,mean_r2,0.7192177772521973
paired,prompt_end,29,valid,regression,target_to_basket_xyz,mean_r2,0.6570827960968018
paired,prompt_end,29,valid,regression,eef_target_distance,mean_r2,0.5913750529289246
paired,prompt_end,29,valid,regression,eef_alternative_distance,mean_r2,0.6240664720535278
paired,prompt_end,29,valid,regression,target_basket_distance,mean_r2,0.7189576029777527
paired,prompt_end,29,valid,regression,target_displacement_xyz,mean_r2,0.5694840550422668
paired,prompt_end,29,valid,regression,target_speed_per_action_step,mean_r2,0.5761862397193909
paired,prompt_end,29,valid,regression,normalized_action_progress,mean_r2,0.5600984692573547
paired,prompt_end,29,valid,binary,target_grasped,auc,0.9818993506493506
paired,prompt_end,29,valid,binary,target_moved,auc,0.9829026990682932
paired,prompt_end,29,valid,binary,target_lifted,auc,0.9851054670684459
paired,prompt_end,29,valid,binary,near_target,auc,0.9917014329766007
paired,prompt_end,29,valid,binary,near_basket,auc,0.9882267441860465
paired,prompt_end,29,valid,phase,phase_coarse,macro_f1,0.918133771589548
paired,prompt_end,29,test,regression,object_a_xyz,mean_r2,0.7924585342407227
paired,prompt_end,29,test,regression,object_b_xyz,mean_r2,0.7700939774513245
paired,prompt_end,29,test,regression,target_xyz,mean_r2,0.6955690979957581
paired,prompt_end,29,test,regression,alternative_xyz,mean_r2,0.7010219693183899
paired,prompt_end,29,test,regression,eef_xyz,mean_r2,0.825284481048584
paired,prompt_end,29,test,regression,robot_joint_pos,mean_r2,0.7904393076896667
paired,prompt_end,29,test,regression,gripper_width,mean_r2,0.7290427684783936
paired,prompt_end,29,test,regression,target_to_eef_xyz,mean_r2,0.6515355706214905
paired,prompt_end,29,test,regression,alternative_to_eef_xyz,mean_r2,0.7087822556495667
paired,prompt_end,29,test,regression,target_to_basket_xyz,mean_r2,0.7009866833686829
paired,prompt_end,29,test,regression,eef_target_distance,mean_r2,0.5823591351509094
paired,prompt_end,29,test,regression,eef_alternative_distance,mean_r2,0.5849127769470215
paired,prompt_end,29,test,regression,target_basket_distance,mean_r2,0.819288969039917
paired,prompt_end,29,test,regression,target_displacement_xyz,mean_r2,0.6841835975646973
paired,prompt_end,29,test,regression,target_speed_per_action_step,mean_r2,0.5000046491622925
paired,prompt_end,29,test,regression,normalized_action_progress,mean_r2,0.6239304542541504
paired,prompt_end,29,test,binary,target_grasped,auc,0.9734905565601768
paired,prompt_end,29,test,binary,target_moved,auc,0.9959405374499715
paired,prompt_end,29,test,binary,target_lifted,auc,0.9913946164513161
paired,prompt_end,29,test,binary,near_target,auc,0.9826121993553186
paired,prompt_end,29,test,binary,near_basket,auc,0.9908329263252809
paired,prompt_end,29,test,phase,phase_coarse,macro_f1,0.8698816445182724
paired,prompt_end,30,valid,regression,object_a_xyz,mean_r2,0.7358786463737488
paired,prompt_end,30,valid,regression,object_b_xyz,mean_r2,0.7078986167907715
paired,prompt_end,30,valid,regression,target_xyz,mean_r2,0.6576766967773438
paired,prompt_end,30,valid,regression,alternative_xyz,mean_r2,0.6587494015693665
paired,prompt_end,30,valid,regression,eef_xyz,mean_r2,0.8210877776145935
paired,prompt_end,30,valid,regression,robot_joint_pos,mean_r2,0.7950652241706848
paired,prompt_end,30,valid,regression,gripper_width,mean_r2,0.6359729766845703
paired,prompt_end,30,valid,regression,target_to_eef_xyz,mean_r2,0.6885501742362976
paired,prompt_end,30,valid,regression,alternative_to_eef_xyz,mean_r2,0.6563846468925476
paired,prompt_end,30,valid,regression,target_to_basket_xyz,mean_r2,0.6478247046470642
paired,prompt_end,30,valid,regression,eef_target_distance,mean_r2,0.5702592134475708
paired,prompt_end,30,valid,regression,eef_alternative_distance,mean_r2,0.5230565667152405
paired,prompt_end,30,valid,regression,target_basket_distance,mean_r2,0.7165911197662354
paired,prompt_end,30,valid,regression,target_displacement_xyz,mean_r2,0.5676630735397339
paired,prompt_end,30,valid,regression,target_speed_per_action_step,mean_r2,0.5867801904678345
paired,prompt_end,30,valid,regression,normalized_action_progress,mean_r2,0.5647753477096558
paired,prompt_end,30,valid,binary,target_grasped,auc,0.9834145021645022
paired,prompt_end,30,valid,binary,target_moved,auc,0.9855281273012518
paired,prompt_end,30,valid,binary,target_lifted,auc,0.984129717319558
paired,prompt_end,30,valid,binary,near_target,auc,0.9895927807001632
paired,prompt_end,30,valid,binary,near_basket,auc,0.9873546511627908
paired,prompt_end,30,valid,phase,phase_coarse,macro_f1,0.8780379974915533
paired,prompt_end,30,test,regression,object_a_xyz,mean_r2,0.812861442565918
paired,prompt_end,30,test,regression,object_b_xyz,mean_r2,0.7613245844841003
paired,prompt_end,30,test,regression,target_xyz,mean_r2,0.6874416470527649
paired,prompt_end,30,test,regression,alternative_xyz,mean_r2,0.7209075093269348
paired,prompt_end,30,test,regression,eef_xyz,mean_r2,0.8096609115600586
paired,prompt_end,30,test,regression,robot_joint_pos,mean_r2,0.773638129234314
paired,prompt_end,30,test,regression,gripper_width,mean_r2,0.7952560186386108
paired,prompt_end,30,test,regression,target_to_eef_xyz,mean_r2,0.6808446049690247
paired,prompt_end,30,test,regression,alternative_to_eef_xyz,mean_r2,0.6898121237754822
paired,prompt_end,30,test,regression,target_to_basket_xyz,mean_r2,0.6744832396507263
paired,prompt_end,30,test,regression,eef_target_distance,mean_r2,0.5300779342651367
paired,prompt_end,30,test,regression,eef_alternative_distance,mean_r2,0.5833019018173218
paired,prompt_end,30,test,regression,target_basket_distance,mean_r2,0.7781092524528503
paired,prompt_end,30,test,regression,target_displacement_xyz,mean_r2,0.6561497449874878
paired,prompt_end,30,test,regression,target_speed_per_action_step,mean_r2,0.45846980810165405
paired,prompt_end,30,test,regression,normalized_action_progress,mean_r2,0.648991584777832
paired,prompt_end,30,test,binary,target_grasped,auc,0.9756756077958609
paired,prompt_end,30,test,binary,target_moved,auc,0.9931246426529445
paired,prompt_end,30,test,binary,target_lifted,auc,0.9877010406811731
paired,prompt_end,30,test,binary,near_target,auc,0.9800190098355236
paired,prompt_end,30,test,binary,near_basket,auc,0.9858736897471541
paired,prompt_end,30,test,phase,phase_coarse,macro_f1,0.8472306217661233
paired,prompt_end,31,valid,regression,object_a_xyz,mean_r2,0.7234959006309509
paired,prompt_end,31,valid,regression,object_b_xyz,mean_r2,0.7218701243400574
paired,prompt_end,31,valid,regression,target_xyz,mean_r2,0.666545569896698
paired,prompt_end,31,valid,regression,alternative_xyz,mean_r2,0.6738314628601074
paired,prompt_end,31,valid,regression,eef_xyz,mean_r2,0.8081085085868835
paired,prompt_end,31,valid,regression,robot_joint_pos,mean_r2,0.7984137535095215
paired,prompt_end,31,valid,regression,gripper_width,mean_r2,0.579291820526123
paired,prompt_end,31,valid,regression,target_to_eef_xyz,mean_r2,0.6936542987823486
paired,prompt_end,31,valid,regression,alternative_to_eef_xyz,mean_r2,0.6659198999404907
paired,prompt_end,31,valid,regression,target_to_basket_xyz,mean_r2,0.6629011034965515
paired,prompt_end,31,valid,regression,eef_target_distance,mean_r2,0.6048157215118408
paired,prompt_end,31,valid,regression,eef_alternative_distance,mean_r2,0.6233454346656799
paired,prompt_end,31,valid,regression,target_basket_distance,mean_r2,0.7208755612373352
paired,prompt_end,31,valid,regression,target_displacement_xyz,mean_r2,0.60324627161026
paired,prompt_end,31,valid,regression,target_speed_per_action_step,mean_r2,0.6203572750091553
paired,prompt_end,31,valid,regression,normalized_action_progress,mean_r2,0.6010390520095825
paired,prompt_end,31,valid,binary,target_grasped,auc,0.987310606060606
paired,prompt_end,31,valid,binary,target_moved,auc,0.982262350718791
paired,prompt_end,31,valid,binary,target_lifted,auc,0.9854785478547855
paired,prompt_end,31,valid,binary,near_target,auc,0.9890032650099764
paired,prompt_end,31,valid,binary,near_basket,auc,0.9880813953488372
paired,prompt_end,31,valid,phase,phase_coarse,macro_f1,0.8836167980494335
paired,prompt_end,31,test,regression,object_a_xyz,mean_r2,0.8067920804023743
paired,prompt_end,31,test,regression,object_b_xyz,mean_r2,0.7586552500724792
paired,prompt_end,31,test,regression,target_xyz,mean_r2,0.6661653518676758
paired,prompt_end,31,test,regression,alternative_xyz,mean_r2,0.7093949317932129
paired,prompt_end,31,test,regression,eef_xyz,mean_r2,0.8255224227905273
paired,prompt_end,31,test,regression,robot_joint_pos,mean_r2,0.7906631827354431
paired,prompt_end,31,test,regression,gripper_width,mean_r2,0.7813030481338501
paired,prompt_end,31,test,regression,target_to_eef_xyz,mean_r2,0.6645683646202087
paired,prompt_end,31,test,regression,alternative_to_eef_xyz,mean_r2,0.697018563747406
paired,prompt_end,31,test,regression,target_to_basket_xyz,mean_r2,0.6934776306152344
paired,prompt_end,31,test,regression,eef_target_distance,mean_r2,0.5590131282806396
paired,prompt_end,31,test,regression,eef_alternative_distance,mean_r2,0.6041494607925415
paired,prompt_end,31,test,regression,target_basket_distance,mean_r2,0.8061554431915283
paired,prompt_end,31,test,regression,target_displacement_xyz,mean_r2,0.6971758008003235
paired,prompt_end,31,test,regression,target_speed_per_action_step,mean_r2,0.41615885496139526
paired,prompt_end,31,test,regression,normalized_action_progress,mean_r2,0.6722055673599243
paired,prompt_end,31,test,binary,target_grasped,auc,0.9687060478199718
paired,prompt_end,31,test,binary,target_moved,auc,0.9912378502001143
paired,prompt_end,31,test,binary,target_lifted,auc,0.9860551314783375
paired,prompt_end,31,test,binary,near_target,auc,0.9793681295974874
paired,prompt_end,31,test,binary,near_basket,auc,0.977082315813202
paired,prompt_end,31,test,phase,phase_coarse,macro_f1,0.8489025830023448
paired,action_boundary,0,valid,regression,object_a_xyz,mean_r2,0.8818661570549011
paired,action_boundary,0,valid,regression,object_b_xyz,mean_r2,0.90545254945755
paired,action_boundary,0,valid,regression,target_xyz,mean_r2,0.5467268824577332
paired,action_boundary,0,valid,regression,alternative_xyz,mean_r2,0.5153039693832397
paired,action_boundary,0,valid,regression,eef_xyz,mean_r2,0.9675318598747253
paired,action_boundary,0,valid,regression,robot_joint_pos,mean_r2,0.9573771357536316
paired,action_boundary,0,valid,regression,gripper_width,mean_r2,0.6426541805267334
paired,action_boundary,0,valid,regression,target_to_eef_xyz,mean_r2,0.6398904919624329
paired,action_boundary,0,valid,regression,alternative_to_eef_xyz,mean_r2,0.6428927779197693
paired,action_boundary,0,valid,regression,target_to_basket_xyz,mean_r2,0.5571929812431335
paired,action_boundary,0,valid,regression,eef_target_distance,mean_r2,0.32251620292663574
paired,action_boundary,0,valid,regression,eef_alternative_distance,mean_r2,0.21368145942687988
paired,action_boundary,0,valid,regression,target_basket_distance,mean_r2,0.7515665888786316
paired,action_boundary,0,valid,regression,target_displacement_xyz,mean_r2,0.5058346390724182
paired,action_boundary,0,valid,regression,target_speed_per_action_step,mean_r2,0.38123059272766113
paired,action_boundary,0,valid,regression,normalized_action_progress,mean_r2,0.7057247161865234
paired,action_boundary,0,valid,binary,target_grasped,auc,0.8920454545454546
paired,action_boundary,0,valid,binary,target_moved,auc,0.9226779367976179
paired,action_boundary,0,valid,binary,target_lifted,auc,0.9146218969723059
paired,action_boundary,0,valid,binary,near_target,auc,0.8518048249591874
paired,action_boundary,0,valid,binary,near_basket,auc,0.9773255813953489
paired,action_boundary,0,valid,phase,phase_coarse,macro_f1,0.7027704915496241
paired,action_boundary,0,test,regression,object_a_xyz,mean_r2,0.9292619824409485
paired,action_boundary,0,test,regression,object_b_xyz,mean_r2,0.9256517887115479
paired,action_boundary,0,test,regression,target_xyz,mean_r2,0.48911023139953613
paired,action_boundary,0,test,regression,alternative_xyz,mean_r2,0.4941267669200897
paired,action_boundary,0,test,regression,eef_xyz,mean_r2,0.9615902900695801
paired,action_boundary,0,test,regression,robot_joint_pos,mean_r2,0.9288471937179565
paired,action_boundary,0,test,regression,gripper_width,mean_r2,0.8151134252548218
paired,action_boundary,0,test,regression,target_to_eef_xyz,mean_r2,0.5842523574829102
paired,action_boundary,0,test,regression,alternative_to_eef_xyz,mean_r2,0.5956498980522156
paired,action_boundary,0,test,regression,target_to_basket_xyz,mean_r2,0.5044670104980469
paired,action_boundary,0,test,regression,eef_target_distance,mean_r2,0.2173391580581665
paired,action_boundary,0,test,regression,eef_alternative_distance,mean_r2,0.1682983636856079
paired,action_boundary,0,test,regression,target_basket_distance,mean_r2,0.6935182809829712
paired,action_boundary,0,test,regression,target_displacement_xyz,mean_r2,0.48520469665527344
paired,action_boundary,0,test,regression,target_speed_per_action_step,mean_r2,0.3732094168663025
paired,action_boundary,0,test,regression,normalized_action_progress,mean_r2,0.6440215110778809
paired,action_boundary,0,test,binary,target_grasped,auc,0.9012080570624874
paired,action_boundary,0,test,binary,target_moved,auc,0.9065894797026872
paired,action_boundary,0,test,binary,target_lifted,auc,0.9062479750132839
paired,action_boundary,0,test,binary,near_target,auc,0.8437680800066121
paired,action_boundary,0,test,binary,near_basket,auc,0.9438704587293835
paired,action_boundary,0,test,phase,phase_coarse,macro_f1,0.6826053657660869
paired,action_boundary,1,valid,regression,object_a_xyz,mean_r2,0.9323148131370544
paired,action_boundary,1,valid,regression,object_b_xyz,mean_r2,0.9286149144172668
paired,action_boundary,1,valid,regression,target_xyz,mean_r2,0.6332458257675171
paired,action_boundary,1,valid,regression,alternative_xyz,mean_r2,0.6171384453773499
paired,action_boundary,1,valid,regression,eef_xyz,mean_r2,0.9703201651573181
paired,action_boundary,1,valid,regression,robot_joint_pos,mean_r2,0.9583653211593628
paired,action_boundary,1,valid,regression,gripper_width,mean_r2,0.7543137073516846
paired,action_boundary,1,valid,regression,target_to_eef_xyz,mean_r2,0.7108132243156433
paired,action_boundary,1,valid,regression,alternative_to_eef_xyz,mean_r2,0.7033140063285828
paired,action_boundary,1,valid,regression,target_to_basket_xyz,mean_r2,0.6420663595199585
paired,action_boundary,1,valid,regression,eef_target_distance,mean_r2,0.37071263790130615
paired,action_boundary,1,valid,regression,eef_alternative_distance,mean_r2,0.4612007141113281
paired,action_boundary,1,valid,regression,target_basket_distance,mean_r2,0.7304351329803467
paired,action_boundary,1,valid,regression,target_displacement_xyz,mean_r2,0.5656130313873291
paired,action_boundary,1,valid,regression,target_speed_per_action_step,mean_r2,0.4516453146934509
paired,action_boundary,1,valid,regression,normalized_action_progress,mean_r2,0.6870372891426086
paired,action_boundary,1,valid,binary,target_grasped,auc,0.9460497835497835
paired,action_boundary,1,valid,binary,target_moved,auc,0.9583773572823616
paired,action_boundary,1,valid,binary,target_lifted,auc,0.9504089539388721
paired,action_boundary,1,valid,binary,near_target,auc,0.9352893161617993
paired,action_boundary,1,valid,binary,near_basket,auc,0.9771802325581396
paired,action_boundary,1,valid,phase,phase_coarse,macro_f1,0.811400026969823
paired,action_boundary,1,test,regression,object_a_xyz,mean_r2,0.943709135055542
paired,action_boundary,1,test,regression,object_b_xyz,mean_r2,0.9379350543022156
paired,action_boundary,1,test,regression,target_xyz,mean_r2,0.6099019646644592
paired,action_boundary,1,test,regression,alternative_xyz,mean_r2,0.610772430896759
paired,action_boundary,1,test,regression,eef_xyz,mean_r2,0.9653301239013672
paired,action_boundary,1,test,regression,robot_joint_pos,mean_r2,0.9453036189079285
paired,action_boundary,1,test,regression,gripper_width,mean_r2,0.8404259085655212
paired,action_boundary,1,test,regression,target_to_eef_xyz,mean_r2,0.6686862111091614
paired,action_boundary,1,test,regression,alternative_to_eef_xyz,mean_r2,0.67530757188797
paired,action_boundary,1,test,regression,target_to_basket_xyz,mean_r2,0.6213629841804504
paired,action_boundary,1,test,regression,eef_target_distance,mean_r2,0.31259244680404663
paired,action_boundary,1,test,regression,eef_alternative_distance,mean_r2,0.42362648248672485
paired,action_boundary,1,test,regression,target_basket_distance,mean_r2,0.6630638837814331
paired,action_boundary,1,test,regression,target_displacement_xyz,mean_r2,0.5627482533454895
paired,action_boundary,1,test,regression,target_speed_per_action_step,mean_r2,0.4575656056404114
paired,action_boundary,1,test,regression,normalized_action_progress,mean_r2,0.6800069808959961
paired,action_boundary,1,test,binary,target_grasped,auc,0.9399362065501305
paired,action_boundary,1,test,binary,target_moved,auc,0.9571326472269869
paired,action_boundary,1,test,binary,target_lifted,auc,0.9560918080377393
paired,action_boundary,1,test,binary,near_target,auc,0.9337858500702537
paired,action_boundary,1,test,binary,near_basket,auc,0.9558928504339332
paired,action_boundary,1,test,phase,phase_coarse,macro_f1,0.7685553088942919
paired,action_boundary,2,valid,regression,object_a_xyz,mean_r2,0.8974900245666504
paired,action_boundary,2,valid,regression,object_b_xyz,mean_r2,0.9255816340446472
paired,action_boundary,2,valid,regression,target_xyz,mean_r2,0.7350795269012451
paired,action_boundary,2,valid,regression,alternative_xyz,mean_r2,0.7378900051116943
paired,action_boundary,2,valid,regression,eef_xyz,mean_r2,0.9673873782157898
paired,action_boundary,2,valid,regression,robot_joint_pos,mean_r2,0.9656081199645996
paired,action_boundary,2,valid,regression,gripper_width,mean_r2,0.6644692420959473
paired,action_boundary,2,valid,regression,target_to_eef_xyz,mean_r2,0.7848489880561829
paired,action_boundary,2,valid,regression,alternative_to_eef_xyz,mean_r2,0.7964933514595032
paired,action_boundary,2,valid,regression,target_to_basket_xyz,mean_r2,0.7406578063964844
paired,action_boundary,2,valid,regression,eef_target_distance,mean_r2,0.616426944732666
paired,action_boundary,2,valid,regression,eef_alternative_distance,mean_r2,0.6601378917694092
paired,action_boundary,2,valid,regression,target_basket_distance,mean_r2,0.7904061675071716
paired,action_boundary,2,valid,regression,target_displacement_xyz,mean_r2,0.6328707337379456
paired,action_boundary,2,valid,regression,target_speed_per_action_step,mean_r2,0.5875235795974731
paired,action_boundary,2,valid,regression,normalized_action_progress,mean_r2,0.7572752237319946
paired,action_boundary,2,valid,binary,target_grasped,auc,0.9792478354978355
paired,action_boundary,2,valid,binary,target_moved,auc,0.9764992155732719
paired,action_boundary,2,valid,binary,target_lifted,auc,0.9764959104606112
paired,action_boundary,2,valid,binary,near_target,auc,0.9850126972610194
paired,action_boundary,2,valid,binary,near_basket,auc,0.9797965116279069
paired,action_boundary,2,valid,phase,phase_coarse,macro_f1,0.881816561574296
paired,action_boundary,2,test,regression,object_a_xyz,mean_r2,0.9308993220329285
paired,action_boundary,2,test,regression,object_b_xyz,mean_r2,0.9365165829658508
paired,action_boundary,2,test,regression,target_xyz,mean_r2,0.7298812866210938
paired,action_boundary,2,test,regression,alternative_xyz,mean_r2,0.7440924644470215
paired,action_boundary,2,test,regression,eef_xyz,mean_r2,0.9639460444450378
paired,action_boundary,2,test,regression,robot_joint_pos,mean_r2,0.952773928642273
paired,action_boundary,2,test,regression,gripper_width,mean_r2,0.8658435940742493
paired,action_boundary,2,test,regression,target_to_eef_xyz,mean_r2,0.7579782605171204
paired,action_boundary,2,test,regression,alternative_to_eef_xyz,mean_r2,0.7890265583992004
paired,action_boundary,2,test,regression,target_to_basket_xyz,mean_r2,0.7401592135429382
paired,action_boundary,2,test,regression,eef_target_distance,mean_r2,0.5244117379188538
paired,action_boundary,2,test,regression,eef_alternative_distance,mean_r2,0.6215676069259644
paired,action_boundary,2,test,regression,target_basket_distance,mean_r2,0.8043400049209595
paired,action_boundary,2,test,regression,target_displacement_xyz,mean_r2,0.679898738861084
paired,action_boundary,2,test,regression,target_speed_per_action_step,mean_r2,0.5194449424743652
paired,action_boundary,2,test,regression,normalized_action_progress,mean_r2,0.7236325144767761
paired,action_boundary,2,test,binary,target_grasped,auc,0.9570398834639341
paired,action_boundary,2,test,binary,target_moved,auc,0.9872641509433963
paired,action_boundary,2,test,binary,target_lifted,auc,0.9839945049960472
paired,action_boundary,2,test,binary,near_target,auc,0.9615257459294156
paired,action_boundary,2,test,binary,near_basket,auc,0.9707329901942368
paired,action_boundary,2,test,phase,phase_coarse,macro_f1,0.8155232384387333
paired,action_boundary,3,valid,regression,object_a_xyz,mean_r2,0.9355888366699219
paired,action_boundary,3,valid,regression,object_b_xyz,mean_r2,0.9342129826545715
paired,action_boundary,3,valid,regression,target_xyz,mean_r2,0.7816044688224792
paired,action_boundary,3,valid,regression,alternative_xyz,mean_r2,0.776790201663971
paired,action_boundary,3,valid,regression,eef_xyz,mean_r2,0.9702699184417725
paired,action_boundary,3,valid,regression,robot_joint_pos,mean_r2,0.9597145318984985
paired,action_boundary,3,valid,regression,gripper_width,mean_r2,0.7305235266685486
paired,action_boundary,3,valid,regression,target_to_eef_xyz,mean_r2,0.8269403576850891
paired,action_boundary,3,valid,regression,alternative_to_eef_xyz,mean_r2,0.8247774243354797
paired,action_boundary,3,valid,regression,target_to_basket_xyz,mean_r2,0.7773873209953308
paired,action_boundary,3,valid,regression,eef_target_distance,mean_r2,0.699995756149292
paired,action_boundary,3,valid,regression,eef_alternative_distance,mean_r2,0.7219715118408203
paired,action_boundary,3,valid,regression,target_basket_distance,mean_r2,0.839379072189331
paired,action_boundary,3,valid,regression,target_displacement_xyz,mean_r2,0.6853342056274414
paired,action_boundary,3,valid,regression,target_speed_per_action_step,mean_r2,0.5931292176246643
paired,action_boundary,3,valid,regression,normalized_action_progress,mean_r2,0.753084659576416
paired,action_boundary,3,valid,binary,target_grasped,auc,0.9867424242424242
paired,action_boundary,3,valid,binary,target_moved,auc,0.9845996221944738
paired,action_boundary,3,valid,binary,target_lifted,auc,0.9890371645860239
paired,action_boundary,3,valid,binary,near_target,auc,0.9894113912570288
paired,action_boundary,3,valid,binary,near_basket,auc,0.979360465116279
paired,action_boundary,3,valid,phase,phase_coarse,macro_f1,0.8837052161164656
paired,action_boundary,3,test,regression,object_a_xyz,mean_r2,0.9577617645263672
paired,action_boundary,3,test,regression,object_b_xyz,mean_r2,0.953289270401001
paired,action_boundary,3,test,regression,target_xyz,mean_r2,0.8020040392875671
paired,action_boundary,3,test,regression,alternative_xyz,mean_r2,0.7580578327178955
paired,action_boundary,3,test,regression,eef_xyz,mean_r2,0.9644046425819397
paired,action_boundary,3,test,regression,robot_joint_pos,mean_r2,0.9503477215766907
paired,action_boundary,3,test,regression,gripper_width,mean_r2,0.8558825254440308
paired,action_boundary,3,test,regression,target_to_eef_xyz,mean_r2,0.8219020962715149
paired,action_boundary,3,test,regression,alternative_to_eef_xyz,mean_r2,0.8104355931282043
paired,action_boundary,3,test,regression,target_to_basket_xyz,mean_r2,0.7896518707275391
paired,action_boundary,3,test,regression,eef_target_distance,mean_r2,0.6932854652404785
paired,action_boundary,3,test,regression,eef_alternative_distance,mean_r2,0.6697633266448975
paired,action_boundary,3,test,regression,target_basket_distance,mean_r2,0.8324442505836487
paired,action_boundary,3,test,regression,target_displacement_xyz,mean_r2,0.7400081753730774
paired,action_boundary,3,test,regression,target_speed_per_action_step,mean_r2,0.6099593639373779
paired,action_boundary,3,test,regression,normalized_action_progress,mean_r2,0.7454506158828735
paired,action_boundary,3,test,binary,target_grasped,auc,0.9647001205545509
paired,action_boundary,3,test,binary,target_moved,auc,0.982761578044597
paired,action_boundary,3,test,binary,target_lifted,auc,0.9823097160482627
paired,action_boundary,3,test,binary,near_target,auc,0.9756901396809654
paired,action_boundary,3,test,binary,near_basket,auc,0.9800503437652628
paired,action_boundary,3,test,phase,phase_coarse,macro_f1,0.8257071985592687
paired,action_boundary,4,valid,regression,object_a_xyz,mean_r2,0.9304453730583191
paired,action_boundary,4,valid,regression,object_b_xyz,mean_r2,0.9249909520149231
paired,action_boundary,4,valid,regression,target_xyz,mean_r2,0.7826096415519714
paired,action_boundary,4,valid,regression,alternative_xyz,mean_r2,0.7785916328430176
paired,action_boundary,4,valid,regression,eef_xyz,mean_r2,0.9734072685241699
paired,action_boundary,4,valid,regression,robot_joint_pos,mean_r2,0.9661515355110168
paired,action_boundary,4,valid,regression,gripper_width,mean_r2,0.7840186953544617
paired,action_boundary,4,valid,regression,target_to_eef_xyz,mean_r2,0.8134891390800476
paired,action_boundary,4,valid,regression,alternative_to_eef_xyz,mean_r2,0.8214680552482605
paired,action_boundary,4,valid,regression,target_to_basket_xyz,mean_r2,0.788564920425415
paired,action_boundary,4,valid,regression,eef_target_distance,mean_r2,0.7197005152702332
paired,action_boundary,4,valid,regression,eef_alternative_distance,mean_r2,0.7052090167999268
paired,action_boundary,4,valid,regression,target_basket_distance,mean_r2,0.8361880779266357
paired,action_boundary,4,valid,regression,target_displacement_xyz,mean_r2,0.7068648338317871
paired,action_boundary,4,valid,regression,target_speed_per_action_step,mean_r2,0.6434342861175537
paired,action_boundary,4,valid,regression,normalized_action_progress,mean_r2,0.7490882873535156
paired,action_boundary,4,valid,binary,target_grasped,auc,0.9876082251082251
paired,action_boundary,4,valid,binary,target_moved,auc,0.9837031345051708
paired,action_boundary,4,valid,binary,target_lifted,auc,0.988577988233606
paired,action_boundary,4,valid,binary,near_target,auc,0.9858062760747325
paired,action_boundary,4,valid,binary,near_basket,auc,0.9780523255813953
paired,action_boundary,4,valid,phase,phase_coarse,macro_f1,0.8974620360421074
paired,action_boundary,4,test,regression,object_a_xyz,mean_r2,0.9470670819282532
paired,action_boundary,4,test,regression,object_b_xyz,mean_r2,0.9464653134346008
paired,action_boundary,4,test,regression,target_xyz,mean_r2,0.797298014163971
paired,action_boundary,4,test,regression,alternative_xyz,mean_r2,0.8079220652580261
paired,action_boundary,4,test,regression,eef_xyz,mean_r2,0.9759253859519958
paired,action_boundary,4,test,regression,robot_joint_pos,mean_r2,0.9612429738044739
paired,action_boundary,4,test,regression,gripper_width,mean_r2,0.8572282195091248
paired,action_boundary,4,test,regression,target_to_eef_xyz,mean_r2,0.8414723873138428
paired,action_boundary,4,test,regression,alternative_to_eef_xyz,mean_r2,0.8243899345397949
paired,action_boundary,4,test,regression,target_to_basket_xyz,mean_r2,0.7951311469078064
paired,action_boundary,4,test,regression,eef_target_distance,mean_r2,0.7212274074554443
paired,action_boundary,4,test,regression,eef_alternative_distance,mean_r2,0.7337239980697632
paired,action_boundary,4,test,regression,target_basket_distance,mean_r2,0.8581252694129944
paired,action_boundary,4,test,regression,target_displacement_xyz,mean_r2,0.7451738715171814
paired,action_boundary,4,test,regression,target_speed_per_action_step,mean_r2,0.6344268321990967
paired,action_boundary,4,test,regression,normalized_action_progress,mean_r2,0.7322062253952026
paired,action_boundary,4,test,binary,target_grasped,auc,0.9861236688768334
paired,action_boundary,4,test,binary,target_moved,auc,0.9947970268724986
paired,action_boundary,4,test,binary,target_lifted,auc,0.9944531563872941
paired,action_boundary,4,test,binary,near_target,auc,0.9857012976279032
paired,action_boundary,4,test,binary,near_basket,auc,0.9417665401810873
paired,action_boundary,4,test,phase,phase_coarse,macro_f1,0.835546633411402
paired,action_boundary,5,valid,regression,object_a_xyz,mean_r2,0.8933892250061035
paired,action_boundary,5,valid,regression,object_b_xyz,mean_r2,0.8961019515991211
paired,action_boundary,5,valid,regression,target_xyz,mean_r2,0.8293398022651672
paired,action_boundary,5,valid,regression,alternative_xyz,mean_r2,0.8178379535675049
paired,action_boundary,5,valid,regression,eef_xyz,mean_r2,0.971327543258667
paired,action_boundary,5,valid,regression,robot_joint_pos,mean_r2,0.967345118522644
paired,action_boundary,5,valid,regression,gripper_width,mean_r2,0.8028337359428406
paired,action_boundary,5,valid,regression,target_to_eef_xyz,mean_r2,0.8543485999107361
paired,action_boundary,5,valid,regression,alternative_to_eef_xyz,mean_r2,0.851391613483429
paired,action_boundary,5,valid,regression,target_to_basket_xyz,mean_r2,0.8275623917579651
paired,action_boundary,5,valid,regression,eef_target_distance,mean_r2,0.7606145143508911
paired,action_boundary,5,valid,regression,eef_alternative_distance,mean_r2,0.7150705456733704
paired,action_boundary,5,valid,regression,target_basket_distance,mean_r2,0.8698275089263916
paired,action_boundary,5,valid,regression,target_displacement_xyz,mean_r2,0.7313935160636902
paired,action_boundary,5,valid,regression,target_speed_per_action_step,mean_r2,0.6878647208213806
paired,action_boundary,5,valid,regression,normalized_action_progress,mean_r2,0.6396781206130981
paired,action_boundary,5,valid,binary,target_grasped,auc,0.9839015151515151
paired,action_boundary,5,valid,binary,target_moved,auc,0.9864566324080299
paired,action_boundary,5,valid,binary,target_lifted,auc,0.9843019084517147
paired,action_boundary,5,valid,binary,near_target,auc,0.9791402140395429
paired,action_boundary,5,valid,binary,near_basket,auc,0.9886627906976744
paired,action_boundary,5,valid,phase,phase_coarse,macro_f1,0.8949925160516106
paired,action_boundary,5,test,regression,object_a_xyz,mean_r2,0.9455569386482239
paired,action_boundary,5,test,regression,object_b_xyz,mean_r2,0.9218416213989258
paired,action_boundary,5,test,regression,target_xyz,mean_r2,0.8293296694755554
paired,action_boundary,5,test,regression,alternative_xyz,mean_r2,0.8426609635353088
paired,action_boundary,5,test,regression,eef_xyz,mean_r2,0.9695801138877869
paired,action_boundary,5,test,regression,robot_joint_pos,mean_r2,0.9608503580093384
paired,action_boundary,5,test,regression,gripper_width,mean_r2,0.8588826656341553
paired,action_boundary,5,test,regression,target_to_eef_xyz,mean_r2,0.8643155097961426
paired,action_boundary,5,test,regression,alternative_to_eef_xyz,mean_r2,0.8590022921562195
paired,action_boundary,5,test,regression,target_to_basket_xyz,mean_r2,0.8309982419013977
paired,action_boundary,5,test,regression,eef_target_distance,mean_r2,0.7889728546142578
paired,action_boundary,5,test,regression,eef_alternative_distance,mean_r2,0.7780352830886841
paired,action_boundary,5,test,regression,target_basket_distance,mean_r2,0.8725634217262268
paired,action_boundary,5,test,regression,target_displacement_xyz,mean_r2,0.7844157218933105
paired,action_boundary,5,test,regression,target_speed_per_action_step,mean_r2,0.6609927415847778
paired,action_boundary,5,test,regression,normalized_action_progress,mean_r2,0.6993585228919983
paired,action_boundary,5,test,binary,target_grasped,auc,0.9937839059674503
paired,action_boundary,5,test,binary,target_moved,auc,0.9987564322469983
paired,action_boundary,5,test,binary,target_lifted,auc,0.9994686434856987
paired,action_boundary,5,test,binary,near_target,auc,0.9940904206959252
paired,action_boundary,5,test,binary,near_basket,auc,0.9774204455798926
paired,action_boundary,5,test,phase,phase_coarse,macro_f1,0.8872514376338251
paired,action_boundary,6,valid,regression,object_a_xyz,mean_r2,0.8733484148979187
paired,action_boundary,6,valid,regression,object_b_xyz,mean_r2,0.8711982369422913
paired,action_boundary,6,valid,regression,target_xyz,mean_r2,0.7861177325248718
paired,action_boundary,6,valid,regression,alternative_xyz,mean_r2,0.756220281124115
paired,action_boundary,6,valid,regression,eef_xyz,mean_r2,0.946770966053009
paired,action_boundary,6,valid,regression,robot_joint_pos,mean_r2,0.945208728313446
paired,action_boundary,6,valid,regression,gripper_width,mean_r2,0.7421138286590576
paired,action_boundary,6,valid,regression,target_to_eef_xyz,mean_r2,0.787165641784668
paired,action_boundary,6,valid,regression,alternative_to_eef_xyz,mean_r2,0.8018321990966797
paired,action_boundary,6,valid,regression,target_to_basket_xyz,mean_r2,0.7859583497047424
paired,action_boundary,6,valid,regression,eef_target_distance,mean_r2,0.6987279057502747
paired,action_boundary,6,valid,regression,eef_alternative_distance,mean_r2,0.6380987167358398
paired,action_boundary,6,valid,regression,target_basket_distance,mean_r2,0.8264281749725342
paired,action_boundary,6,valid,regression,target_displacement_xyz,mean_r2,0.7100602984428406
paired,action_boundary,6,valid,regression,target_speed_per_action_step,mean_r2,0.6802502870559692
paired,action_boundary,6,valid,regression,normalized_action_progress,mean_r2,0.6621124148368835
paired,action_boundary,6,valid,binary,target_grasped,auc,0.984280303030303
paired,action_boundary,6,valid,binary,target_moved,auc,0.9707040630102776
paired,action_boundary,6,valid,binary,target_lifted,auc,0.9859664227292294
paired,action_boundary,6,valid,binary,near_target,auc,0.9897061491021223
paired,action_boundary,6,valid,binary,near_basket,auc,0.985610465116279
paired,action_boundary,6,valid,phase,phase_coarse,macro_f1,0.910251236522423
paired,action_boundary,6,test,regression,object_a_xyz,mean_r2,0.9145991206169128
paired,action_boundary,6,test,regression,object_b_xyz,mean_r2,0.9016289710998535
paired,action_boundary,6,test,regression,target_xyz,mean_r2,0.7834292054176331
paired,action_boundary,6,test,regression,alternative_xyz,mean_r2,0.7782988548278809
paired,action_boundary,6,test,regression,eef_xyz,mean_r2,0.961061418056488
paired,action_boundary,6,test,regression,robot_joint_pos,mean_r2,0.9309240579605103
paired,action_boundary,6,test,regression,gripper_width,mean_r2,0.8527386784553528
paired,action_boundary,6,test,regression,target_to_eef_xyz,mean_r2,0.7921270728111267
paired,action_boundary,6,test,regression,alternative_to_eef_xyz,mean_r2,0.7851266860961914
paired,action_boundary,6,test,regression,target_to_basket_xyz,mean_r2,0.7780148983001709
paired,action_boundary,6,test,regression,eef_target_distance,mean_r2,0.7755822539329529
paired,action_boundary,6,test,regression,eef_alternative_distance,mean_r2,0.6682802438735962
paired,action_boundary,6,test,regression,target_basket_distance,mean_r2,0.8347867131233215
paired,action_boundary,6,test,regression,target_displacement_xyz,mean_r2,0.739006757736206
paired,action_boundary,6,test,regression,target_speed_per_action_step,mean_r2,0.6647758483886719
paired,action_boundary,6,test,regression,normalized_action_progress,mean_r2,0.7036139369010925
paired,action_boundary,6,test,binary,target_grasped,auc,0.9884342977697408
paired,action_boundary,6,test,binary,target_moved,auc,0.9964265294453973
paired,action_boundary,6,test,binary,target_lifted,auc,0.9961897849950104
paired,action_boundary,6,test,binary,near_target,auc,0.9889556988180841
paired,action_boundary,6,test,binary,near_basket,auc,0.9792613743096518
paired,action_boundary,6,test,phase,phase_coarse,macro_f1,0.8894170515988112
paired,action_boundary,7,valid,regression,object_a_xyz,mean_r2,0.816347062587738
paired,action_boundary,7,valid,regression,object_b_xyz,mean_r2,0.8476044535636902
paired,action_boundary,7,valid,regression,target_xyz,mean_r2,0.7822608947753906
paired,action_boundary,7,valid,regression,alternative_xyz,mean_r2,0.8142146468162537
paired,action_boundary,7,valid,regression,eef_xyz,mean_r2,0.9520621299743652
paired,action_boundary,7,valid,regression,robot_joint_pos,mean_r2,0.9459832906723022
paired,action_boundary,7,valid,regression,gripper_width,mean_r2,0.7463312149047852
paired,action_boundary,7,valid,regression,target_to_eef_xyz,mean_r2,0.8358175754547119
paired,action_boundary,7,valid,regression,alternative_to_eef_xyz,mean_r2,0.8342122435569763
paired,action_boundary,7,valid,regression,target_to_basket_xyz,mean_r2,0.7953183054924011
paired,action_boundary,7,valid,regression,eef_target_distance,mean_r2,0.7185631990432739
paired,action_boundary,7,valid,regression,eef_alternative_distance,mean_r2,0.7300975322723389
paired,action_boundary,7,valid,regression,target_basket_distance,mean_r2,0.8284960985183716
paired,action_boundary,7,valid,regression,target_displacement_xyz,mean_r2,0.6769464612007141
paired,action_boundary,7,valid,regression,target_speed_per_action_step,mean_r2,0.7600593566894531
paired,action_boundary,7,valid,regression,normalized_action_progress,mean_r2,0.6283823251724243
paired,action_boundary,7,valid,binary,target_grasped,auc,0.974512987012987
paired,action_boundary,7,valid,binary,target_moved,auc,0.9762430762334711
paired,action_boundary,7,valid,binary,target_lifted,auc,0.9781317262160999
paired,action_boundary,7,valid,binary,near_target,auc,0.9815889715218574
paired,action_boundary,7,valid,binary,near_basket,auc,0.9848837209302326
paired,action_boundary,7,valid,phase,phase_coarse,macro_f1,0.8739306434488342
paired,action_boundary,7,test,regression,object_a_xyz,mean_r2,0.8927106857299805
paired,action_boundary,7,test,regression,object_b_xyz,mean_r2,0.8679739832878113
paired,action_boundary,7,test,regression,target_xyz,mean_r2,0.8533370494842529
paired,action_boundary,7,test,regression,alternative_xyz,mean_r2,0.8672692179679871
paired,action_boundary,7,test,regression,eef_xyz,mean_r2,0.9523253440856934
paired,action_boundary,7,test,regression,robot_joint_pos,mean_r2,0.9344889521598816
paired,action_boundary,7,test,regression,gripper_width,mean_r2,0.8476247787475586
paired,action_boundary,7,test,regression,target_to_eef_xyz,mean_r2,0.8723717331886292
paired,action_boundary,7,test,regression,alternative_to_eef_xyz,mean_r2,0.8361080288887024
paired,action_boundary,7,test,regression,target_to_basket_xyz,mean_r2,0.8572998046875
paired,action_boundary,7,test,regression,eef_target_distance,mean_r2,0.8210490942001343
paired,action_boundary,7,test,regression,eef_alternative_distance,mean_r2,0.8264684677124023
paired,action_boundary,7,test,regression,target_basket_distance,mean_r2,0.8990888595581055
paired,action_boundary,7,test,regression,target_displacement_xyz,mean_r2,0.8017978072166443
paired,action_boundary,7,test,regression,target_speed_per_action_step,mean_r2,0.6998694539070129
paired,action_boundary,7,test,regression,normalized_action_progress,mean_r2,0.7187305688858032
paired,action_boundary,7,test,binary,target_grasped,auc,0.9751356238698011
paired,action_boundary,7,test,binary,target_moved,auc,0.991295025728988
paired,action_boundary,7,test,binary,target_lifted,auc,0.9926776480346289
paired,action_boundary,7,test,binary,near_target,auc,0.9884701214976445
paired,action_boundary,7,test,binary,near_basket,auc,0.9776458654243528
paired,action_boundary,7,test,phase,phase_coarse,macro_f1,0.8872556450373982
paired,action_boundary,8,valid,regression,object_a_xyz,mean_r2,0.8085352778434753
paired,action_boundary,8,valid,regression,object_b_xyz,mean_r2,0.8506074547767639
paired,action_boundary,8,valid,regression,target_xyz,mean_r2,0.7979015707969666
paired,action_boundary,8,valid,regression,alternative_xyz,mean_r2,0.8131780028343201
paired,action_boundary,8,valid,regression,eef_xyz,mean_r2,0.9525600075721741
paired,action_boundary,8,valid,regression,robot_joint_pos,mean_r2,0.9439631700515747
paired,action_boundary,8,valid,regression,gripper_width,mean_r2,0.8045849800109863
paired,action_boundary,8,valid,regression,target_to_eef_xyz,mean_r2,0.8374059200286865
paired,action_boundary,8,valid,regression,alternative_to_eef_xyz,mean_r2,0.8274132609367371
paired,action_boundary,8,valid,regression,target_to_basket_xyz,mean_r2,0.7981970906257629
paired,action_boundary,8,valid,regression,eef_target_distance,mean_r2,0.6931524276733398
paired,action_boundary,8,valid,regression,eef_alternative_distance,mean_r2,0.7401973605155945
paired,action_boundary,8,valid,regression,target_basket_distance,mean_r2,0.8210013508796692
paired,action_boundary,8,valid,regression,target_displacement_xyz,mean_r2,0.6912029385566711
paired,action_boundary,8,valid,regression,target_speed_per_action_step,mean_r2,0.7130107879638672
paired,action_boundary,8,valid,regression,normalized_action_progress,mean_r2,0.6337148547172546
paired,action_boundary,8,valid,binary,target_grasped,auc,0.9678841991341991
paired,action_boundary,8,valid,binary,target_moved,auc,0.943457240738962
paired,action_boundary,8,valid,binary,target_lifted,auc,0.9367771559764672
paired,action_boundary,8,valid,binary,near_target,auc,0.9706829312534011
paired,action_boundary,8,valid,binary,near_basket,auc,0.9853197674418605
paired,action_boundary,8,valid,phase,phase_coarse,macro_f1,0.8362448910521506
paired,action_boundary,8,test,regression,object_a_xyz,mean_r2,0.8899080753326416
paired,action_boundary,8,test,regression,object_b_xyz,mean_r2,0.9164631962776184
paired,action_boundary,8,test,regression,target_xyz,mean_r2,0.8672608733177185
paired,action_boundary,8,test,regression,alternative_xyz,mean_r2,0.8645023703575134
paired,action_boundary,8,test,regression,eef_xyz,mean_r2,0.945190966129303
paired,action_boundary,8,test,regression,robot_joint_pos,mean_r2,0.9264723658561707
paired,action_boundary,8,test,regression,gripper_width,mean_r2,0.8793504238128662
paired,action_boundary,8,test,regression,target_to_eef_xyz,mean_r2,0.8665540814399719
paired,action_boundary,8,test,regression,alternative_to_eef_xyz,mean_r2,0.8600708842277527
paired,action_boundary,8,test,regression,target_to_basket_xyz,mean_r2,0.8622139096260071
paired,action_boundary,8,test,regression,eef_target_distance,mean_r2,0.8438587784767151
paired,action_boundary,8,test,regression,eef_alternative_distance,mean_r2,0.7880104780197144
paired,action_boundary,8,test,regression,target_basket_distance,mean_r2,0.8993752598762512
paired,action_boundary,8,test,regression,target_displacement_xyz,mean_r2,0.82951420545578
paired,action_boundary,8,test,regression,target_speed_per_action_step,mean_r2,0.6249151229858398
paired,action_boundary,8,test,regression,normalized_action_progress,mean_r2,0.7667928338050842
paired,action_boundary,8,test,binary,target_grasped,auc,0.9814270644966847
paired,action_boundary,8,test,binary,target_moved,auc,0.995611778158948
paired,action_boundary,8,test,binary,target_lifted,auc,0.9980948924975053
paired,action_boundary,8,test,binary,near_target,auc,0.9854430118191586
paired,action_boundary,8,test,binary,near_basket,auc,0.991208626066048
paired,action_boundary,8,test,phase,phase_coarse,macro_f1,0.8620049841778697
paired,action_boundary,9,valid,regression,object_a_xyz,mean_r2,0.8366335034370422
paired,action_boundary,9,valid,regression,object_b_xyz,mean_r2,0.8604726791381836
paired,action_boundary,9,valid,regression,target_xyz,mean_r2,0.8389058113098145
paired,action_boundary,9,valid,regression,alternative_xyz,mean_r2,0.8383501172065735
paired,action_boundary,9,valid,regression,eef_xyz,mean_r2,0.9392989277839661
paired,action_boundary,9,valid,regression,robot_joint_pos,mean_r2,0.9501785635948181
paired,action_boundary,9,valid,regression,gripper_width,mean_r2,0.7218103408813477
paired,action_boundary,9,valid,regression,target_to_eef_xyz,mean_r2,0.8547452092170715
paired,action_boundary,9,valid,regression,alternative_to_eef_xyz,mean_r2,0.8440634608268738
paired,action_boundary,9,valid,regression,target_to_basket_xyz,mean_r2,0.8556833863258362
paired,action_boundary,9,valid,regression,eef_target_distance,mean_r2,0.7765552401542664
paired,action_boundary,9,valid,regression,eef_alternative_distance,mean_r2,0.780500054359436
paired,action_boundary,9,valid,regression,target_basket_distance,mean_r2,0.8451685905456543
paired,action_boundary,9,valid,regression,target_displacement_xyz,mean_r2,0.724517822265625
paired,action_boundary,9,valid,regression,target_speed_per_action_step,mean_r2,0.7153551578521729
paired,action_boundary,9,valid,regression,normalized_action_progress,mean_r2,0.6534262299537659
paired,action_boundary,9,valid,binary,target_grasped,auc,0.968452380952381
paired,action_boundary,9,valid,binary,target_moved,auc,0.9576089392629591
paired,action_boundary,9,valid,binary,target_lifted,auc,0.963782465203042
paired,action_boundary,9,valid,binary,near_target,auc,0.9746961726827499
paired,action_boundary,9,valid,binary,near_basket,auc,0.9898255813953488
paired,action_boundary,9,valid,phase,phase_coarse,macro_f1,0.9230848695342417
paired,action_boundary,9,test,regression,object_a_xyz,mean_r2,0.9099743962287903
paired,action_boundary,9,test,regression,object_b_xyz,mean_r2,0.9193454384803772
paired,action_boundary,9,test,regression,target_xyz,mean_r2,0.87895268201828
paired,action_boundary,9,test,regression,alternative_xyz,mean_r2,0.8972834944725037
paired,action_boundary,9,test,regression,eef_xyz,mean_r2,0.9293897747993469
paired,action_boundary,9,test,regression,robot_joint_pos,mean_r2,0.9269830584526062
paired,action_boundary,9,test,regression,gripper_width,mean_r2,0.8383432626724243
paired,action_boundary,9,test,regression,target_to_eef_xyz,mean_r2,0.8806161880493164
paired,action_boundary,9,test,regression,alternative_to_eef_xyz,mean_r2,0.8901416659355164
paired,action_boundary,9,test,regression,target_to_basket_xyz,mean_r2,0.8728986382484436
paired,action_boundary,9,test,regression,eef_target_distance,mean_r2,0.8006722927093506
paired,action_boundary,9,test,regression,eef_alternative_distance,mean_r2,0.8682358264923096
paired,action_boundary,9,test,regression,target_basket_distance,mean_r2,0.9203510284423828
paired,action_boundary,9,test,regression,target_displacement_xyz,mean_r2,0.8360410332679749
paired,action_boundary,9,test,regression,target_speed_per_action_step,mean_r2,0.7234334945678711
paired,action_boundary,9,test,regression,normalized_action_progress,mean_r2,0.7126301527023315
paired,action_boundary,9,test,binary,target_grasped,auc,0.9872099156118144
paired,action_boundary,9,test,binary,target_moved,auc,0.9973127501429389
paired,action_boundary,9,test,binary,target_lifted,auc,0.9987040085017043
paired,action_boundary,9,test,binary,near_target,auc,0.988966030250434
paired,action_boundary,9,test,binary,near_basket,auc,0.9935379644588045
paired,action_boundary,9,test,phase,phase_coarse,macro_f1,0.869052926887878
paired,action_boundary,10,valid,regression,object_a_xyz,mean_r2,0.8561508655548096
paired,action_boundary,10,valid,regression,object_b_xyz,mean_r2,0.8633025288581848
paired,action_boundary,10,valid,regression,target_xyz,mean_r2,0.8363726735115051
paired,action_boundary,10,valid,regression,alternative_xyz,mean_r2,0.8354327082633972
paired,action_boundary,10,valid,regression,eef_xyz,mean_r2,0.9536073207855225
paired,action_boundary,10,valid,regression,robot_joint_pos,mean_r2,0.9423809051513672
paired,action_boundary,10,valid,regression,gripper_width,mean_r2,0.7708254456520081
paired,action_boundary,10,valid,regression,target_to_eef_xyz,mean_r2,0.8441585898399353
paired,action_boundary,10,valid,regression,alternative_to_eef_xyz,mean_r2,0.8556075096130371
paired,action_boundary,10,valid,regression,target_to_basket_xyz,mean_r2,0.8339757919311523
paired,action_boundary,10,valid,regression,eef_target_distance,mean_r2,0.7738471031188965
paired,action_boundary,10,valid,regression,eef_alternative_distance,mean_r2,0.7688032388687134
paired,action_boundary,10,valid,regression,target_basket_distance,mean_r2,0.8656702637672424
paired,action_boundary,10,valid,regression,target_displacement_xyz,mean_r2,0.7618873119354248
paired,action_boundary,10,valid,regression,target_speed_per_action_step,mean_r2,0.7119261026382446
paired,action_boundary,10,valid,regression,normalized_action_progress,mean_r2,0.7772677540779114
paired,action_boundary,10,valid,binary,target_grasped,auc,0.9758116883116883
paired,action_boundary,10,valid,binary,target_moved,auc,0.9676303909326673
paired,action_boundary,10,valid,binary,target_lifted,auc,0.9831539675706701
paired,action_boundary,10,valid,binary,near_target,auc,0.9806593506257936
paired,action_boundary,10,valid,binary,near_basket,auc,0.9914244186046511
paired,action_boundary,10,valid,phase,phase_coarse,macro_f1,0.8923521876154323
paired,action_boundary,10,test,regression,object_a_xyz,mean_r2,0.9111341834068298
paired,action_boundary,10,test,regression,object_b_xyz,mean_r2,0.918571949005127
paired,action_boundary,10,test,regression,target_xyz,mean_r2,0.8780038952827454
paired,action_boundary,10,test,regression,alternative_xyz,mean_r2,0.8667799830436707
paired,action_boundary,10,test,regression,eef_xyz,mean_r2,0.9537283778190613
paired,action_boundary,10,test,regression,robot_joint_pos,mean_r2,0.9337276816368103
paired,action_boundary,10,test,regression,gripper_width,mean_r2,0.7842704057693481
paired,action_boundary,10,test,regression,target_to_eef_xyz,mean_r2,0.8334742188453674
paired,action_boundary,10,test,regression,alternative_to_eef_xyz,mean_r2,0.8728635907173157
paired,action_boundary,10,test,regression,target_to_basket_xyz,mean_r2,0.8687015175819397
paired,action_boundary,10,test,regression,eef_target_distance,mean_r2,0.691848874092102
paired,action_boundary,10,test,regression,eef_alternative_distance,mean_r2,0.8524371981620789
paired,action_boundary,10,test,regression,target_basket_distance,mean_r2,0.9056002497673035
paired,action_boundary,10,test,regression,target_displacement_xyz,mean_r2,0.825481116771698
paired,action_boundary,10,test,regression,target_speed_per_action_step,mean_r2,0.6738117933273315
paired,action_boundary,10,test,regression,normalized_action_progress,mean_r2,0.7599774599075317
paired,action_boundary,10,test,binary,target_grasped,auc,0.982682841068917
paired,action_boundary,10,test,binary,target_moved,auc,0.9899085191538022
paired,action_boundary,10,test,binary,target_lifted,auc,0.9930923653140835
paired,action_boundary,10,test,binary,near_target,auc,0.9890693445739317
paired,action_boundary,10,test,binary,near_basket,auc,0.9949280534996431
paired,action_boundary,10,test,phase,phase_coarse,macro_f1,0.8609872726155275
paired,action_boundary,11,valid,regression,object_a_xyz,mean_r2,0.8986751437187195
paired,action_boundary,11,valid,regression,object_b_xyz,mean_r2,0.8984845280647278
paired,action_boundary,11,valid,regression,target_xyz,mean_r2,0.839533805847168
paired,action_boundary,11,valid,regression,alternative_xyz,mean_r2,0.8187112808227539
paired,action_boundary,11,valid,regression,eef_xyz,mean_r2,0.9639058709144592
paired,action_boundary,11,valid,regression,robot_joint_pos,mean_r2,0.9574550986289978
paired,action_boundary,11,valid,regression,gripper_width,mean_r2,0.8322609663009644
paired,action_boundary,11,valid,regression,target_to_eef_xyz,mean_r2,0.8678326606750488
paired,action_boundary,11,valid,regression,alternative_to_eef_xyz,mean_r2,0.8648386001586914
paired,action_boundary,11,valid,regression,target_to_basket_xyz,mean_r2,0.8344781994819641
paired,action_boundary,11,valid,regression,eef_target_distance,mean_r2,0.7868385314941406
paired,action_boundary,11,valid,regression,eef_alternative_distance,mean_r2,0.7755009531974792
paired,action_boundary,11,valid,regression,target_basket_distance,mean_r2,0.8776720762252808
paired,action_boundary,11,valid,regression,target_displacement_xyz,mean_r2,0.7717022895812988
paired,action_boundary,11,valid,regression,target_speed_per_action_step,mean_r2,0.7094506025314331
paired,action_boundary,11,valid,regression,normalized_action_progress,mean_r2,0.7108621001243591
paired,action_boundary,11,valid,binary,target_grasped,auc,0.9755140692640693
paired,action_boundary,11,valid,binary,target_moved,auc,0.9660295200589121
paired,action_boundary,11,valid,binary,target_lifted,auc,0.9826947912182522
paired,action_boundary,11,valid,binary,near_target,auc,0.9834482133139851
paired,action_boundary,11,valid,binary,near_basket,auc,0.9357558139534884
paired,action_boundary,11,valid,phase,phase_coarse,macro_f1,0.8967349000190042
paired,action_boundary,11,test,regression,object_a_xyz,mean_r2,0.8972175121307373
paired,action_boundary,11,test,regression,object_b_xyz,mean_r2,0.927044689655304
paired,action_boundary,11,test,regression,target_xyz,mean_r2,0.8775569796562195
paired,action_boundary,11,test,regression,alternative_xyz,mean_r2,0.8648295402526855
paired,action_boundary,11,test,regression,eef_xyz,mean_r2,0.9478653073310852
paired,action_boundary,11,test,regression,robot_joint_pos,mean_r2,0.933949887752533
paired,action_boundary,11,test,regression,gripper_width,mean_r2,0.9028007388114929
paired,action_boundary,11,test,regression,target_to_eef_xyz,mean_r2,0.8664836883544922
paired,action_boundary,11,test,regression,alternative_to_eef_xyz,mean_r2,0.8760092258453369
paired,action_boundary,11,test,regression,target_to_basket_xyz,mean_r2,0.8737867474555969
paired,action_boundary,11,test,regression,eef_target_distance,mean_r2,0.842397928237915
paired,action_boundary,11,test,regression,eef_alternative_distance,mean_r2,0.8342316150665283
paired,action_boundary,11,test,regression,target_basket_distance,mean_r2,0.9054071307182312
paired,action_boundary,11,test,regression,target_displacement_xyz,mean_r2,0.8471853733062744
paired,action_boundary,11,test,regression,target_speed_per_action_step,mean_r2,0.673794150352478
paired,action_boundary,11,test,regression,normalized_action_progress,mean_r2,0.746487021446228
paired,action_boundary,11,test,binary,target_grasped,auc,0.9867138838657826
paired,action_boundary,11,test,binary,target_moved,auc,0.9976986849628359
paired,action_boundary,11,test,binary,target_lifted,auc,0.9983281709671985
paired,action_boundary,11,test,binary,near_target,auc,0.98702888668485
paired,action_boundary,11,test,binary,near_basket,auc,0.9947402036292595
paired,action_boundary,11,test,phase,phase_coarse,macro_f1,0.8703010457272007
paired,action_boundary,12,valid,regression,object_a_xyz,mean_r2,0.8847246170043945
paired,action_boundary,12,valid,regression,object_b_xyz,mean_r2,0.8755242228507996
paired,action_boundary,12,valid,regression,target_xyz,mean_r2,0.8451655507087708
paired,action_boundary,12,valid,regression,alternative_xyz,mean_r2,0.8493876457214355
paired,action_boundary,12,valid,regression,eef_xyz,mean_r2,0.9534706473350525
paired,action_boundary,12,valid,regression,robot_joint_pos,mean_r2,0.9503284096717834
paired,action_boundary,12,valid,regression,gripper_width,mean_r2,0.8511236906051636
paired,action_boundary,12,valid,regression,target_to_eef_xyz,mean_r2,0.8623120188713074
paired,action_boundary,12,valid,regression,alternative_to_eef_xyz,mean_r2,0.8565757274627686
paired,action_boundary,12,valid,regression,target_to_basket_xyz,mean_r2,0.8496329188346863
paired,action_boundary,12,valid,regression,eef_target_distance,mean_r2,0.7953037023544312
paired,action_boundary,12,valid,regression,eef_alternative_distance,mean_r2,0.7826654314994812
paired,action_boundary,12,valid,regression,target_basket_distance,mean_r2,0.8581110835075378
paired,action_boundary,12,valid,regression,target_displacement_xyz,mean_r2,0.7603718638420105
paired,action_boundary,12,valid,regression,target_speed_per_action_step,mean_r2,0.7608209848403931
paired,action_boundary,12,valid,regression,normalized_action_progress,mean_r2,0.7318098545074463
paired,action_boundary,12,valid,binary,target_grasped,auc,0.9857954545454546
paired,action_boundary,12,valid,binary,target_moved,auc,0.9848557615342747
paired,action_boundary,12,valid,binary,target_lifted,auc,0.9876596355287702
paired,action_boundary,12,valid,binary,near_target,auc,0.9920642118628695
paired,action_boundary,12,valid,binary,near_basket,auc,0.9625
paired,action_boundary,12,valid,phase,phase_coarse,macro_f1,0.8774685631828488
paired,action_boundary,12,test,regression,object_a_xyz,mean_r2,0.9370720386505127
paired,action_boundary,12,test,regression,object_b_xyz,mean_r2,0.9074907302856445
paired,action_boundary,12,test,regression,target_xyz,mean_r2,0.858243465423584
paired,action_boundary,12,test,regression,alternative_xyz,mean_r2,0.8742311000823975
paired,action_boundary,12,test,regression,eef_xyz,mean_r2,0.9436678290367126
paired,action_boundary,12,test,regression,robot_joint_pos,mean_r2,0.9149874448776245
paired,action_boundary,12,test,regression,gripper_width,mean_r2,0.8595337271690369
paired,action_boundary,12,test,regression,target_to_eef_xyz,mean_r2,0.8605567812919617
paired,action_boundary,12,test,regression,alternative_to_eef_xyz,mean_r2,0.8621484637260437
paired,action_boundary,12,test,regression,target_to_basket_xyz,mean_r2,0.8725569844245911
paired,action_boundary,12,test,regression,eef_target_distance,mean_r2,0.8059650659561157
paired,action_boundary,12,test,regression,eef_alternative_distance,mean_r2,0.8355342149734497
paired,action_boundary,12,test,regression,target_basket_distance,mean_r2,0.9144116044044495
paired,action_boundary,12,test,regression,target_displacement_xyz,mean_r2,0.8429450988769531
paired,action_boundary,12,test,regression,target_speed_per_action_step,mean_r2,0.7110893130302429
paired,action_boundary,12,test,regression,normalized_action_progress,mean_r2,0.7386062145233154
paired,action_boundary,12,test,binary,target_grasped,auc,0.9848553345388789
paired,action_boundary,12,test,binary,target_moved,auc,0.9924814179531161
paired,action_boundary,12,test,binary,target_lifted,auc,0.9974080170034084
paired,action_boundary,12,test,binary,near_target,auc,0.9876384411934871
paired,action_boundary,12,test,binary,near_basket,auc,0.9964684224367886
paired,action_boundary,12,test,phase,phase_coarse,macro_f1,0.906263249528655
paired,action_boundary,13,valid,regression,object_a_xyz,mean_r2,0.8777201771736145
paired,action_boundary,13,valid,regression,object_b_xyz,mean_r2,0.8873420357704163
paired,action_boundary,13,valid,regression,target_xyz,mean_r2,0.8332362771034241
paired,action_boundary,13,valid,regression,alternative_xyz,mean_r2,0.8179905414581299
paired,action_boundary,13,valid,regression,eef_xyz,mean_r2,0.9385086894035339
paired,action_boundary,13,valid,regression,robot_joint_pos,mean_r2,0.9399709701538086
paired,action_boundary,13,valid,regression,gripper_width,mean_r2,0.8227190971374512
paired,action_boundary,13,valid,regression,target_to_eef_xyz,mean_r2,0.8537784218788147
paired,action_boundary,13,valid,regression,alternative_to_eef_xyz,mean_r2,0.8480739593505859
paired,action_boundary,13,valid,regression,target_to_basket_xyz,mean_r2,0.8190931677818298
paired,action_boundary,13,valid,regression,eef_target_distance,mean_r2,0.7243558168411255
paired,action_boundary,13,valid,regression,eef_alternative_distance,mean_r2,0.7253028154373169
paired,action_boundary,13,valid,regression,target_basket_distance,mean_r2,0.8807467818260193
paired,action_boundary,13,valid,regression,target_displacement_xyz,mean_r2,0.7396066784858704
paired,action_boundary,13,valid,regression,target_speed_per_action_step,mean_r2,0.7451236248016357
paired,action_boundary,13,valid,regression,normalized_action_progress,mean_r2,0.6789048314094543
paired,action_boundary,13,valid,binary,target_grasped,auc,0.9895292207792208
paired,action_boundary,13,valid,binary,target_moved,auc,0.9741939615150642
paired,action_boundary,13,valid,binary,target_lifted,auc,0.9917635241785048
paired,action_boundary,13,valid,binary,near_target,auc,0.9919735171413023
paired,action_boundary,13,valid,binary,near_basket,auc,0.9928779069767442
paired,action_boundary,13,valid,phase,phase_coarse,macro_f1,0.899010226764737
paired,action_boundary,13,test,regression,object_a_xyz,mean_r2,0.9276842474937439
paired,action_boundary,13,test,regression,object_b_xyz,mean_r2,0.9116628766059875
paired,action_boundary,13,test,regression,target_xyz,mean_r2,0.8702034950256348
paired,action_boundary,13,test,regression,alternative_xyz,mean_r2,0.8470126986503601
paired,action_boundary,13,test,regression,eef_xyz,mean_r2,0.9332258105278015
paired,action_boundary,13,test,regression,robot_joint_pos,mean_r2,0.9089354872703552
paired,action_boundary,13,test,regression,gripper_width,mean_r2,0.8840745687484741
paired,action_boundary,13,test,regression,target_to_eef_xyz,mean_r2,0.8290755152702332
paired,action_boundary,13,test,regression,alternative_to_eef_xyz,mean_r2,0.8441391587257385
paired,action_boundary,13,test,regression,target_to_basket_xyz,mean_r2,0.8579146265983582
paired,action_boundary,13,test,regression,eef_target_distance,mean_r2,0.7969378232955933
paired,action_boundary,13,test,regression,eef_alternative_distance,mean_r2,0.7793479561805725
paired,action_boundary,13,test,regression,target_basket_distance,mean_r2,0.9056512117385864
paired,action_boundary,13,test,regression,target_displacement_xyz,mean_r2,0.8206184506416321
paired,action_boundary,13,test,regression,target_speed_per_action_step,mean_r2,0.6756592392921448
paired,action_boundary,13,test,regression,normalized_action_progress,mean_r2,0.7235671877861023
paired,action_boundary,13,test,binary,target_grasped,auc,0.9836623467952582
paired,action_boundary,13,test,binary,target_moved,auc,0.9920097198399085
paired,action_boundary,13,test,binary,target_lifted,auc,0.9925998885447311
paired,action_boundary,13,test,binary,near_target,auc,0.9900301677824613
paired,action_boundary,13,test,binary,near_basket,auc,0.9958297328774843
paired,action_boundary,13,test,phase,phase_coarse,macro_f1,0.8835053829500614
paired,action_boundary,14,valid,regression,object_a_xyz,mean_r2,0.8713061809539795
paired,action_boundary,14,valid,regression,object_b_xyz,mean_r2,0.8765254616737366
paired,action_boundary,14,valid,regression,target_xyz,mean_r2,0.8260032534599304
paired,action_boundary,14,valid,regression,alternative_xyz,mean_r2,0.8134543299674988
paired,action_boundary,14,valid,regression,eef_xyz,mean_r2,0.9412112236022949
paired,action_boundary,14,valid,regression,robot_joint_pos,mean_r2,0.9328851699829102
paired,action_boundary,14,valid,regression,gripper_width,mean_r2,0.8321316242218018
paired,action_boundary,14,valid,regression,target_to_eef_xyz,mean_r2,0.8520538210868835
paired,action_boundary,14,valid,regression,alternative_to_eef_xyz,mean_r2,0.8445680141448975
paired,action_boundary,14,valid,regression,target_to_basket_xyz,mean_r2,0.8290667533874512
paired,action_boundary,14,valid,regression,eef_target_distance,mean_r2,0.7562287449836731
paired,action_boundary,14,valid,regression,eef_alternative_distance,mean_r2,0.7479994297027588
paired,action_boundary,14,valid,regression,target_basket_distance,mean_r2,0.8862457871437073
paired,action_boundary,14,valid,regression,target_displacement_xyz,mean_r2,0.7490257620811462
paired,action_boundary,14,valid,regression,target_speed_per_action_step,mean_r2,0.7442262172698975
paired,action_boundary,14,valid,regression,normalized_action_progress,mean_r2,0.6556952595710754
paired,action_boundary,14,valid,binary,target_grasped,auc,0.991504329004329
paired,action_boundary,14,valid,binary,target_moved,auc,0.976819389748023
paired,action_boundary,14,valid,binary,target_lifted,auc,0.9967570670110489
paired,action_boundary,14,valid,binary,near_target,auc,0.9950344639941955
paired,action_boundary,14,valid,binary,near_basket,auc,0.9861918604651163
paired,action_boundary,14,valid,phase,phase_coarse,macro_f1,0.9201252853426767
paired,action_boundary,14,test,regression,object_a_xyz,mean_r2,0.9247293472290039
paired,action_boundary,14,test,regression,object_b_xyz,mean_r2,0.9142213463783264
paired,action_boundary,14,test,regression,target_xyz,mean_r2,0.836582601070404
paired,action_boundary,14,test,regression,alternative_xyz,mean_r2,0.8159511685371399
paired,action_boundary,14,test,regression,eef_xyz,mean_r2,0.9229981899261475
paired,action_boundary,14,test,regression,robot_joint_pos,mean_r2,0.915975034236908
paired,action_boundary,14,test,regression,gripper_width,mean_r2,0.8736806511878967
paired,action_boundary,14,test,regression,target_to_eef_xyz,mean_r2,0.8160632252693176
paired,action_boundary,14,test,regression,alternative_to_eef_xyz,mean_r2,0.8580560088157654
paired,action_boundary,14,test,regression,target_to_basket_xyz,mean_r2,0.8308043479919434
paired,action_boundary,14,test,regression,eef_target_distance,mean_r2,0.7613343000411987
paired,action_boundary,14,test,regression,eef_alternative_distance,mean_r2,0.766131579875946
paired,action_boundary,14,test,regression,target_basket_distance,mean_r2,0.8879629969596863
paired,action_boundary,14,test,regression,target_displacement_xyz,mean_r2,0.8079115748405457
paired,action_boundary,14,test,regression,target_speed_per_action_step,mean_r2,0.6108255982398987
paired,action_boundary,14,test,regression,normalized_action_progress,mean_r2,0.7469865679740906
paired,action_boundary,14,test,binary,target_grasped,auc,0.974043098251959
paired,action_boundary,14,test,binary,target_moved,auc,0.9913807890222984
paired,action_boundary,14,test,binary,target_lifted,auc,0.9931312450590324
paired,action_boundary,14,test,binary,near_target,auc,0.9876539383420118
paired,action_boundary,14,test,binary,near_basket,auc,0.9957921629034076
paired,action_boundary,14,test,phase,phase_coarse,macro_f1,0.8743493986705054
paired,action_boundary,15,valid,regression,object_a_xyz,mean_r2,0.8625543713569641
paired,action_boundary,15,valid,regression,object_b_xyz,mean_r2,0.8596625328063965
paired,action_boundary,15,valid,regression,target_xyz,mean_r2,0.7916198372840881
paired,action_boundary,15,valid,regression,alternative_xyz,mean_r2,0.786510169506073
paired,action_boundary,15,valid,regression,eef_xyz,mean_r2,0.9377126693725586
paired,action_boundary,15,valid,regression,robot_joint_pos,mean_r2,0.9300678372383118
paired,action_boundary,15,valid,regression,gripper_width,mean_r2,0.750353991985321
paired,action_boundary,15,valid,regression,target_to_eef_xyz,mean_r2,0.8324419856071472
paired,action_boundary,15,valid,regression,alternative_to_eef_xyz,mean_r2,0.8041002154350281
paired,action_boundary,15,valid,regression,target_to_basket_xyz,mean_r2,0.7907371520996094
paired,action_boundary,15,valid,regression,eef_target_distance,mean_r2,0.7157294750213623
paired,action_boundary,15,valid,regression,eef_alternative_distance,mean_r2,0.750000536441803
paired,action_boundary,15,valid,regression,target_basket_distance,mean_r2,0.853618323802948
paired,action_boundary,15,valid,regression,target_displacement_xyz,mean_r2,0.7132890820503235
paired,action_boundary,15,valid,regression,target_speed_per_action_step,mean_r2,0.7171290516853333
paired,action_boundary,15,valid,regression,normalized_action_progress,mean_r2,0.6664257049560547
paired,action_boundary,15,valid,binary,target_grasped,auc,0.9889339826839827
paired,action_boundary,15,valid,binary,target_moved,auc,0.9852079531265008
paired,action_boundary,15,valid,binary,target_lifted,auc,0.9943463911608552
paired,action_boundary,15,valid,binary,near_target,auc,0.994535643025576
paired,action_boundary,15,valid,binary,near_basket,auc,0.9898255813953488
paired,action_boundary,15,valid,phase,phase_coarse,macro_f1,0.9216458327843432
paired,action_boundary,15,test,regression,object_a_xyz,mean_r2,0.9029095768928528
paired,action_boundary,15,test,regression,object_b_xyz,mean_r2,0.8966085910797119
paired,action_boundary,15,test,regression,target_xyz,mean_r2,0.810174286365509
paired,action_boundary,15,test,regression,alternative_xyz,mean_r2,0.8178150653839111
paired,action_boundary,15,test,regression,eef_xyz,mean_r2,0.9313561916351318
paired,action_boundary,15,test,regression,robot_joint_pos,mean_r2,0.8941029906272888
paired,action_boundary,15,test,regression,gripper_width,mean_r2,0.8809492588043213
paired,action_boundary,15,test,regression,target_to_eef_xyz,mean_r2,0.8039476275444031
paired,action_boundary,15,test,regression,alternative_to_eef_xyz,mean_r2,0.8267822265625
paired,action_boundary,15,test,regression,target_to_basket_xyz,mean_r2,0.8067311644554138
paired,action_boundary,15,test,regression,eef_target_distance,mean_r2,0.7604321241378784
paired,action_boundary,15,test,regression,eef_alternative_distance,mean_r2,0.7430680990219116
paired,action_boundary,15,test,regression,target_basket_distance,mean_r2,0.906859815120697
paired,action_boundary,15,test,regression,target_displacement_xyz,mean_r2,0.7925400137901306
paired,action_boundary,15,test,regression,target_speed_per_action_step,mean_r2,0.612979531288147
paired,action_boundary,15,test,regression,normalized_action_progress,mean_r2,0.789817214012146
paired,action_boundary,15,test,binary,target_grasped,auc,0.9802591922845088
paired,action_boundary,15,test,binary,target_moved,auc,0.9897512864493997
paired,action_boundary,15,test,binary,target_lifted,auc,0.9932090045489301
paired,action_boundary,15,test,binary,near_target,auc,0.9844615257459294
paired,action_boundary,15,test,binary,near_basket,auc,0.9960175827478679
paired,action_boundary,15,test,phase,phase_coarse,macro_f1,0.8664528201015771
paired,action_boundary,16,valid,regression,object_a_xyz,mean_r2,0.8449413776397705
paired,action_boundary,16,valid,regression,object_b_xyz,mean_r2,0.8733527660369873
paired,action_boundary,16,valid,regression,target_xyz,mean_r2,0.7856643199920654
paired,action_boundary,16,valid,regression,alternative_xyz,mean_r2,0.7841110229492188
paired,action_boundary,16,valid,regression,eef_xyz,mean_r2,0.9270384311676025
paired,action_boundary,16,valid,regression,robot_joint_pos,mean_r2,0.9255684614181519
paired,action_boundary,16,valid,regression,gripper_width,mean_r2,0.7733467221260071
paired,action_boundary,16,valid,regression,target_to_eef_xyz,mean_r2,0.8138165473937988
paired,action_boundary,16,valid,regression,alternative_to_eef_xyz,mean_r2,0.7924244403839111
paired,action_boundary,16,valid,regression,target_to_basket_xyz,mean_r2,0.7752132415771484
paired,action_boundary,16,valid,regression,eef_target_distance,mean_r2,0.6896641254425049
paired,action_boundary,16,valid,regression,eef_alternative_distance,mean_r2,0.6859292984008789
paired,action_boundary,16,valid,regression,target_basket_distance,mean_r2,0.8324481248855591
paired,action_boundary,16,valid,regression,target_displacement_xyz,mean_r2,0.6834053993225098
paired,action_boundary,16,valid,regression,target_speed_per_action_step,mean_r2,0.7121255993843079
paired,action_boundary,16,valid,regression,normalized_action_progress,mean_r2,0.6279032230377197
paired,action_boundary,16,valid,binary,target_grasped,auc,0.9897727272727272
paired,action_boundary,16,valid,binary,target_moved,auc,0.9902346876700925
paired,action_boundary,16,valid,binary,target_lifted,auc,0.9923948916630794
paired,action_boundary,16,valid,binary,near_target,auc,0.9927217485942318
paired,action_boundary,16,valid,binary,near_basket,auc,0.9643895348837209
paired,action_boundary,16,valid,phase,phase_coarse,macro_f1,0.9315406333560746
paired,action_boundary,16,test,regression,object_a_xyz,mean_r2,0.9019091129302979
paired,action_boundary,16,test,regression,object_b_xyz,mean_r2,0.886448860168457
paired,action_boundary,16,test,regression,target_xyz,mean_r2,0.8110079169273376
paired,action_boundary,16,test,regression,alternative_xyz,mean_r2,0.810530424118042
paired,action_boundary,16,test,regression,eef_xyz,mean_r2,0.9288043975830078
paired,action_boundary,16,test,regression,robot_joint_pos,mean_r2,0.8971781730651855
paired,action_boundary,16,test,regression,gripper_width,mean_r2,0.82835453748703
paired,action_boundary,16,test,regression,target_to_eef_xyz,mean_r2,0.8008199334144592
paired,action_boundary,16,test,regression,alternative_to_eef_xyz,mean_r2,0.8218145370483398
paired,action_boundary,16,test,regression,target_to_basket_xyz,mean_r2,0.8091837763786316
paired,action_boundary,16,test,regression,eef_target_distance,mean_r2,0.7041189670562744
paired,action_boundary,16,test,regression,eef_alternative_distance,mean_r2,0.7437382936477661
paired,action_boundary,16,test,regression,target_basket_distance,mean_r2,0.8714593648910522
paired,action_boundary,16,test,regression,target_displacement_xyz,mean_r2,0.802585780620575
paired,action_boundary,16,test,regression,target_speed_per_action_step,mean_r2,0.5782588720321655
paired,action_boundary,16,test,regression,normalized_action_progress,mean_r2,0.7729665637016296
paired,action_boundary,16,test,binary,target_grasped,auc,0.9740305404862367
paired,action_boundary,16,test,binary,target_moved,auc,0.9883218982275586
paired,action_boundary,16,test,binary,target_lifted,auc,0.9881027980456448
paired,action_boundary,16,test,binary,near_target,auc,0.9849367716340194
paired,action_boundary,16,test,binary,near_basket,auc,0.9930871247698839
paired,action_boundary,16,test,phase,phase_coarse,macro_f1,0.8704273067724501
paired,action_boundary,17,valid,regression,object_a_xyz,mean_r2,0.8313307166099548
paired,action_boundary,17,valid,regression,object_b_xyz,mean_r2,0.8488311171531677
paired,action_boundary,17,valid,regression,target_xyz,mean_r2,0.7354316711425781
paired,action_boundary,17,valid,regression,alternative_xyz,mean_r2,0.7746028900146484
paired,action_boundary,17,valid,regression,eef_xyz,mean_r2,0.9271435737609863
paired,action_boundary,17,valid,regression,robot_joint_pos,mean_r2,0.9115411043167114
paired,action_boundary,17,valid,regression,gripper_width,mean_r2,0.7380845546722412
paired,action_boundary,17,valid,regression,target_to_eef_xyz,mean_r2,0.791594922542572
paired,action_boundary,17,valid,regression,alternative_to_eef_xyz,mean_r2,0.8042545914649963
paired,action_boundary,17,valid,regression,target_to_basket_xyz,mean_r2,0.7294279932975769
paired,action_boundary,17,valid,regression,eef_target_distance,mean_r2,0.6588764190673828
paired,action_boundary,17,valid,regression,eef_alternative_distance,mean_r2,0.6863667964935303
paired,action_boundary,17,valid,regression,target_basket_distance,mean_r2,0.8195710778236389
paired,action_boundary,17,valid,regression,target_displacement_xyz,mean_r2,0.6311478018760681
paired,action_boundary,17,valid,regression,target_speed_per_action_step,mean_r2,0.6988850831985474
paired,action_boundary,17,valid,regression,normalized_action_progress,mean_r2,0.6908368468284607
paired,action_boundary,17,valid,binary,target_grasped,auc,0.9893127705627706
paired,action_boundary,17,valid,binary,target_moved,auc,0.9878013639419845
paired,action_boundary,17,valid,binary,target_lifted,auc,0.9928540680154972
paired,action_boundary,17,valid,binary,near_target,auc,0.9940594957373481
paired,action_boundary,17,valid,binary,near_basket,auc,0.9563953488372093
paired,action_boundary,17,valid,phase,phase_coarse,macro_f1,0.9361310428713377
paired,action_boundary,17,test,regression,object_a_xyz,mean_r2,0.8910734057426453
paired,action_boundary,17,test,regression,object_b_xyz,mean_r2,0.8737979531288147
paired,action_boundary,17,test,regression,target_xyz,mean_r2,0.8191599249839783
paired,action_boundary,17,test,regression,alternative_xyz,mean_r2,0.7956018447875977
paired,action_boundary,17,test,regression,eef_xyz,mean_r2,0.9092186093330383
paired,action_boundary,17,test,regression,robot_joint_pos,mean_r2,0.9009299278259277
paired,action_boundary,17,test,regression,gripper_width,mean_r2,0.856397807598114
paired,action_boundary,17,test,regression,target_to_eef_xyz,mean_r2,0.816776692867279
paired,action_boundary,17,test,regression,alternative_to_eef_xyz,mean_r2,0.7971647381782532
paired,action_boundary,17,test,regression,target_to_basket_xyz,mean_r2,0.8036292195320129
paired,action_boundary,17,test,regression,eef_target_distance,mean_r2,0.7506271004676819
paired,action_boundary,17,test,regression,eef_alternative_distance,mean_r2,0.7301880717277527
paired,action_boundary,17,test,regression,target_basket_distance,mean_r2,0.8882461786270142
paired,action_boundary,17,test,regression,target_displacement_xyz,mean_r2,0.7881796360015869
paired,action_boundary,17,test,regression,target_speed_per_action_step,mean_r2,0.581830620765686
paired,action_boundary,17,test,regression,normalized_action_progress,mean_r2,0.721595823764801
paired,action_boundary,17,test,binary,target_grasped,auc,0.9719333936106088
paired,action_boundary,17,test,binary,target_moved,auc,0.991538021726701
paired,action_boundary,17,test,binary,target_lifted,auc,0.9888415131996734
paired,action_boundary,17,test,binary,near_target,auc,0.9818166790643855
paired,action_boundary,17,test,binary,near_basket,auc,0.9941390840440321
paired,action_boundary,17,test,phase,phase_coarse,macro_f1,0.8801666555011476
paired,action_boundary,18,valid,regression,object_a_xyz,mean_r2,0.8209869861602783
paired,action_boundary,18,valid,regression,object_b_xyz,mean_r2,0.8541982769966125
paired,action_boundary,18,valid,regression,target_xyz,mean_r2,0.7503640651702881
paired,action_boundary,18,valid,regression,alternative_xyz,mean_r2,0.7402873635292053
paired,action_boundary,18,valid,regression,eef_xyz,mean_r2,0.9168149828910828
paired,action_boundary,18,valid,regression,robot_joint_pos,mean_r2,0.9088134169578552
paired,action_boundary,18,valid,regression,gripper_width,mean_r2,0.7370023727416992
paired,action_boundary,18,valid,regression,target_to_eef_xyz,mean_r2,0.8051683306694031
paired,action_boundary,18,valid,regression,alternative_to_eef_xyz,mean_r2,0.7662012577056885
paired,action_boundary,18,valid,regression,target_to_basket_xyz,mean_r2,0.7442209124565125
paired,action_boundary,18,valid,regression,eef_target_distance,mean_r2,0.6469331979751587
paired,action_boundary,18,valid,regression,eef_alternative_distance,mean_r2,0.7066093683242798
paired,action_boundary,18,valid,regression,target_basket_distance,mean_r2,0.7959622144699097
paired,action_boundary,18,valid,regression,target_displacement_xyz,mean_r2,0.6683833003044128
paired,action_boundary,18,valid,regression,target_speed_per_action_step,mean_r2,0.670659065246582
paired,action_boundary,18,valid,regression,normalized_action_progress,mean_r2,0.6344443559646606
paired,action_boundary,18,valid,binary,target_grasped,auc,0.9835227272727273
paired,action_boundary,18,valid,binary,target_moved,auc,0.9756027278839688
paired,action_boundary,18,valid,binary,target_lifted,auc,0.9881762089252404
paired,action_boundary,18,valid,binary,near_target,auc,0.9890259386903683
paired,action_boundary,18,valid,binary,near_basket,auc,0.9806686046511628
paired,action_boundary,18,valid,phase,phase_coarse,macro_f1,0.9097619198477451
paired,action_boundary,18,test,regression,object_a_xyz,mean_r2,0.8894462585449219
paired,action_boundary,18,test,regression,object_b_xyz,mean_r2,0.8620026707649231
paired,action_boundary,18,test,regression,target_xyz,mean_r2,0.7898474335670471
paired,action_boundary,18,test,regression,alternative_xyz,mean_r2,0.798291027545929
paired,action_boundary,18,test,regression,eef_xyz,mean_r2,0.9006462097167969
paired,action_boundary,18,test,regression,robot_joint_pos,mean_r2,0.8781397938728333
paired,action_boundary,18,test,regression,gripper_width,mean_r2,0.8134509325027466
paired,action_boundary,18,test,regression,target_to_eef_xyz,mean_r2,0.7910449504852295
paired,action_boundary,18,test,regression,alternative_to_eef_xyz,mean_r2,0.7790425419807434
paired,action_boundary,18,test,regression,target_to_basket_xyz,mean_r2,0.7907082438468933
paired,action_boundary,18,test,regression,eef_target_distance,mean_r2,0.6295648813247681
paired,action_boundary,18,test,regression,eef_alternative_distance,mean_r2,0.7016037702560425
paired,action_boundary,18,test,regression,target_basket_distance,mean_r2,0.8527616858482361
paired,action_boundary,18,test,regression,target_displacement_xyz,mean_r2,0.7580563426017761
paired,action_boundary,18,test,regression,target_speed_per_action_step,mean_r2,0.5951943397521973
paired,action_boundary,18,test,regression,normalized_action_progress,mean_r2,0.751858651638031
paired,action_boundary,18,test,binary,target_grasped,auc,0.966885171790235
paired,action_boundary,18,test,binary,target_moved,auc,0.9859777015437393
paired,action_boundary,18,test,binary,target_lifted,auc,0.9893469498840087
paired,action_boundary,18,test,binary,near_target,auc,0.9839759484254897
paired,action_boundary,18,test,binary,near_basket,auc,0.9960551527219447
paired,action_boundary,18,test,phase,phase_coarse,macro_f1,0.8579160285074368
paired,action_boundary,19,valid,regression,object_a_xyz,mean_r2,0.8007170557975769
paired,action_boundary,19,valid,regression,object_b_xyz,mean_r2,0.7920249104499817
paired,action_boundary,19,valid,regression,target_xyz,mean_r2,0.7264792323112488
paired,action_boundary,19,valid,regression,alternative_xyz,mean_r2,0.7617273330688477
paired,action_boundary,19,valid,regression,eef_xyz,mean_r2,0.9116886258125305
paired,action_boundary,19,valid,regression,robot_joint_pos,mean_r2,0.9073116183280945
paired,action_boundary,19,valid,regression,gripper_width,mean_r2,0.7163939476013184
paired,action_boundary,19,valid,regression,target_to_eef_xyz,mean_r2,0.7779753804206848
paired,action_boundary,19,valid,regression,alternative_to_eef_xyz,mean_r2,0.7783533930778503
paired,action_boundary,19,valid,regression,target_to_basket_xyz,mean_r2,0.7373807430267334
paired,action_boundary,19,valid,regression,eef_target_distance,mean_r2,0.6604726314544678
paired,action_boundary,19,valid,regression,eef_alternative_distance,mean_r2,0.6815323829650879
paired,action_boundary,19,valid,regression,target_basket_distance,mean_r2,0.7810904383659363
paired,action_boundary,19,valid,regression,target_displacement_xyz,mean_r2,0.6327791810035706
paired,action_boundary,19,valid,regression,target_speed_per_action_step,mean_r2,0.7070964574813843
paired,action_boundary,19,valid,regression,normalized_action_progress,mean_r2,0.7087756991386414
paired,action_boundary,19,valid,binary,target_grasped,auc,0.9784902597402597
paired,action_boundary,19,valid,binary,target_moved,auc,0.979540870233407
paired,action_boundary,19,valid,binary,target_lifted,auc,0.988836274931841
paired,action_boundary,19,valid,binary,near_target,auc,0.989842191184473
paired,action_boundary,19,valid,binary,near_basket,auc,0.9869186046511628
paired,action_boundary,19,valid,phase,phase_coarse,macro_f1,0.9058343821332996
paired,action_boundary,19,test,regression,object_a_xyz,mean_r2,0.8879593014717102
paired,action_boundary,19,test,regression,object_b_xyz,mean_r2,0.8577759265899658
paired,action_boundary,19,test,regression,target_xyz,mean_r2,0.7638499140739441
paired,action_boundary,19,test,regression,alternative_xyz,mean_r2,0.7885059714317322
paired,action_boundary,19,test,regression,eef_xyz,mean_r2,0.8997103571891785
paired,action_boundary,19,test,regression,robot_joint_pos,mean_r2,0.8886948823928833
paired,action_boundary,19,test,regression,gripper_width,mean_r2,0.823378324508667
paired,action_boundary,19,test,regression,target_to_eef_xyz,mean_r2,0.7681617736816406
paired,action_boundary,19,test,regression,alternative_to_eef_xyz,mean_r2,0.7751358151435852
paired,action_boundary,19,test,regression,target_to_basket_xyz,mean_r2,0.7502453923225403
paired,action_boundary,19,test,regression,eef_target_distance,mean_r2,0.6519131064414978
paired,action_boundary,19,test,regression,eef_alternative_distance,mean_r2,0.7114801406860352
paired,action_boundary,19,test,regression,target_basket_distance,mean_r2,0.8123688697814941
paired,action_boundary,19,test,regression,target_displacement_xyz,mean_r2,0.7341572642326355
paired,action_boundary,19,test,regression,target_speed_per_action_step,mean_r2,0.5437126159667969
paired,action_boundary,19,test,regression,normalized_action_progress,mean_r2,0.7201443910598755
paired,action_boundary,19,test,binary,target_grasped,auc,0.9592249346996182
paired,action_boundary,19,test,binary,target_moved,auc,0.9805889079473985
paired,action_boundary,19,test,binary,target_lifted,auc,0.989567268438719
paired,action_boundary,19,test,binary,near_target,auc,0.9801016612943219
paired,action_boundary,19,test,binary,near_basket,auc,0.9962430025923282
paired,action_boundary,19,test,phase,phase_coarse,macro_f1,0.8452879512201547
paired,action_boundary,20,valid,regression,object_a_xyz,mean_r2,0.7797301411628723
paired,action_boundary,20,valid,regression,object_b_xyz,mean_r2,0.8311724066734314
paired,action_boundary,20,valid,regression,target_xyz,mean_r2,0.7206541895866394
paired,action_boundary,20,valid,regression,alternative_xyz,mean_r2,0.7326212525367737
paired,action_boundary,20,valid,regression,eef_xyz,mean_r2,0.899456262588501
paired,action_boundary,20,valid,regression,robot_joint_pos,mean_r2,0.8869037628173828
paired,action_boundary,20,valid,regression,gripper_width,mean_r2,0.6270992159843445
paired,action_boundary,20,valid,regression,target_to_eef_xyz,mean_r2,0.7619689106941223
paired,action_boundary,20,valid,regression,alternative_to_eef_xyz,mean_r2,0.7428433299064636
paired,action_boundary,20,valid,regression,target_to_basket_xyz,mean_r2,0.7234854698181152
paired,action_boundary,20,valid,regression,eef_target_distance,mean_r2,0.5902387499809265
paired,action_boundary,20,valid,regression,eef_alternative_distance,mean_r2,0.6318588256835938
paired,action_boundary,20,valid,regression,target_basket_distance,mean_r2,0.8070544004440308
paired,action_boundary,20,valid,regression,target_displacement_xyz,mean_r2,0.6248690485954285
paired,action_boundary,20,valid,regression,target_speed_per_action_step,mean_r2,0.6436281204223633
paired,action_boundary,20,valid,regression,normalized_action_progress,mean_r2,0.6381319761276245
paired,action_boundary,20,valid,binary,target_grasped,auc,0.970319264069264
paired,action_boundary,20,valid,binary,target_moved,auc,0.9784842954567284
paired,action_boundary,20,valid,binary,target_lifted,auc,0.9802267183240063
paired,action_boundary,20,valid,binary,near_target,auc,0.9838109922002539
paired,action_boundary,20,valid,binary,near_basket,auc,0.9886627906976744
paired,action_boundary,20,valid,phase,phase_coarse,macro_f1,0.904006734006734
paired,action_boundary,20,test,regression,object_a_xyz,mean_r2,0.866725742816925
paired,action_boundary,20,test,regression,object_b_xyz,mean_r2,0.8690029978752136
paired,action_boundary,20,test,regression,target_xyz,mean_r2,0.764426052570343
paired,action_boundary,20,test,regression,alternative_xyz,mean_r2,0.7518477439880371
paired,action_boundary,20,test,regression,eef_xyz,mean_r2,0.8919529914855957
paired,action_boundary,20,test,regression,robot_joint_pos,mean_r2,0.8698724508285522
paired,action_boundary,20,test,regression,gripper_width,mean_r2,0.8191378116607666
paired,action_boundary,20,test,regression,target_to_eef_xyz,mean_r2,0.7612832188606262
paired,action_boundary,20,test,regression,alternative_to_eef_xyz,mean_r2,0.729651927947998
paired,action_boundary,20,test,regression,target_to_basket_xyz,mean_r2,0.7496517300605774
paired,action_boundary,20,test,regression,eef_target_distance,mean_r2,0.5930610299110413
paired,action_boundary,20,test,regression,eef_alternative_distance,mean_r2,0.6704701781272888
paired,action_boundary,20,test,regression,target_basket_distance,mean_r2,0.837222158908844
paired,action_boundary,20,test,regression,target_displacement_xyz,mean_r2,0.7329825758934021
paired,action_boundary,20,test,regression,target_speed_per_action_step,mean_r2,0.5165771245956421
paired,action_boundary,20,test,regression,normalized_action_progress,mean_r2,0.7060385942459106
paired,action_boundary,20,test,binary,target_grasped,auc,0.9594133011854531
paired,action_boundary,20,test,binary,target_moved,auc,0.9815751858204689
paired,action_boundary,20,test,binary,target_lifted,auc,0.9861328909682352
paired,action_boundary,20,test,binary,near_target,auc,0.9837693197784941
paired,action_boundary,20,test,binary,near_basket,auc,0.9939512341736484
paired,action_boundary,20,test,phase,phase_coarse,macro_f1,0.8598104207930798
paired,action_boundary,21,valid,regression,object_a_xyz,mean_r2,0.751066267490387
paired,action_boundary,21,valid,regression,object_b_xyz,mean_r2,0.817514955997467
paired,action_boundary,21,valid,regression,target_xyz,mean_r2,0.6951026320457458
paired,action_boundary,21,valid,regression,alternative_xyz,mean_r2,0.7120299339294434
paired,action_boundary,21,valid,regression,eef_xyz,mean_r2,0.9003722071647644
paired,action_boundary,21,valid,regression,robot_joint_pos,mean_r2,0.8792572021484375
paired,action_boundary,21,valid,regression,gripper_width,mean_r2,0.6992902755737305
paired,action_boundary,21,valid,regression,target_to_eef_xyz,mean_r2,0.7653214335441589
paired,action_boundary,21,valid,regression,alternative_to_eef_xyz,mean_r2,0.7721311450004578
paired,action_boundary,21,valid,regression,target_to_basket_xyz,mean_r2,0.6962407231330872
paired,action_boundary,21,valid,regression,eef_target_distance,mean_r2,0.6029642820358276
paired,action_boundary,21,valid,regression,eef_alternative_distance,mean_r2,0.6304680109024048
paired,action_boundary,21,valid,regression,target_basket_distance,mean_r2,0.7464501857757568
paired,action_boundary,21,valid,regression,target_displacement_xyz,mean_r2,0.5803374648094177
paired,action_boundary,21,valid,regression,target_speed_per_action_step,mean_r2,0.6469495296478271
paired,action_boundary,21,valid,regression,normalized_action_progress,mean_r2,0.6529369354248047
paired,action_boundary,21,valid,binary,target_grasped,auc,0.9655303030303031
paired,action_boundary,21,valid,binary,target_moved,auc,0.9610988377677456
paired,action_boundary,21,valid,binary,target_lifted,auc,0.9778160424738126
paired,action_boundary,21,valid,binary,near_target,auc,0.9819744240885181
paired,action_boundary,21,valid,binary,near_basket,auc,0.9864825581395349
paired,action_boundary,21,valid,phase,phase_coarse,macro_f1,0.8983664558201222
paired,action_boundary,21,test,regression,object_a_xyz,mean_r2,0.8535084128379822
paired,action_boundary,21,test,regression,object_b_xyz,mean_r2,0.8478075861930847
paired,action_boundary,21,test,regression,target_xyz,mean_r2,0.7331903576850891
paired,action_boundary,21,test,regression,alternative_xyz,mean_r2,0.7468650937080383
paired,action_boundary,21,test,regression,eef_xyz,mean_r2,0.8849433064460754
paired,action_boundary,21,test,regression,robot_joint_pos,mean_r2,0.8568029403686523
paired,action_boundary,21,test,regression,gripper_width,mean_r2,0.8135757446289062
paired,action_boundary,21,test,regression,target_to_eef_xyz,mean_r2,0.752211332321167
paired,action_boundary,21,test,regression,alternative_to_eef_xyz,mean_r2,0.7119949460029602
paired,action_boundary,21,test,regression,target_to_basket_xyz,mean_r2,0.7373361587524414
paired,action_boundary,21,test,regression,eef_target_distance,mean_r2,0.6024456024169922
paired,action_boundary,21,test,regression,eef_alternative_distance,mean_r2,0.6000553369522095
paired,action_boundary,21,test,regression,target_basket_distance,mean_r2,0.8339194655418396
paired,action_boundary,21,test,regression,target_displacement_xyz,mean_r2,0.6722884178161621
paired,action_boundary,21,test,regression,target_speed_per_action_step,mean_r2,0.48491156101226807
paired,action_boundary,21,test,regression,normalized_action_progress,mean_r2,0.6720036268234253
paired,action_boundary,21,test,binary,target_grasped,auc,0.9555203938115331
paired,action_boundary,21,test,binary,target_moved,auc,0.9811892510005717
paired,action_boundary,21,test,binary,target_lifted,auc,0.9844351421054678
paired,action_boundary,21,test,binary,near_target,auc,0.9764030085131002
paired,action_boundary,21,test,binary,near_basket,auc,0.9933501145884209
paired,action_boundary,21,test,phase,phase_coarse,macro_f1,0.8436982474559723
paired,action_boundary,22,valid,regression,object_a_xyz,mean_r2,0.7699760794639587
paired,action_boundary,22,valid,regression,object_b_xyz,mean_r2,0.7815962433815002
paired,action_boundary,22,valid,regression,target_xyz,mean_r2,0.6778833270072937
paired,action_boundary,22,valid,regression,alternative_xyz,mean_r2,0.6964368224143982
paired,action_boundary,22,valid,regression,eef_xyz,mean_r2,0.8772963881492615
paired,action_boundary,22,valid,regression,robot_joint_pos,mean_r2,0.8552492260932922
paired,action_boundary,22,valid,regression,gripper_width,mean_r2,0.6623908281326294
paired,action_boundary,22,valid,regression,target_to_eef_xyz,mean_r2,0.7421995997428894
paired,action_boundary,22,valid,regression,alternative_to_eef_xyz,mean_r2,0.721047580242157
paired,action_boundary,22,valid,regression,target_to_basket_xyz,mean_r2,0.683245837688446
paired,action_boundary,22,valid,regression,eef_target_distance,mean_r2,0.6214910745620728
paired,action_boundary,22,valid,regression,eef_alternative_distance,mean_r2,0.6492751836776733
paired,action_boundary,22,valid,regression,target_basket_distance,mean_r2,0.7112920880317688
paired,action_boundary,22,valid,regression,target_displacement_xyz,mean_r2,0.5822860598564148
paired,action_boundary,22,valid,regression,target_speed_per_action_step,mean_r2,0.6368962526321411
paired,action_boundary,22,valid,regression,normalized_action_progress,mean_r2,0.6676019430160522
paired,action_boundary,22,valid,binary,target_grasped,auc,0.9630411255411255
paired,action_boundary,22,valid,binary,target_moved,auc,0.9731373867383857
paired,action_boundary,22,valid,binary,target_lifted,auc,0.9791935715310661
paired,action_boundary,22,valid,binary,near_target,auc,0.985171413023762
paired,action_boundary,22,valid,binary,near_basket,auc,0.9928779069767442
paired,action_boundary,22,valid,phase,phase_coarse,macro_f1,0.8767702342854286
paired,action_boundary,22,test,regression,object_a_xyz,mean_r2,0.8398539423942566
paired,action_boundary,22,test,regression,object_b_xyz,mean_r2,0.824423611164093
paired,action_boundary,22,test,regression,target_xyz,mean_r2,0.714160144329071
paired,action_boundary,22,test,regression,alternative_xyz,mean_r2,0.7152088284492493
paired,action_boundary,22,test,regression,eef_xyz,mean_r2,0.8479626774787903
paired,action_boundary,22,test,regression,robot_joint_pos,mean_r2,0.8442612886428833
paired,action_boundary,22,test,regression,gripper_width,mean_r2,0.8572246432304382
paired,action_boundary,22,test,regression,target_to_eef_xyz,mean_r2,0.7493570446968079
paired,action_boundary,22,test,regression,alternative_to_eef_xyz,mean_r2,0.6813063621520996
paired,action_boundary,22,test,regression,target_to_basket_xyz,mean_r2,0.7292906641960144
paired,action_boundary,22,test,regression,eef_target_distance,mean_r2,0.6309792995452881
paired,action_boundary,22,test,regression,eef_alternative_distance,mean_r2,0.6365225315093994
paired,action_boundary,22,test,regression,target_basket_distance,mean_r2,0.7915645837783813
paired,action_boundary,22,test,regression,target_displacement_xyz,mean_r2,0.6739582419395447
paired,action_boundary,22,test,regression,target_speed_per_action_step,mean_r2,0.508906900882721
paired,action_boundary,22,test,regression,normalized_action_progress,mean_r2,0.7076415419578552
paired,action_boundary,22,test,binary,target_grasped,auc,0.9562738597548724
paired,action_boundary,22,test,binary,target_moved,auc,0.9757004002287021
paired,action_boundary,22,test,binary,target_lifted,auc,0.9778385453791423
paired,action_boundary,22,test,binary,near_target,auc,0.976795602942392
paired,action_boundary,22,test,binary,near_basket,auc,0.9861366795656911
paired,action_boundary,22,test,phase,phase_coarse,macro_f1,0.8437505694086932
paired,action_boundary,23,valid,regression,object_a_xyz,mean_r2,0.7351458668708801
paired,action_boundary,23,valid,regression,object_b_xyz,mean_r2,0.7586765289306641
paired,action_boundary,23,valid,regression,target_xyz,mean_r2,0.6304029822349548
paired,action_boundary,23,valid,regression,alternative_xyz,mean_r2,0.6806302070617676
paired,action_boundary,23,valid,regression,eef_xyz,mean_r2,0.8404650688171387
paired,action_boundary,23,valid,regression,robot_joint_pos,mean_r2,0.8409714102745056
paired,action_boundary,23,valid,regression,gripper_width,mean_r2,0.6638892889022827
paired,action_boundary,23,valid,regression,target_to_eef_xyz,mean_r2,0.6908664703369141
paired,action_boundary,23,valid,regression,alternative_to_eef_xyz,mean_r2,0.7256603240966797
paired,action_boundary,23,valid,regression,target_to_basket_xyz,mean_r2,0.6671267151832581
paired,action_boundary,23,valid,regression,eef_target_distance,mean_r2,0.5841652154922485
paired,action_boundary,23,valid,regression,eef_alternative_distance,mean_r2,0.5650702714920044
paired,action_boundary,23,valid,regression,target_basket_distance,mean_r2,0.7837890982627869
paired,action_boundary,23,valid,regression,target_displacement_xyz,mean_r2,0.5753530859947205
paired,action_boundary,23,valid,regression,target_speed_per_action_step,mean_r2,0.657821536064148
paired,action_boundary,23,valid,regression,normalized_action_progress,mean_r2,0.6539688110351562
paired,action_boundary,23,valid,binary,target_grasped,auc,0.9784090909090909
paired,action_boundary,23,valid,binary,target_moved,auc,0.977139563922774
paired,action_boundary,23,valid,binary,target_lifted,auc,0.9920792079207921
paired,action_boundary,23,valid,binary,near_target,auc,0.9853754761472883
paired,action_boundary,23,valid,binary,near_basket,auc,0.9946220930232558
paired,action_boundary,23,valid,phase,phase_coarse,macro_f1,0.8795082387441426
paired,action_boundary,23,test,regression,object_a_xyz,mean_r2,0.8150584101676941
paired,action_boundary,23,test,regression,object_b_xyz,mean_r2,0.823932945728302
paired,action_boundary,23,test,regression,target_xyz,mean_r2,0.682955801486969
paired,action_boundary,23,test,regression,alternative_xyz,mean_r2,0.7266173958778381
paired,action_boundary,23,test,regression,eef_xyz,mean_r2,0.8416598439216614
paired,action_boundary,23,test,regression,robot_joint_pos,mean_r2,0.8267602324485779
paired,action_boundary,23,test,regression,gripper_width,mean_r2,0.7878855466842651
paired,action_boundary,23,test,regression,target_to_eef_xyz,mean_r2,0.7356680035591125
paired,action_boundary,23,test,regression,alternative_to_eef_xyz,mean_r2,0.6527695655822754
paired,action_boundary,23,test,regression,target_to_basket_xyz,mean_r2,0.6909210085868835
paired,action_boundary,23,test,regression,eef_target_distance,mean_r2,0.5737947225570679
paired,action_boundary,23,test,regression,eef_alternative_distance,mean_r2,0.6065891981124878
paired,action_boundary,23,test,regression,target_basket_distance,mean_r2,0.7773221731185913
paired,action_boundary,23,test,regression,target_displacement_xyz,mean_r2,0.6536452770233154
paired,action_boundary,23,test,regression,target_speed_per_action_step,mean_r2,0.5429955720901489
paired,action_boundary,23,test,regression,normalized_action_progress,mean_r2,0.624946653842926
paired,action_boundary,23,test,binary,target_grasped,auc,0.970225537472373
paired,action_boundary,23,test,binary,target_moved,auc,0.9788021726700972
paired,action_boundary,23,test,binary,target_lifted,auc,0.9802490895659725
paired,action_boundary,23,test,binary,near_target,auc,0.977405157451029
paired,action_boundary,23,test,binary,near_basket,auc,0.9933876845624976
paired,action_boundary,23,test,phase,phase_coarse,macro_f1,0.8455331480663689
paired,action_boundary,24,valid,regression,object_a_xyz,mean_r2,0.7460713982582092
paired,action_boundary,24,valid,regression,object_b_xyz,mean_r2,0.7856736183166504
paired,action_boundary,24,valid,regression,target_xyz,mean_r2,0.5968492031097412
paired,action_boundary,24,valid,regression,alternative_xyz,mean_r2,0.64505535364151
paired,action_boundary,24,valid,regression,eef_xyz,mean_r2,0.858326256275177
paired,action_boundary,24,valid,regression,robot_joint_pos,mean_r2,0.8461395502090454
paired,action_boundary,24,valid,regression,gripper_width,mean_r2,0.6886059045791626
paired,action_boundary,24,valid,regression,target_to_eef_xyz,mean_r2,0.6806923747062683
paired,action_boundary,24,valid,regression,alternative_to_eef_xyz,mean_r2,0.6496409773826599
paired,action_boundary,24,valid,regression,target_to_basket_xyz,mean_r2,0.6187520027160645
paired,action_boundary,24,valid,regression,eef_target_distance,mean_r2,0.49849414825439453
paired,action_boundary,24,valid,regression,eef_alternative_distance,mean_r2,0.5776810646057129
paired,action_boundary,24,valid,regression,target_basket_distance,mean_r2,0.7155478596687317
paired,action_boundary,24,valid,regression,target_displacement_xyz,mean_r2,0.4768926799297333
paired,action_boundary,24,valid,regression,target_speed_per_action_step,mean_r2,0.5222176313400269
paired,action_boundary,24,valid,regression,normalized_action_progress,mean_r2,0.6187844276428223
paired,action_boundary,24,valid,binary,target_grasped,auc,0.9681547619047619
paired,action_boundary,24,valid,binary,target_moved,auc,0.9612909422725963
paired,action_boundary,24,valid,binary,target_lifted,auc,0.981145071028842
paired,action_boundary,24,valid,binary,near_target,auc,0.983244150190459
paired,action_boundary,24,valid,binary,near_basket,auc,0.9953488372093023
paired,action_boundary,24,valid,phase,phase_coarse,macro_f1,0.916956092335519
paired,action_boundary,24,test,regression,object_a_xyz,mean_r2,0.8501493334770203
paired,action_boundary,24,test,regression,object_b_xyz,mean_r2,0.8164005279541016
paired,action_boundary,24,test,regression,target_xyz,mean_r2,0.6824000477790833
paired,action_boundary,24,test,regression,alternative_xyz,mean_r2,0.688753604888916
paired,action_boundary,24,test,regression,eef_xyz,mean_r2,0.8595151901245117
paired,action_boundary,24,test,regression,robot_joint_pos,mean_r2,0.8364377617835999
paired,action_boundary,24,test,regression,gripper_width,mean_r2,0.7669124007225037
paired,action_boundary,24,test,regression,target_to_eef_xyz,mean_r2,0.7272932529449463
paired,action_boundary,24,test,regression,alternative_to_eef_xyz,mean_r2,0.6854812502861023
paired,action_boundary,24,test,regression,target_to_basket_xyz,mean_r2,0.7068834900856018
paired,action_boundary,24,test,regression,eef_target_distance,mean_r2,0.5872832536697388
paired,action_boundary,24,test,regression,eef_alternative_distance,mean_r2,0.5701689720153809
paired,action_boundary,24,test,regression,target_basket_distance,mean_r2,0.7458828687667847
paired,action_boundary,24,test,regression,target_displacement_xyz,mean_r2,0.673927366733551
paired,action_boundary,24,test,regression,target_speed_per_action_step,mean_r2,0.45530563592910767
paired,action_boundary,24,test,regression,normalized_action_progress,mean_r2,0.7103873491287231
paired,action_boundary,24,test,binary,target_grasped,auc,0.9618243922041391
paired,action_boundary,24,test,binary,target_moved,auc,0.9837478559176672
paired,action_boundary,24,test,binary,target_lifted,auc,0.9764647943909488
paired,action_boundary,24,test,binary,near_target,auc,0.9801429870237209
paired,action_boundary,24,test,binary,near_basket,auc,0.9918097456512756
paired,action_boundary,24,test,phase,phase_coarse,macro_f1,0.8309989052779873
paired,action_boundary,25,valid,regression,object_a_xyz,mean_r2,0.7260062098503113
paired,action_boundary,25,valid,regression,object_b_xyz,mean_r2,0.7353337407112122
paired,action_boundary,25,valid,regression,target_xyz,mean_r2,0.6278102397918701
paired,action_boundary,25,valid,regression,alternative_xyz,mean_r2,0.6497196555137634
paired,action_boundary,25,valid,regression,eef_xyz,mean_r2,0.8398705124855042
paired,action_boundary,25,valid,regression,robot_joint_pos,mean_r2,0.8436363935470581
paired,action_boundary,25,valid,regression,gripper_width,mean_r2,0.6874234676361084
paired,action_boundary,25,valid,regression,target_to_eef_xyz,mean_r2,0.6908769607543945
paired,action_boundary,25,valid,regression,alternative_to_eef_xyz,mean_r2,0.6903352737426758
paired,action_boundary,25,valid,regression,target_to_basket_xyz,mean_r2,0.6331467628479004
paired,action_boundary,25,valid,regression,eef_target_distance,mean_r2,0.558698296546936
paired,action_boundary,25,valid,regression,eef_alternative_distance,mean_r2,0.6039119958877563
paired,action_boundary,25,valid,regression,target_basket_distance,mean_r2,0.6777633428573608
paired,action_boundary,25,valid,regression,target_displacement_xyz,mean_r2,0.5045741200447083
paired,action_boundary,25,valid,regression,target_speed_per_action_step,mean_r2,0.5774842500686646
paired,action_boundary,25,valid,regression,normalized_action_progress,mean_r2,0.6065320372581482
paired,action_boundary,25,valid,binary,target_grasped,auc,0.9784632034632035
paired,action_boundary,25,valid,binary,target_moved,auc,0.9742900137674895
paired,action_boundary,25,valid,binary,target_lifted,auc,0.991333046348113
paired,action_boundary,25,valid,binary,near_target,auc,0.985511518229639
paired,action_boundary,25,valid,binary,near_basket,auc,0.9936046511627907
paired,action_boundary,25,valid,phase,phase_coarse,macro_f1,0.9143249850099164
paired,action_boundary,25,test,regression,object_a_xyz,mean_r2,0.8269996047019958
paired,action_boundary,25,test,regression,object_b_xyz,mean_r2,0.8076452612876892
paired,action_boundary,25,test,regression,target_xyz,mean_r2,0.6672303676605225
paired,action_boundary,25,test,regression,alternative_xyz,mean_r2,0.7119753956794739
paired,action_boundary,25,test,regression,eef_xyz,mean_r2,0.839021623134613
paired,action_boundary,25,test,regression,robot_joint_pos,mean_r2,0.832578182220459
paired,action_boundary,25,test,regression,gripper_width,mean_r2,0.8120636940002441
paired,action_boundary,25,test,regression,target_to_eef_xyz,mean_r2,0.7042743563652039
paired,action_boundary,25,test,regression,alternative_to_eef_xyz,mean_r2,0.6294176578521729
paired,action_boundary,25,test,regression,target_to_basket_xyz,mean_r2,0.6844320893287659
paired,action_boundary,25,test,regression,eef_target_distance,mean_r2,0.6077429056167603
paired,action_boundary,25,test,regression,eef_alternative_distance,mean_r2,0.5673046112060547
paired,action_boundary,25,test,regression,target_basket_distance,mean_r2,0.7715284824371338
paired,action_boundary,25,test,regression,target_displacement_xyz,mean_r2,0.653160572052002
paired,action_boundary,25,test,regression,target_speed_per_action_step,mean_r2,0.4875582456588745
paired,action_boundary,25,test,regression,normalized_action_progress,mean_r2,0.6891940832138062
paired,action_boundary,25,test,binary,target_grasped,auc,0.9558468957203134
paired,action_boundary,25,test,binary,target_moved,auc,0.9793596340766152
paired,action_boundary,25,test,binary,target_lifted,auc,0.9771257500550796
paired,action_boundary,25,test,binary,near_target,auc,0.9747086536077362
paired,action_boundary,25,test,binary,near_basket,auc,0.992147875417966
paired,action_boundary,25,test,phase,phase_coarse,macro_f1,0.8487581935140369
paired,action_boundary,26,valid,regression,object_a_xyz,mean_r2,0.7140528559684753
paired,action_boundary,26,valid,regression,object_b_xyz,mean_r2,0.7390845417976379
paired,action_boundary,26,valid,regression,target_xyz,mean_r2,0.6270303130149841
paired,action_boundary,26,valid,regression,alternative_xyz,mean_r2,0.6382799744606018
paired,action_boundary,26,valid,regression,eef_xyz,mean_r2,0.8582916855812073
paired,action_boundary,26,valid,regression,robot_joint_pos,mean_r2,0.8293997645378113
paired,action_boundary,26,valid,regression,gripper_width,mean_r2,0.6353399753570557
paired,action_boundary,26,valid,regression,target_to_eef_xyz,mean_r2,0.6681540608406067
paired,action_boundary,26,valid,regression,alternative_to_eef_xyz,mean_r2,0.6771382689476013
paired,action_boundary,26,valid,regression,target_to_basket_xyz,mean_r2,0.6273991465568542
paired,action_boundary,26,valid,regression,eef_target_distance,mean_r2,0.49468719959259033
paired,action_boundary,26,valid,regression,eef_alternative_distance,mean_r2,0.6059972047805786
paired,action_boundary,26,valid,regression,target_basket_distance,mean_r2,0.6235718727111816
paired,action_boundary,26,valid,regression,target_displacement_xyz,mean_r2,0.5217299461364746
paired,action_boundary,26,valid,regression,target_speed_per_action_step,mean_r2,0.516121506690979
paired,action_boundary,26,valid,regression,normalized_action_progress,mean_r2,0.6249448657035828
paired,action_boundary,26,valid,binary,target_grasped,auc,0.9788149350649351
paired,action_boundary,26,valid,binary,target_moved,auc,0.9645887362725323
paired,action_boundary,26,valid,binary,target_lifted,auc,0.9903859951212513
paired,action_boundary,26,valid,binary,near_target,auc,0.9836749501179032
paired,action_boundary,26,valid,binary,near_basket,auc,0.9960755813953488
paired,action_boundary,26,valid,phase,phase_coarse,macro_f1,0.9023831427367623
paired,action_boundary,26,test,regression,object_a_xyz,mean_r2,0.8054668307304382
paired,action_boundary,26,test,regression,object_b_xyz,mean_r2,0.799664318561554
paired,action_boundary,26,test,regression,target_xyz,mean_r2,0.6546091437339783
paired,action_boundary,26,test,regression,alternative_xyz,mean_r2,0.6727887988090515
paired,action_boundary,26,test,regression,eef_xyz,mean_r2,0.8379272818565369
paired,action_boundary,26,test,regression,robot_joint_pos,mean_r2,0.8220721483230591
paired,action_boundary,26,test,regression,gripper_width,mean_r2,0.7647252082824707
paired,action_boundary,26,test,regression,target_to_eef_xyz,mean_r2,0.688319206237793
paired,action_boundary,26,test,regression,alternative_to_eef_xyz,mean_r2,0.674380362033844
paired,action_boundary,26,test,regression,target_to_basket_xyz,mean_r2,0.6528599858283997
paired,action_boundary,26,test,regression,eef_target_distance,mean_r2,0.5965585708618164
paired,action_boundary,26,test,regression,eef_alternative_distance,mean_r2,0.5814130306243896
paired,action_boundary,26,test,regression,target_basket_distance,mean_r2,0.724949061870575
paired,action_boundary,26,test,regression,target_displacement_xyz,mean_r2,0.6236393451690674
paired,action_boundary,26,test,regression,target_speed_per_action_step,mean_r2,0.4646207094192505
paired,action_boundary,26,test,regression,normalized_action_progress,mean_r2,0.6029548645019531
paired,action_boundary,26,test,binary,target_grasped,auc,0.9526446654611211
paired,action_boundary,26,test,binary,target_moved,auc,0.9815894797026873
paired,action_boundary,26,test,binary,target_lifted,auc,0.9859514521584738
paired,action_boundary,26,test,binary,near_target,auc,0.9783969749566079
paired,action_boundary,26,test,binary,near_basket,auc,0.9876394785287598
paired,action_boundary,26,test,phase,phase_coarse,macro_f1,0.8484277588369403
paired,action_boundary,27,valid,regression,object_a_xyz,mean_r2,0.6966218948364258
paired,action_boundary,27,valid,regression,object_b_xyz,mean_r2,0.726902961730957
paired,action_boundary,27,valid,regression,target_xyz,mean_r2,0.60423344373703
paired,action_boundary,27,valid,regression,alternative_xyz,mean_r2,0.6232108473777771
paired,action_boundary,27,valid,regression,eef_xyz,mean_r2,0.8278637528419495
paired,action_boundary,27,valid,regression,robot_joint_pos,mean_r2,0.8274310827255249
paired,action_boundary,27,valid,regression,gripper_width,mean_r2,0.6096433401107788
paired,action_boundary,27,valid,regression,target_to_eef_xyz,mean_r2,0.652279257774353
paired,action_boundary,27,valid,regression,alternative_to_eef_xyz,mean_r2,0.659149706363678
paired,action_boundary,27,valid,regression,target_to_basket_xyz,mean_r2,0.6335466504096985
paired,action_boundary,27,valid,regression,eef_target_distance,mean_r2,0.5158993601799011
paired,action_boundary,27,valid,regression,eef_alternative_distance,mean_r2,0.5685685873031616
paired,action_boundary,27,valid,regression,target_basket_distance,mean_r2,0.6237578392028809
paired,action_boundary,27,valid,regression,target_displacement_xyz,mean_r2,0.48892998695373535
paired,action_boundary,27,valid,regression,target_speed_per_action_step,mean_r2,0.5356412529945374
paired,action_boundary,27,valid,regression,normalized_action_progress,mean_r2,0.5668549537658691
paired,action_boundary,27,valid,binary,target_grasped,auc,0.9758928571428571
paired,action_boundary,27,valid,binary,target_moved,auc,0.9756667627189191
paired,action_boundary,27,valid,binary,target_lifted,auc,0.989352848328311
paired,action_boundary,27,valid,binary,near_target,auc,0.9827226555414474
paired,action_boundary,27,valid,binary,near_basket,auc,0.9943313953488372
paired,action_boundary,27,valid,phase,phase_coarse,macro_f1,0.8955711854088425
paired,action_boundary,27,test,regression,object_a_xyz,mean_r2,0.7947196364402771
paired,action_boundary,27,test,regression,object_b_xyz,mean_r2,0.7884123921394348
paired,action_boundary,27,test,regression,target_xyz,mean_r2,0.648918092250824
paired,action_boundary,27,test,regression,alternative_xyz,mean_r2,0.6482535600662231
paired,action_boundary,27,test,regression,eef_xyz,mean_r2,0.802746057510376
paired,action_boundary,27,test,regression,robot_joint_pos,mean_r2,0.787743866443634
paired,action_boundary,27,test,regression,gripper_width,mean_r2,0.7530398368835449
paired,action_boundary,27,test,regression,target_to_eef_xyz,mean_r2,0.6356337666511536
paired,action_boundary,27,test,regression,alternative_to_eef_xyz,mean_r2,0.6589905619621277
paired,action_boundary,27,test,regression,target_to_basket_xyz,mean_r2,0.6443209648132324
paired,action_boundary,27,test,regression,eef_target_distance,mean_r2,0.5525774955749512
paired,action_boundary,27,test,regression,eef_alternative_distance,mean_r2,0.5209629535675049
paired,action_boundary,27,test,regression,target_basket_distance,mean_r2,0.7161535024642944
paired,action_boundary,27,test,regression,target_displacement_xyz,mean_r2,0.5852948427200317
paired,action_boundary,27,test,regression,target_speed_per_action_step,mean_r2,0.4297768473625183
paired,action_boundary,27,test,regression,normalized_action_progress,mean_r2,0.5853915214538574
paired,action_boundary,27,test,binary,target_grasped,auc,0.9563868796463734
paired,action_boundary,27,test,binary,target_moved,auc,0.9865494568324757
paired,action_boundary,27,test,binary,target_lifted,auc,0.9937403610632314
paired,action_boundary,27,test,binary,near_target,auc,0.976134391272006
paired,action_boundary,27,test,binary,near_basket,auc,0.9832437915617839
paired,action_boundary,27,test,phase,phase_coarse,macro_f1,0.8229449222013193
paired,action_boundary,28,valid,regression,object_a_xyz,mean_r2,0.6574935913085938
paired,action_boundary,28,valid,regression,object_b_xyz,mean_r2,0.7188544273376465
paired,action_boundary,28,valid,regression,target_xyz,mean_r2,0.6020087599754333
paired,action_boundary,28,valid,regression,alternative_xyz,mean_r2,0.6254034042358398
paired,action_boundary,28,valid,regression,eef_xyz,mean_r2,0.7993709444999695
paired,action_boundary,28,valid,regression,robot_joint_pos,mean_r2,0.7904456853866577
paired,action_boundary,28,valid,regression,gripper_width,mean_r2,0.582672119140625
paired,action_boundary,28,valid,regression,target_to_eef_xyz,mean_r2,0.6711046099662781
paired,action_boundary,28,valid,regression,alternative_to_eef_xyz,mean_r2,0.6488010883331299
paired,action_boundary,28,valid,regression,target_to_basket_xyz,mean_r2,0.5897645354270935
paired,action_boundary,28,valid,regression,eef_target_distance,mean_r2,0.521823525428772
paired,action_boundary,28,valid,regression,eef_alternative_distance,mean_r2,0.559288501739502
paired,action_boundary,28,valid,regression,target_basket_distance,mean_r2,0.6749103665351868
paired,action_boundary,28,valid,regression,target_displacement_xyz,mean_r2,0.5196719169616699
paired,action_boundary,28,valid,regression,target_speed_per_action_step,mean_r2,0.5527482628822327
paired,action_boundary,28,valid,regression,normalized_action_progress,mean_r2,0.5764340758323669
paired,action_boundary,28,valid,binary,target_grasped,auc,0.9774621212121212
paired,action_boundary,28,valid,binary,target_moved,auc,0.9729772996510101
paired,action_boundary,28,valid,binary,target_lifted,auc,0.9849619744583153
paired,action_boundary,28,valid,binary,near_target,auc,0.9836522764375113
paired,action_boundary,28,valid,binary,near_basket,auc,0.9941860465116279
paired,action_boundary,28,valid,phase,phase_coarse,macro_f1,0.8799636171441917
paired,action_boundary,28,test,regression,object_a_xyz,mean_r2,0.7776864171028137
paired,action_boundary,28,test,regression,object_b_xyz,mean_r2,0.7263755202293396
paired,action_boundary,28,test,regression,target_xyz,mean_r2,0.6245372295379639
paired,action_boundary,28,test,regression,alternative_xyz,mean_r2,0.6699526906013489
paired,action_boundary,28,test,regression,eef_xyz,mean_r2,0.7933518290519714
paired,action_boundary,28,test,regression,robot_joint_pos,mean_r2,0.7642417550086975
paired,action_boundary,28,test,regression,gripper_width,mean_r2,0.7540621757507324
paired,action_boundary,28,test,regression,target_to_eef_xyz,mean_r2,0.6513264179229736
paired,action_boundary,28,test,regression,alternative_to_eef_xyz,mean_r2,0.6200942397117615
paired,action_boundary,28,test,regression,target_to_basket_xyz,mean_r2,0.6293544173240662
paired,action_boundary,28,test,regression,eef_target_distance,mean_r2,0.5122603178024292
paired,action_boundary,28,test,regression,eef_alternative_distance,mean_r2,0.5063252449035645
paired,action_boundary,28,test,regression,target_basket_distance,mean_r2,0.7286020517349243
paired,action_boundary,28,test,regression,target_displacement_xyz,mean_r2,0.5992071032524109
paired,action_boundary,28,test,regression,target_speed_per_action_step,mean_r2,0.40940237045288086
paired,action_boundary,28,test,regression,normalized_action_progress,mean_r2,0.6309616565704346
paired,action_boundary,28,test,binary,target_grasped,auc,0.959061683745228
paired,action_boundary,28,test,binary,target_moved,auc,0.9870640365923384
paired,action_boundary,28,test,binary,target_lifted,auc,0.9911872578115888
paired,action_boundary,28,test,binary,near_target,auc,0.9781180262831639
paired,action_boundary,28,test,binary,near_basket,auc,0.9764811962279746
paired,action_boundary,28,test,phase,phase_coarse,macro_f1,0.8593466449006725
paired,action_boundary,29,valid,regression,object_a_xyz,mean_r2,0.6892363429069519
paired,action_boundary,29,valid,regression,object_b_xyz,mean_r2,0.6955979466438293
paired,action_boundary,29,valid,regression,target_xyz,mean_r2,0.5600879788398743
paired,action_boundary,29,valid,regression,alternative_xyz,mean_r2,0.6107751727104187
paired,action_boundary,29,valid,regression,eef_xyz,mean_r2,0.799881637096405
paired,action_boundary,29,valid,regression,robot_joint_pos,mean_r2,0.7761093378067017
paired,action_boundary,29,valid,regression,gripper_width,mean_r2,0.5766144394874573
paired,action_boundary,29,valid,regression,target_to_eef_xyz,mean_r2,0.6081207394599915
paired,action_boundary,29,valid,regression,alternative_to_eef_xyz,mean_r2,0.6203314661979675
paired,action_boundary,29,valid,regression,target_to_basket_xyz,mean_r2,0.5911334156990051
paired,action_boundary,29,valid,regression,eef_target_distance,mean_r2,0.4409677982330322
paired,action_boundary,29,valid,regression,eef_alternative_distance,mean_r2,0.4917781949043274
paired,action_boundary,29,valid,regression,target_basket_distance,mean_r2,0.6958798766136169
paired,action_boundary,29,valid,regression,target_displacement_xyz,mean_r2,0.4890742301940918
paired,action_boundary,29,valid,regression,target_speed_per_action_step,mean_r2,0.5488675832748413
paired,action_boundary,29,valid,regression,normalized_action_progress,mean_r2,0.6038446426391602
paired,action_boundary,29,valid,binary,target_grasped,auc,0.9719426406926407
paired,action_boundary,29,valid,binary,target_moved,auc,0.9775878077674255
paired,action_boundary,29,valid,binary,target_lifted,auc,0.9808293872865548
paired,action_boundary,29,valid,binary,near_target,auc,0.9725421730455287
paired,action_boundary,29,valid,binary,near_basket,auc,0.9930232558139535
paired,action_boundary,29,valid,phase,phase_coarse,macro_f1,0.8368768164542812
paired,action_boundary,29,test,regression,object_a_xyz,mean_r2,0.7343968749046326
paired,action_boundary,29,test,regression,object_b_xyz,mean_r2,0.7120265364646912
paired,action_boundary,29,test,regression,target_xyz,mean_r2,0.5891987681388855
paired,action_boundary,29,test,regression,alternative_xyz,mean_r2,0.6004793643951416
paired,action_boundary,29,test,regression,eef_xyz,mean_r2,0.8129479289054871
paired,action_boundary,29,test,regression,robot_joint_pos,mean_r2,0.7665204405784607
paired,action_boundary,29,test,regression,gripper_width,mean_r2,0.7012800574302673
paired,action_boundary,29,test,regression,target_to_eef_xyz,mean_r2,0.6335420608520508
paired,action_boundary,29,test,regression,alternative_to_eef_xyz,mean_r2,0.5821292400360107
paired,action_boundary,29,test,regression,target_to_basket_xyz,mean_r2,0.618038535118103
paired,action_boundary,29,test,regression,eef_target_distance,mean_r2,0.49769043922424316
paired,action_boundary,29,test,regression,eef_alternative_distance,mean_r2,0.5402047634124756
paired,action_boundary,29,test,regression,target_basket_distance,mean_r2,0.6733636856079102
paired,action_boundary,29,test,regression,target_displacement_xyz,mean_r2,0.5555175542831421
paired,action_boundary,29,test,regression,target_speed_per_action_step,mean_r2,0.37231457233428955
paired,action_boundary,29,test,regression,normalized_action_progress,mean_r2,0.5756614804267883
paired,action_boundary,29,test,binary,target_grasped,auc,0.9530088406670685
paired,action_boundary,29,test,binary,target_moved,auc,0.986735277301315
paired,action_boundary,29,test,binary,target_lifted,auc,0.9890099920944518
paired,action_boundary,29,test,binary,near_target,auc,0.9751632366311266
paired,action_boundary,29,test,binary,near_basket,auc,0.9632189953788932
paired,action_boundary,29,test,phase,phase_coarse,macro_f1,0.8514106130589963
paired,action_boundary,30,valid,regression,object_a_xyz,mean_r2,0.6824007034301758
paired,action_boundary,30,valid,regression,object_b_xyz,mean_r2,0.6947912573814392
paired,action_boundary,30,valid,regression,target_xyz,mean_r2,0.571394681930542
paired,action_boundary,30,valid,regression,alternative_xyz,mean_r2,0.5828631520271301
paired,action_boundary,30,valid,regression,eef_xyz,mean_r2,0.7976862788200378
paired,action_boundary,30,valid,regression,robot_joint_pos,mean_r2,0.7794349789619446
paired,action_boundary,30,valid,regression,gripper_width,mean_r2,0.5946213603019714
paired,action_boundary,30,valid,regression,target_to_eef_xyz,mean_r2,0.6137782335281372
paired,action_boundary,30,valid,regression,alternative_to_eef_xyz,mean_r2,0.6151800751686096
paired,action_boundary,30,valid,regression,target_to_basket_xyz,mean_r2,0.5819559693336487
paired,action_boundary,30,valid,regression,eef_target_distance,mean_r2,0.48833513259887695
paired,action_boundary,30,valid,regression,eef_alternative_distance,mean_r2,0.45001065731048584
paired,action_boundary,30,valid,regression,target_basket_distance,mean_r2,0.6608285903930664
paired,action_boundary,30,valid,regression,target_displacement_xyz,mean_r2,0.5097134709358215
paired,action_boundary,30,valid,regression,target_speed_per_action_step,mean_r2,0.5594412088394165
paired,action_boundary,30,valid,regression,normalized_action_progress,mean_r2,0.5918352603912354
paired,action_boundary,30,valid,binary,target_grasped,auc,0.9728625541125541
paired,action_boundary,30,valid,binary,target_moved,auc,0.9743540486024397
paired,action_boundary,30,valid,binary,target_lifted,auc,0.9753766681015927
paired,action_boundary,30,valid,binary,near_target,auc,0.9757391619807727
paired,action_boundary,30,valid,binary,near_basket,auc,0.9885174418604651
paired,action_boundary,30,valid,phase,phase_coarse,macro_f1,0.8284538572909694
paired,action_boundary,30,test,regression,object_a_xyz,mean_r2,0.7459751963615417
paired,action_boundary,30,test,regression,object_b_xyz,mean_r2,0.7199645042419434
paired,action_boundary,30,test,regression,target_xyz,mean_r2,0.5709713697433472
paired,action_boundary,30,test,regression,alternative_xyz,mean_r2,0.6075108647346497
paired,action_boundary,30,test,regression,eef_xyz,mean_r2,0.8078513145446777
paired,action_boundary,30,test,regression,robot_joint_pos,mean_r2,0.7590311765670776
paired,action_boundary,30,test,regression,gripper_width,mean_r2,0.6896591186523438
paired,action_boundary,30,test,regression,target_to_eef_xyz,mean_r2,0.5894765853881836
paired,action_boundary,30,test,regression,alternative_to_eef_xyz,mean_r2,0.5519978404045105
paired,action_boundary,30,test,regression,target_to_basket_xyz,mean_r2,0.5704176425933838
paired,action_boundary,30,test,regression,eef_target_distance,mean_r2,0.5065097808837891
paired,action_boundary,30,test,regression,eef_alternative_distance,mean_r2,0.43304115533828735
paired,action_boundary,30,test,regression,target_basket_distance,mean_r2,0.653577446937561
paired,action_boundary,30,test,regression,target_displacement_xyz,mean_r2,0.5460389256477356
paired,action_boundary,30,test,regression,target_speed_per_action_step,mean_r2,0.4000256657600403
paired,action_boundary,30,test,regression,normalized_action_progress,mean_r2,0.568193256855011
paired,action_boundary,30,test,binary,target_grasped,auc,0.9423724131002612
paired,action_boundary,30,test,binary,target_moved,auc,0.9818467695826186
paired,action_boundary,30,test,binary,target_lifted,auc,0.9808193258252226
paired,action_boundary,30,test,binary,near_target,auc,0.9672493594511943
paired,action_boundary,30,test,binary,near_basket,auc,0.9753540970056731
paired,action_boundary,30,test,phase,phase_coarse,macro_f1,0.8108561212796902
paired,action_boundary,31,valid,regression,object_a_xyz,mean_r2,0.7217977643013
paired,action_boundary,31,valid,regression,object_b_xyz,mean_r2,0.7074363827705383
paired,action_boundary,31,valid,regression,target_xyz,mean_r2,0.6055756211280823
paired,action_boundary,31,valid,regression,alternative_xyz,mean_r2,0.6020868420600891
paired,action_boundary,31,valid,regression,eef_xyz,mean_r2,0.8175906538963318
paired,action_boundary,31,valid,regression,robot_joint_pos,mean_r2,0.7894909977912903
paired,action_boundary,31,valid,regression,gripper_width,mean_r2,0.6057901382446289
paired,action_boundary,31,valid,regression,target_to_eef_xyz,mean_r2,0.6416581869125366
paired,action_boundary,31,valid,regression,alternative_to_eef_xyz,mean_r2,0.6326398849487305
paired,action_boundary,31,valid,regression,target_to_basket_xyz,mean_r2,0.6275907158851624
paired,action_boundary,31,valid,regression,eef_target_distance,mean_r2,0.5191206336021423
paired,action_boundary,31,valid,regression,eef_alternative_distance,mean_r2,0.49070942401885986
paired,action_boundary,31,valid,regression,target_basket_distance,mean_r2,0.702499270439148
paired,action_boundary,31,valid,regression,target_displacement_xyz,mean_r2,0.5262248516082764
paired,action_boundary,31,valid,regression,target_speed_per_action_step,mean_r2,0.5781635046005249
paired,action_boundary,31,valid,regression,normalized_action_progress,mean_r2,0.6203500032424927
paired,action_boundary,31,valid,binary,target_grasped,auc,0.9751082251082251
paired,action_boundary,31,valid,binary,target_moved,auc,0.9818461242916147
paired,action_boundary,31,valid,binary,target_lifted,auc,0.9783039173482566
paired,action_boundary,31,valid,binary,near_target,auc,0.9706829312534011
paired,action_boundary,31,valid,binary,near_basket,auc,0.9924418604651163
paired,action_boundary,31,valid,phase,phase_coarse,macro_f1,0.8505277730713366
paired,action_boundary,31,test,regression,object_a_xyz,mean_r2,0.751986026763916
paired,action_boundary,31,test,regression,object_b_xyz,mean_r2,0.7161008715629578
paired,action_boundary,31,test,regression,target_xyz,mean_r2,0.6155423521995544
paired,action_boundary,31,test,regression,alternative_xyz,mean_r2,0.6092643737792969
paired,action_boundary,31,test,regression,eef_xyz,mean_r2,0.8234559893608093
paired,action_boundary,31,test,regression,robot_joint_pos,mean_r2,0.7836869359016418
paired,action_boundary,31,test,regression,gripper_width,mean_r2,0.7504674196243286
paired,action_boundary,31,test,regression,target_to_eef_xyz,mean_r2,0.5804031491279602
paired,action_boundary,31,test,regression,alternative_to_eef_xyz,mean_r2,0.5929208397865295
paired,action_boundary,31,test,regression,target_to_basket_xyz,mean_r2,0.614116370677948
paired,action_boundary,31,test,regression,eef_target_distance,mean_r2,0.4563027024269104
paired,action_boundary,31,test,regression,eef_alternative_distance,mean_r2,0.4231697916984558
paired,action_boundary,31,test,regression,target_basket_distance,mean_r2,0.6995053291320801
paired,action_boundary,31,test,regression,target_displacement_xyz,mean_r2,0.5743295550346375
paired,action_boundary,31,test,regression,target_speed_per_action_step,mean_r2,0.37128573656082153
paired,action_boundary,31,test,regression,normalized_action_progress,mean_r2,0.6446917653083801
paired,action_boundary,31,test,binary,target_grasped,auc,0.9444570022101668
paired,action_boundary,31,test,binary,target_moved,auc,0.968381932532876
paired,action_boundary,31,test,binary,target_lifted,auc,0.9744430476536073
paired,action_boundary,31,test,binary,near_target,auc,0.9531262914290437
paired,action_boundary,31,test,binary,near_basket,auc,0.9679152421384829
paired,action_boundary,31,test,phase,phase_coarse,macro_f1,0.8056164719913009
paired,visual_mean,0,valid,regression,object_a_xyz,mean_r2,0.9283104538917542
paired,visual_mean,0,valid,regression,object_b_xyz,mean_r2,0.9422914981842041
paired,visual_mean,0,valid,regression,target_xyz,mean_r2,0.2595115303993225
paired,visual_mean,0,valid,regression,alternative_xyz,mean_r2,0.26461389660835266
paired,visual_mean,0,valid,regression,eef_xyz,mean_r2,0.9674267768859863
paired,visual_mean,0,valid,regression,robot_joint_pos,mean_r2,0.9612937569618225
paired,visual_mean,0,valid,regression,gripper_width,mean_r2,0.7441755533218384
paired,visual_mean,0,valid,regression,target_to_eef_xyz,mean_r2,0.4656991958618164
paired,visual_mean,0,valid,regression,alternative_to_eef_xyz,mean_r2,0.4580376446247101
paired,visual_mean,0,valid,regression,target_to_basket_xyz,mean_r2,0.2654297649860382
paired,visual_mean,0,valid,regression,eef_target_distance,mean_r2,0.15658313035964966
paired,visual_mean,0,valid,regression,eef_alternative_distance,mean_r2,0.17948126792907715
paired,visual_mean,0,valid,regression,target_basket_distance,mean_r2,0.26582157611846924
paired,visual_mean,0,valid,regression,target_displacement_xyz,mean_r2,0.3274639844894409
paired,visual_mean,0,valid,regression,target_speed_per_action_step,mean_r2,0.2649129629135132
paired,visual_mean,0,valid,regression,normalized_action_progress,mean_r2,0.7552522420883179
paired,visual_mean,0,valid,binary,target_grasped,auc,0.8341991341991342
paired,visual_mean,0,valid,binary,target_moved,auc,0.8759485159927
paired,visual_mean,0,valid,binary,target_lifted,auc,0.852590041612857
paired,visual_mean,0,valid,binary,near_target,auc,0.7501360420823509
paired,visual_mean,0,valid,binary,near_basket,auc,0.975
paired,visual_mean,0,valid,phase,phase_coarse,macro_f1,0.6337451133153879
paired,visual_mean,0,test,regression,object_a_xyz,mean_r2,0.9585018157958984
paired,visual_mean,0,test,regression,object_b_xyz,mean_r2,0.9486122131347656
paired,visual_mean,0,test,regression,target_xyz,mean_r2,0.22638870775699615
paired,visual_mean,0,test,regression,alternative_xyz,mean_r2,0.2745566666126251
paired,visual_mean,0,test,regression,eef_xyz,mean_r2,0.9672974944114685
paired,visual_mean,0,test,regression,robot_joint_pos,mean_r2,0.9588648080825806
paired,visual_mean,0,test,regression,gripper_width,mean_r2,0.8670384883880615
paired,visual_mean,0,test,regression,target_to_eef_xyz,mean_r2,0.4321173429489136
paired,visual_mean,0,test,regression,alternative_to_eef_xyz,mean_r2,0.44338735938072205
paired,visual_mean,0,test,regression,target_to_basket_xyz,mean_r2,0.2557486593723297
paired,visual_mean,0,test,regression,eef_target_distance,mean_r2,0.07722693681716919
paired,visual_mean,0,test,regression,eef_alternative_distance,mean_r2,0.13554352521896362
paired,visual_mean,0,test,regression,target_basket_distance,mean_r2,0.35654258728027344
paired,visual_mean,0,test,regression,target_displacement_xyz,mean_r2,0.31538817286491394
paired,visual_mean,0,test,regression,target_speed_per_action_step,mean_r2,0.2671087384223938
paired,visual_mean,0,test,regression,normalized_action_progress,mean_r2,0.7046330571174622
paired,visual_mean,0,test,binary,target_grasped,auc,0.8241410488245932
paired,visual_mean,0,test,binary,target_moved,auc,0.8753001715265867
paired,visual_mean,0,test,binary,target_lifted,auc,0.8519653711071655
paired,visual_mean,0,test,binary,near_target,auc,0.7460533928423837
paired,visual_mean,0,test,binary,near_basket,auc,0.9588045234248789
paired,visual_mean,0,test,phase,phase_coarse,macro_f1,0.5978547304796057
paired,visual_mean,1,valid,regression,object_a_xyz,mean_r2,0.9459431767463684
paired,visual_mean,1,valid,regression,object_b_xyz,mean_r2,0.9424086213111877
paired,visual_mean,1,valid,regression,target_xyz,mean_r2,0.23314470052719116
paired,visual_mean,1,valid,regression,alternative_xyz,mean_r2,0.26590225100517273
paired,visual_mean,1,valid,regression,eef_xyz,mean_r2,0.9741005897521973
paired,visual_mean,1,valid,regression,robot_joint_pos,mean_r2,0.9669395685195923
paired,visual_mean,1,valid,regression,gripper_width,mean_r2,0.7920942306518555
paired,visual_mean,1,valid,regression,target_to_eef_xyz,mean_r2,0.4270517826080322
paired,visual_mean,1,valid,regression,alternative_to_eef_xyz,mean_r2,0.43566861748695374
paired,visual_mean,1,valid,regression,target_to_basket_xyz,mean_r2,0.24991320073604584
paired,visual_mean,1,valid,regression,eef_target_distance,mean_r2,0.10059261322021484
paired,visual_mean,1,valid,regression,eef_alternative_distance,mean_r2,0.123024582862854
paired,visual_mean,1,valid,regression,target_basket_distance,mean_r2,0.2591688632965088
paired,visual_mean,1,valid,regression,target_displacement_xyz,mean_r2,0.34705111384391785
paired,visual_mean,1,valid,regression,target_speed_per_action_step,mean_r2,0.26738715171813965
paired,visual_mean,1,valid,regression,normalized_action_progress,mean_r2,0.7493770122528076
paired,visual_mean,1,valid,binary,target_grasped,auc,0.8311688311688311
paired,visual_mean,1,valid,binary,target_moved,auc,0.8776774565363558
paired,visual_mean,1,valid,binary,target_lifted,auc,0.8535657913617449
paired,visual_mean,1,valid,binary,near_target,auc,0.7503627788862689
paired,visual_mean,1,valid,binary,near_basket,auc,0.9316860465116279
paired,visual_mean,1,valid,phase,phase_coarse,macro_f1,0.6339292307800509
paired,visual_mean,1,test,regression,object_a_xyz,mean_r2,0.9633016586303711
paired,visual_mean,1,test,regression,object_b_xyz,mean_r2,0.9513440132141113
paired,visual_mean,1,test,regression,target_xyz,mean_r2,0.23456047475337982
paired,visual_mean,1,test,regression,alternative_xyz,mean_r2,0.2888600528240204
paired,visual_mean,1,test,regression,eef_xyz,mean_r2,0.9738869667053223
paired,visual_mean,1,test,regression,robot_joint_pos,mean_r2,0.9583798050880432
paired,visual_mean,1,test,regression,gripper_width,mean_r2,0.8502659201622009
paired,visual_mean,1,test,regression,target_to_eef_xyz,mean_r2,0.377810001373291
paired,visual_mean,1,test,regression,alternative_to_eef_xyz,mean_r2,0.39914408326148987
paired,visual_mean,1,test,regression,target_to_basket_xyz,mean_r2,0.2777386009693146
paired,visual_mean,1,test,regression,eef_target_distance,mean_r2,0.00932300090789795
paired,visual_mean,1,test,regression,eef_alternative_distance,mean_r2,0.013222098350524902
paired,visual_mean,1,test,regression,target_basket_distance,mean_r2,0.344091534614563
paired,visual_mean,1,test,regression,target_displacement_xyz,mean_r2,0.33579203486442566
paired,visual_mean,1,test,regression,target_speed_per_action_step,mean_r2,0.2631670832633972
paired,visual_mean,1,test,regression,normalized_action_progress,mean_r2,0.7397650480270386
paired,visual_mean,1,test,binary,target_grasped,auc,0.8407424151095038
paired,visual_mean,1,test,binary,target_moved,auc,0.8753001715265867
paired,visual_mean,1,test,binary,target_lifted,auc,0.852120890086961
paired,visual_mean,1,test,binary,near_target,auc,0.7511364575584759
paired,visual_mean,1,test,binary,near_basket,auc,0.9636886200548522
paired,visual_mean,1,test,phase,phase_coarse,macro_f1,0.6133277276739393
paired,visual_mean,2,valid,regression,object_a_xyz,mean_r2,0.9494705200195312
paired,visual_mean,2,valid,regression,object_b_xyz,mean_r2,0.9555781483650208
paired,visual_mean,2,valid,regression,target_xyz,mean_r2,0.2770121991634369
paired,visual_mean,2,valid,regression,alternative_xyz,mean_r2,0.2686530649662018
paired,visual_mean,2,valid,regression,eef_xyz,mean_r2,0.9748734831809998
paired,visual_mean,2,valid,regression,robot_joint_pos,mean_r2,0.9711875915527344
paired,visual_mean,2,valid,regression,gripper_width,mean_r2,0.7583252191543579
paired,visual_mean,2,valid,regression,target_to_eef_xyz,mean_r2,0.43768322467803955
paired,visual_mean,2,valid,regression,alternative_to_eef_xyz,mean_r2,0.43172717094421387
paired,visual_mean,2,valid,regression,target_to_basket_xyz,mean_r2,0.26226377487182617
paired,visual_mean,2,valid,regression,eef_target_distance,mean_r2,0.18834233283996582
paired,visual_mean,2,valid,regression,eef_alternative_distance,mean_r2,0.1754247546195984
paired,visual_mean,2,valid,regression,target_basket_distance,mean_r2,0.23064297437667847
paired,visual_mean,2,valid,regression,target_displacement_xyz,mean_r2,0.3164602816104889
paired,visual_mean,2,valid,regression,target_speed_per_action_step,mean_r2,0.28331995010375977
paired,visual_mean,2,valid,regression,normalized_action_progress,mean_r2,0.7314559817314148
paired,visual_mean,2,valid,binary,target_grasped,auc,0.8310064935064935
paired,visual_mean,2,valid,binary,target_moved,auc,0.8772292126917043
paired,visual_mean,2,valid,binary,target_lifted,auc,0.8528770268331182
paired,visual_mean,2,valid,binary,near_target,auc,0.7504081262470524
paired,visual_mean,2,valid,binary,near_basket,auc,0.9758720930232558
paired,visual_mean,2,valid,phase,phase_coarse,macro_f1,0.6362858904409278
paired,visual_mean,2,test,regression,object_a_xyz,mean_r2,0.9650650024414062
paired,visual_mean,2,test,regression,object_b_xyz,mean_r2,0.9581425786018372
paired,visual_mean,2,test,regression,target_xyz,mean_r2,0.29351940751075745
paired,visual_mean,2,test,regression,alternative_xyz,mean_r2,0.29287686944007874
paired,visual_mean,2,test,regression,eef_xyz,mean_r2,0.9769778251647949
paired,visual_mean,2,test,regression,robot_joint_pos,mean_r2,0.9669948220252991
paired,visual_mean,2,test,regression,gripper_width,mean_r2,0.8935525417327881
paired,visual_mean,2,test,regression,target_to_eef_xyz,mean_r2,0.4237276017665863
paired,visual_mean,2,test,regression,alternative_to_eef_xyz,mean_r2,0.42253825068473816
paired,visual_mean,2,test,regression,target_to_basket_xyz,mean_r2,0.29317671060562134
paired,visual_mean,2,test,regression,eef_target_distance,mean_r2,0.09387743473052979
paired,visual_mean,2,test,regression,eef_alternative_distance,mean_r2,0.08113712072372437
paired,visual_mean,2,test,regression,target_basket_distance,mean_r2,0.3159693479537964
paired,visual_mean,2,test,regression,target_displacement_xyz,mean_r2,0.32504552602767944
paired,visual_mean,2,test,regression,target_speed_per_action_step,mean_r2,0.2873125672340393
paired,visual_mean,2,test,regression,normalized_action_progress,mean_r2,0.7202352285385132
paired,visual_mean,2,test,binary,target_grasped,auc,0.7994775969459513
paired,visual_mean,2,test,binary,target_moved,auc,0.8748141795311607
paired,visual_mean,2,test,binary,target_lifted,auc,0.8486217130415624
paired,visual_mean,2,test,binary,near_target,auc,0.7539672700223159
paired,visual_mean,2,test,binary,near_basket,auc,0.9597062028027201
paired,visual_mean,2,test,phase,phase_coarse,macro_f1,0.5914461846940934
paired,visual_mean,3,valid,regression,object_a_xyz,mean_r2,0.9441063404083252
paired,visual_mean,3,valid,regression,object_b_xyz,mean_r2,0.942794144153595
paired,visual_mean,3,valid,regression,target_xyz,mean_r2,0.27647772431373596
paired,visual_mean,3,valid,regression,alternative_xyz,mean_r2,0.2941085398197174
paired,visual_mean,3,valid,regression,eef_xyz,mean_r2,0.9714036583900452
paired,visual_mean,3,valid,regression,robot_joint_pos,mean_r2,0.9678501486778259
paired,visual_mean,3,valid,regression,gripper_width,mean_r2,0.7820454835891724
paired,visual_mean,3,valid,regression,target_to_eef_xyz,mean_r2,0.43955183029174805
paired,visual_mean,3,valid,regression,alternative_to_eef_xyz,mean_r2,0.43472781777381897
paired,visual_mean,3,valid,regression,target_to_basket_xyz,mean_r2,0.26164501905441284
paired,visual_mean,3,valid,regression,eef_target_distance,mean_r2,0.1932694911956787
paired,visual_mean,3,valid,regression,eef_alternative_distance,mean_r2,0.1397145390510559
paired,visual_mean,3,valid,regression,target_basket_distance,mean_r2,0.24145430326461792
paired,visual_mean,3,valid,regression,target_displacement_xyz,mean_r2,0.33661794662475586
paired,visual_mean,3,valid,regression,target_speed_per_action_step,mean_r2,0.2419406771659851
paired,visual_mean,3,valid,regression,normalized_action_progress,mean_r2,0.7464948892593384
paired,visual_mean,3,valid,binary,target_grasped,auc,0.8274891774891775
paired,visual_mean,3,valid,binary,target_moved,auc,0.8787660487305093
paired,visual_mean,3,valid,binary,target_lifted,auc,0.8533362031855359
paired,visual_mean,3,valid,binary,near_target,auc,0.7515418102666425
paired,visual_mean,3,valid,binary,near_basket,auc,0.9555232558139535
paired,visual_mean,3,valid,phase,phase_coarse,macro_f1,0.6305115236968774
paired,visual_mean,3,test,regression,object_a_xyz,mean_r2,0.9573795795440674
paired,visual_mean,3,test,regression,object_b_xyz,mean_r2,0.9511848092079163
paired,visual_mean,3,test,regression,target_xyz,mean_r2,0.28201907873153687
paired,visual_mean,3,test,regression,alternative_xyz,mean_r2,0.30072513222694397
paired,visual_mean,3,test,regression,eef_xyz,mean_r2,0.964918315410614
paired,visual_mean,3,test,regression,robot_joint_pos,mean_r2,0.9595292806625366
paired,visual_mean,3,test,regression,gripper_width,mean_r2,0.8956282138824463
paired,visual_mean,3,test,regression,target_to_eef_xyz,mean_r2,0.40263620018959045
paired,visual_mean,3,test,regression,alternative_to_eef_xyz,mean_r2,0.4014163911342621
paired,visual_mean,3,test,regression,target_to_basket_xyz,mean_r2,0.2556517422199249
paired,visual_mean,3,test,regression,eef_target_distance,mean_r2,0.1283661127090454
paired,visual_mean,3,test,regression,eef_alternative_distance,mean_r2,0.04643058776855469
paired,visual_mean,3,test,regression,target_basket_distance,mean_r2,0.3111376166343689
paired,visual_mean,3,test,regression,target_displacement_xyz,mean_r2,0.31997063755989075
paired,visual_mean,3,test,regression,target_speed_per_action_step,mean_r2,0.26687192916870117
paired,visual_mean,3,test,regression,normalized_action_progress,mean_r2,0.7401294112205505
paired,visual_mean,3,test,binary,target_grasped,auc,0.8316254771950975
paired,visual_mean,3,test,binary,target_moved,auc,0.8751858204688394
paired,visual_mean,3,test,binary,target_lifted,auc,0.851835771957336
paired,visual_mean,3,test,binary,near_target,auc,0.748016364988842
paired,visual_mean,3,test,binary,near_basket,auc,0.9620355411954766
paired,visual_mean,3,test,phase,phase_coarse,macro_f1,0.5840628015070206
paired,visual_mean,4,valid,regression,object_a_xyz,mean_r2,0.9489879608154297
paired,visual_mean,4,valid,regression,object_b_xyz,mean_r2,0.9327303767204285
paired,visual_mean,4,valid,regression,target_xyz,mean_r2,0.27480533719062805
paired,visual_mean,4,valid,regression,alternative_xyz,mean_r2,0.2742948532104492
paired,visual_mean,4,valid,regression,eef_xyz,mean_r2,0.9782736897468567
paired,visual_mean,4,valid,regression,robot_joint_pos,mean_r2,0.9693655967712402
paired,visual_mean,4,valid,regression,gripper_width,mean_r2,0.8238753080368042
paired,visual_mean,4,valid,regression,target_to_eef_xyz,mean_r2,0.4521149694919586
paired,visual_mean,4,valid,regression,alternative_to_eef_xyz,mean_r2,0.429910808801651
paired,visual_mean,4,valid,regression,target_to_basket_xyz,mean_r2,0.27978453040122986
paired,visual_mean,4,valid,regression,eef_target_distance,mean_r2,0.13741356134414673
paired,visual_mean,4,valid,regression,eef_alternative_distance,mean_r2,0.13827675580978394
paired,visual_mean,4,valid,regression,target_basket_distance,mean_r2,0.26915842294692993
paired,visual_mean,4,valid,regression,target_displacement_xyz,mean_r2,0.3517031967639923
paired,visual_mean,4,valid,regression,target_speed_per_action_step,mean_r2,0.2836432456970215
paired,visual_mean,4,valid,regression,normalized_action_progress,mean_r2,0.784197986125946
paired,visual_mean,4,valid,binary,target_grasped,auc,0.8257034632034632
paired,visual_mean,4,valid,binary,target_moved,auc,0.8785739442256587
paired,visual_mean,4,valid,binary,target_lifted,auc,0.8505811450710289
paired,visual_mean,4,valid,binary,near_target,auc,0.7472791583529839
paired,visual_mean,4,valid,binary,near_basket,auc,0.9776162790697674
paired,visual_mean,4,valid,phase,phase_coarse,macro_f1,0.6280947138163673
paired,visual_mean,4,test,regression,object_a_xyz,mean_r2,0.9629616737365723
paired,visual_mean,4,test,regression,object_b_xyz,mean_r2,0.9568650126457214
paired,visual_mean,4,test,regression,target_xyz,mean_r2,0.2762807607650757
paired,visual_mean,4,test,regression,alternative_xyz,mean_r2,0.2691405713558197
paired,visual_mean,4,test,regression,eef_xyz,mean_r2,0.9776089787483215
paired,visual_mean,4,test,regression,robot_joint_pos,mean_r2,0.9636507034301758
paired,visual_mean,4,test,regression,gripper_width,mean_r2,0.8887854218482971
paired,visual_mean,4,test,regression,target_to_eef_xyz,mean_r2,0.42089518904685974
paired,visual_mean,4,test,regression,alternative_to_eef_xyz,mean_r2,0.4123001992702484
paired,visual_mean,4,test,regression,target_to_basket_xyz,mean_r2,0.29135119915008545
paired,visual_mean,4,test,regression,eef_target_distance,mean_r2,0.08172637224197388
paired,visual_mean,4,test,regression,eef_alternative_distance,mean_r2,0.044358253479003906
paired,visual_mean,4,test,regression,target_basket_distance,mean_r2,0.3404735326766968
paired,visual_mean,4,test,regression,target_displacement_xyz,mean_r2,0.3332116901874542
paired,visual_mean,4,test,regression,target_speed_per_action_step,mean_r2,0.29320603609085083
paired,visual_mean,4,test,regression,normalized_action_progress,mean_r2,0.7367234230041504
paired,visual_mean,4,test,binary,target_grasped,auc,0.7954591119148081
paired,visual_mean,4,test,binary,target_moved,auc,0.8752144082332762
paired,visual_mean,4,test,binary,target_lifted,auc,0.850617539948938
paired,visual_mean,4,test,binary,near_target,auc,0.7380568642036532
paired,visual_mean,4,test,binary,near_basket,auc,0.9595559229064132
paired,visual_mean,4,test,phase,phase_coarse,macro_f1,0.5732229880883718
paired,visual_mean,5,valid,regression,object_a_xyz,mean_r2,0.9507619738578796
paired,visual_mean,5,valid,regression,object_b_xyz,mean_r2,0.9429960250854492
paired,visual_mean,5,valid,regression,target_xyz,mean_r2,0.2597666084766388
paired,visual_mean,5,valid,regression,alternative_xyz,mean_r2,0.27370163798332214
paired,visual_mean,5,valid,regression,eef_xyz,mean_r2,0.9758160710334778
paired,visual_mean,5,valid,regression,robot_joint_pos,mean_r2,0.9694163203239441
paired,visual_mean,5,valid,regression,gripper_width,mean_r2,0.8324941396713257
paired,visual_mean,5,valid,regression,target_to_eef_xyz,mean_r2,0.4334716796875
paired,visual_mean,5,valid,regression,alternative_to_eef_xyz,mean_r2,0.43812093138694763
paired,visual_mean,5,valid,regression,target_to_basket_xyz,mean_r2,0.2879626452922821
paired,visual_mean,5,valid,regression,eef_target_distance,mean_r2,0.18210387229919434
paired,visual_mean,5,valid,regression,eef_alternative_distance,mean_r2,0.18094927072525024
paired,visual_mean,5,valid,regression,target_basket_distance,mean_r2,0.2518393397331238
paired,visual_mean,5,valid,regression,target_displacement_xyz,mean_r2,0.2993946373462677
paired,visual_mean,5,valid,regression,target_speed_per_action_step,mean_r2,0.25527459383010864
paired,visual_mean,5,valid,regression,normalized_action_progress,mean_r2,0.792899489402771
paired,visual_mean,5,valid,binary,target_grasped,auc,0.8247294372294373
paired,visual_mean,5,valid,binary,target_moved,auc,0.8747958889635962
paired,visual_mean,5,valid,binary,target_lifted,auc,0.8532788061414838
paired,visual_mean,5,valid,binary,near_target,auc,0.7509976419372393
paired,visual_mean,5,valid,binary,near_basket,auc,0.9741279069767442
paired,visual_mean,5,valid,phase,phase_coarse,macro_f1,0.6152559509943468
paired,visual_mean,5,test,regression,object_a_xyz,mean_r2,0.9594619870185852
paired,visual_mean,5,test,regression,object_b_xyz,mean_r2,0.9531113505363464
paired,visual_mean,5,test,regression,target_xyz,mean_r2,0.2533189058303833
paired,visual_mean,5,test,regression,alternative_xyz,mean_r2,0.2968132793903351
paired,visual_mean,5,test,regression,eef_xyz,mean_r2,0.9724119305610657
paired,visual_mean,5,test,regression,robot_joint_pos,mean_r2,0.9627123475074768
paired,visual_mean,5,test,regression,gripper_width,mean_r2,0.904352068901062
paired,visual_mean,5,test,regression,target_to_eef_xyz,mean_r2,0.40280285477638245
paired,visual_mean,5,test,regression,alternative_to_eef_xyz,mean_r2,0.4426153600215912
paired,visual_mean,5,test,regression,target_to_basket_xyz,mean_r2,0.30209729075431824
paired,visual_mean,5,test,regression,eef_target_distance,mean_r2,0.10840678215026855
paired,visual_mean,5,test,regression,eef_alternative_distance,mean_r2,0.1410922408103943
paired,visual_mean,5,test,regression,target_basket_distance,mean_r2,0.35092055797576904
paired,visual_mean,5,test,regression,target_displacement_xyz,mean_r2,0.29415079951286316
paired,visual_mean,5,test,regression,target_speed_per_action_step,mean_r2,0.17823702096939087
paired,visual_mean,5,test,regression,normalized_action_progress,mean_r2,0.7454901933670044
paired,visual_mean,5,test,binary,target_grasped,auc,0.8343881856540084
paired,visual_mean,5,test,binary,target_moved,auc,0.8748427672955975
paired,visual_mean,5,test,binary,target_lifted,auc,0.8522504892367906
paired,visual_mean,5,test,binary,near_target,auc,0.7511777832878751
paired,visual_mean,5,test,binary,near_basket,auc,0.9603073223879476
paired,visual_mean,5,test,phase,phase_coarse,macro_f1,0.5930342316427968
paired,visual_mean,6,valid,regression,object_a_xyz,mean_r2,0.9392533898353577
paired,visual_mean,6,valid,regression,object_b_xyz,mean_r2,0.9423689842224121
paired,visual_mean,6,valid,regression,target_xyz,mean_r2,0.24490809440612793
paired,visual_mean,6,valid,regression,alternative_xyz,mean_r2,0.24060018360614777
paired,visual_mean,6,valid,regression,eef_xyz,mean_r2,0.9743579030036926
paired,visual_mean,6,valid,regression,robot_joint_pos,mean_r2,0.9680856466293335
paired,visual_mean,6,valid,regression,gripper_width,mean_r2,0.8107408285140991
paired,visual_mean,6,valid,regression,target_to_eef_xyz,mean_r2,0.41186586022377014
paired,visual_mean,6,valid,regression,alternative_to_eef_xyz,mean_r2,0.4364175498485565
paired,visual_mean,6,valid,regression,target_to_basket_xyz,mean_r2,0.2512485682964325
paired,visual_mean,6,valid,regression,eef_target_distance,mean_r2,0.18544405698776245
paired,visual_mean,6,valid,regression,eef_alternative_distance,mean_r2,0.1613498330116272
paired,visual_mean,6,valid,regression,target_basket_distance,mean_r2,0.2004387378692627
paired,visual_mean,6,valid,regression,target_displacement_xyz,mean_r2,0.3374919891357422
paired,visual_mean,6,valid,regression,target_speed_per_action_step,mean_r2,0.28449225425720215
paired,visual_mean,6,valid,regression,normalized_action_progress,mean_r2,0.7727423906326294
paired,visual_mean,6,valid,binary,target_grasped,auc,0.8228354978354978
paired,visual_mean,6,valid,binary,target_moved,auc,0.8783178048858579
paired,visual_mean,6,valid,binary,target_lifted,auc,0.8527622327450136
paired,visual_mean,6,valid,binary,near_target,auc,0.7502720841647016
paired,visual_mean,6,valid,binary,near_basket,auc,0.9700581395348837
paired,visual_mean,6,valid,phase,phase_coarse,macro_f1,0.6363655328825217
paired,visual_mean,6,test,regression,object_a_xyz,mean_r2,0.959770679473877
paired,visual_mean,6,test,regression,object_b_xyz,mean_r2,0.9423465728759766
paired,visual_mean,6,test,regression,target_xyz,mean_r2,0.2764202058315277
paired,visual_mean,6,test,regression,alternative_xyz,mean_r2,0.24337531626224518
paired,visual_mean,6,test,regression,eef_xyz,mean_r2,0.9767560958862305
paired,visual_mean,6,test,regression,robot_joint_pos,mean_r2,0.9617615342140198
paired,visual_mean,6,test,regression,gripper_width,mean_r2,0.909415602684021
paired,visual_mean,6,test,regression,target_to_eef_xyz,mean_r2,0.3700433671474457
paired,visual_mean,6,test,regression,alternative_to_eef_xyz,mean_r2,0.41781172156333923
paired,visual_mean,6,test,regression,target_to_basket_xyz,mean_r2,0.2785453498363495
paired,visual_mean,6,test,regression,eef_target_distance,mean_r2,0.11524641513824463
paired,visual_mean,6,test,regression,eef_alternative_distance,mean_r2,0.1248394250869751
paired,visual_mean,6,test,regression,target_basket_distance,mean_r2,0.3276599645614624
paired,visual_mean,6,test,regression,target_displacement_xyz,mean_r2,0.32227274775505066
paired,visual_mean,6,test,regression,target_speed_per_action_step,mean_r2,0.24622786045074463
paired,visual_mean,6,test,regression,normalized_action_progress,mean_r2,0.7588229775428772
paired,visual_mean,6,test,binary,target_grasped,auc,0.8345891099055656
paired,visual_mean,6,test,binary,target_moved,auc,0.8752715837621499
paired,visual_mean,6,test,binary,target_lifted,auc,0.8521986495768588
paired,visual_mean,6,test,binary,near_target,auc,0.751983635011158
paired,visual_mean,6,test,binary,near_basket,auc,0.9647405793290003
paired,visual_mean,6,test,phase,phase_coarse,macro_f1,0.5908244859973305
paired,visual_mean,7,valid,regression,object_a_xyz,mean_r2,0.9486834406852722
paired,visual_mean,7,valid,regression,object_b_xyz,mean_r2,0.9458410143852234
paired,visual_mean,7,valid,regression,target_xyz,mean_r2,0.2563716471195221
paired,visual_mean,7,valid,regression,alternative_xyz,mean_r2,0.2555939257144928
paired,visual_mean,7,valid,regression,eef_xyz,mean_r2,0.9765191078186035
paired,visual_mean,7,valid,regression,robot_joint_pos,mean_r2,0.9702078700065613
paired,visual_mean,7,valid,regression,gripper_width,mean_r2,0.8177722692489624
paired,visual_mean,7,valid,regression,target_to_eef_xyz,mean_r2,0.44979944825172424
paired,visual_mean,7,valid,regression,alternative_to_eef_xyz,mean_r2,0.4422539174556732
paired,visual_mean,7,valid,regression,target_to_basket_xyz,mean_r2,0.280170738697052
paired,visual_mean,7,valid,regression,eef_target_distance,mean_r2,0.13610363006591797
paired,visual_mean,7,valid,regression,eef_alternative_distance,mean_r2,0.1616390347480774
paired,visual_mean,7,valid,regression,target_basket_distance,mean_r2,0.25465112924575806
paired,visual_mean,7,valid,regression,target_displacement_xyz,mean_r2,0.3319695293903351
paired,visual_mean,7,valid,regression,target_speed_per_action_step,mean_r2,0.2806851863861084
paired,visual_mean,7,valid,regression,normalized_action_progress,mean_r2,0.7211589217185974
paired,visual_mean,7,valid,binary,target_grasped,auc,0.8313852813852813
paired,visual_mean,7,valid,binary,target_moved,auc,0.8786379790606089
paired,visual_mean,7,valid,binary,target_lifted,auc,0.8529344238771703
paired,visual_mean,7,valid,binary,near_target,auc,0.7476419372392527
paired,visual_mean,7,valid,binary,near_basket,auc,0.9729651162790698
paired,visual_mean,7,valid,phase,phase_coarse,macro_f1,0.6225228693468258
paired,visual_mean,7,test,regression,object_a_xyz,mean_r2,0.9600338339805603
paired,visual_mean,7,test,regression,object_b_xyz,mean_r2,0.9573308825492859
paired,visual_mean,7,test,regression,target_xyz,mean_r2,0.27155736088752747
paired,visual_mean,7,test,regression,alternative_xyz,mean_r2,0.2681903839111328
paired,visual_mean,7,test,regression,eef_xyz,mean_r2,0.9700968861579895
paired,visual_mean,7,test,regression,robot_joint_pos,mean_r2,0.9676103591918945
paired,visual_mean,7,test,regression,gripper_width,mean_r2,0.9025087952613831
paired,visual_mean,7,test,regression,target_to_eef_xyz,mean_r2,0.41155657172203064
paired,visual_mean,7,test,regression,alternative_to_eef_xyz,mean_r2,0.4244934618473053
paired,visual_mean,7,test,regression,target_to_basket_xyz,mean_r2,0.2975024878978729
paired,visual_mean,7,test,regression,eef_target_distance,mean_r2,0.09221124649047852
paired,visual_mean,7,test,regression,eef_alternative_distance,mean_r2,0.09444493055343628
paired,visual_mean,7,test,regression,target_basket_distance,mean_r2,0.36312609910964966
paired,visual_mean,7,test,regression,target_displacement_xyz,mean_r2,0.3316183090209961
paired,visual_mean,7,test,regression,target_speed_per_action_step,mean_r2,0.30266237258911133
paired,visual_mean,7,test,regression,normalized_action_progress,mean_r2,0.7795478105545044
paired,visual_mean,7,test,binary,target_grasped,auc,0.8282348804500703
paired,visual_mean,7,test,binary,target_moved,auc,0.8745283018867925
paired,visual_mean,7,test,binary,target_lifted,auc,0.8521986495768588
paired,visual_mean,7,test,binary,near_target,auc,0.7388627159269362
paired,visual_mean,7,test,binary,near_basket,auc,0.9600819025434872
paired,visual_mean,7,test,phase,phase_coarse,macro_f1,0.6042900368578865
paired,visual_mean,8,valid,regression,object_a_xyz,mean_r2,0.9313123822212219
paired,visual_mean,8,valid,regression,object_b_xyz,mean_r2,0.930164635181427
paired,visual_mean,8,valid,regression,target_xyz,mean_r2,0.26821401715278625
paired,visual_mean,8,valid,regression,alternative_xyz,mean_r2,0.23022973537445068
paired,visual_mean,8,valid,regression,eef_xyz,mean_r2,0.9716541767120361
paired,visual_mean,8,valid,regression,robot_joint_pos,mean_r2,0.9618281722068787
paired,visual_mean,8,valid,regression,gripper_width,mean_r2,0.7662886381149292
paired,visual_mean,8,valid,regression,target_to_eef_xyz,mean_r2,0.4241302013397217
paired,visual_mean,8,valid,regression,alternative_to_eef_xyz,mean_r2,0.4473157227039337
paired,visual_mean,8,valid,regression,target_to_basket_xyz,mean_r2,0.2465447336435318
paired,visual_mean,8,valid,regression,eef_target_distance,mean_r2,0.15972942113876343
paired,visual_mean,8,valid,regression,eef_alternative_distance,mean_r2,0.18352651596069336
paired,visual_mean,8,valid,regression,target_basket_distance,mean_r2,0.20874202251434326
paired,visual_mean,8,valid,regression,target_displacement_xyz,mean_r2,0.30177876353263855
paired,visual_mean,8,valid,regression,target_speed_per_action_step,mean_r2,0.24734938144683838
paired,visual_mean,8,valid,regression,normalized_action_progress,mean_r2,0.7648491859436035
paired,visual_mean,8,valid,binary,target_grasped,auc,0.8283008658008658
paired,visual_mean,8,valid,binary,target_moved,auc,0.87293887875004
paired,visual_mean,8,valid,binary,target_lifted,auc,0.8532214090974315
paired,visual_mean,8,valid,binary,near_target,auc,0.7499093052784328
paired,visual_mean,8,valid,binary,near_basket,auc,0.9729651162790698
paired,visual_mean,8,valid,phase,phase_coarse,macro_f1,0.6492456525974167
paired,visual_mean,8,test,regression,object_a_xyz,mean_r2,0.9551635384559631
paired,visual_mean,8,test,regression,object_b_xyz,mean_r2,0.9500250220298767
paired,visual_mean,8,test,regression,target_xyz,mean_r2,0.2745250165462494
paired,visual_mean,8,test,regression,alternative_xyz,mean_r2,0.2710832357406616
paired,visual_mean,8,test,regression,eef_xyz,mean_r2,0.9754621982574463
paired,visual_mean,8,test,regression,robot_joint_pos,mean_r2,0.9512413144111633
paired,visual_mean,8,test,regression,gripper_width,mean_r2,0.8866352438926697
paired,visual_mean,8,test,regression,target_to_eef_xyz,mean_r2,0.4008307456970215
paired,visual_mean,8,test,regression,alternative_to_eef_xyz,mean_r2,0.43280544877052307
paired,visual_mean,8,test,regression,target_to_basket_xyz,mean_r2,0.2623389661312103
paired,visual_mean,8,test,regression,eef_target_distance,mean_r2,0.09035372734069824
paired,visual_mean,8,test,regression,eef_alternative_distance,mean_r2,0.115478515625
paired,visual_mean,8,test,regression,target_basket_distance,mean_r2,0.2972884774208069
paired,visual_mean,8,test,regression,target_displacement_xyz,mean_r2,0.3082796037197113
paired,visual_mean,8,test,regression,target_speed_per_action_step,mean_r2,0.08181732892990112
paired,visual_mean,8,test,regression,normalized_action_progress,mean_r2,0.7567753791809082
paired,visual_mean,8,test,binary,target_grasped,auc,0.8264516777175005
paired,visual_mean,8,test,binary,target_moved,auc,0.8751572327044026
paired,visual_mean,8,test,binary,target_lifted,auc,0.8521986495768588
paired,visual_mean,8,test,binary,near_target,auc,0.7452062153897017
paired,visual_mean,8,test,binary,near_basket,auc,0.9373144982529963
paired,visual_mean,8,test,phase,phase_coarse,macro_f1,0.5831966063426564
paired,visual_mean,9,valid,regression,object_a_xyz,mean_r2,0.9510641694068909
paired,visual_mean,9,valid,regression,object_b_xyz,mean_r2,0.9402750134468079
paired,visual_mean,9,valid,regression,target_xyz,mean_r2,0.2596198618412018
paired,visual_mean,9,valid,regression,alternative_xyz,mean_r2,0.23319388926029205
paired,visual_mean,9,valid,regression,eef_xyz,mean_r2,0.9711953997612
paired,visual_mean,9,valid,regression,robot_joint_pos,mean_r2,0.9733280539512634
paired,visual_mean,9,valid,regression,gripper_width,mean_r2,0.7795708179473877
paired,visual_mean,9,valid,regression,target_to_eef_xyz,mean_r2,0.37644827365875244
paired,visual_mean,9,valid,regression,alternative_to_eef_xyz,mean_r2,0.40056756138801575
paired,visual_mean,9,valid,regression,target_to_basket_xyz,mean_r2,0.2596994936466217
paired,visual_mean,9,valid,regression,eef_target_distance,mean_r2,0.15760552883148193
paired,visual_mean,9,valid,regression,eef_alternative_distance,mean_r2,0.18558907508850098
paired,visual_mean,9,valid,regression,target_basket_distance,mean_r2,0.23218798637390137
paired,visual_mean,9,valid,regression,target_displacement_xyz,mean_r2,0.32229918241500854
paired,visual_mean,9,valid,regression,target_speed_per_action_step,mean_r2,0.22603780031204224
paired,visual_mean,9,valid,regression,normalized_action_progress,mean_r2,0.7243167161941528
paired,visual_mean,9,valid,binary,target_grasped,auc,0.8317640692640692
paired,visual_mean,9,valid,binary,target_moved,auc,0.8781257003810072
paired,visual_mean,9,valid,binary,target_lifted,auc,0.8530492179652748
paired,visual_mean,9,valid,binary,near_target,auc,0.7501813894431344
paired,visual_mean,9,valid,binary,near_basket,auc,0.9741279069767442
paired,visual_mean,9,valid,phase,phase_coarse,macro_f1,0.6308869488964625
paired,visual_mean,9,test,regression,object_a_xyz,mean_r2,0.9675237536430359
paired,visual_mean,9,test,regression,object_b_xyz,mean_r2,0.9543440937995911
paired,visual_mean,9,test,regression,target_xyz,mean_r2,0.2828374207019806
paired,visual_mean,9,test,regression,alternative_xyz,mean_r2,0.27741560339927673
paired,visual_mean,9,test,regression,eef_xyz,mean_r2,0.9661996960639954
paired,visual_mean,9,test,regression,robot_joint_pos,mean_r2,0.9643892645835876
paired,visual_mean,9,test,regression,gripper_width,mean_r2,0.9132571816444397
paired,visual_mean,9,test,regression,target_to_eef_xyz,mean_r2,0.37313246726989746
paired,visual_mean,9,test,regression,alternative_to_eef_xyz,mean_r2,0.3780202567577362
paired,visual_mean,9,test,regression,target_to_basket_xyz,mean_r2,0.299165815114975
paired,visual_mean,9,test,regression,eef_target_distance,mean_r2,0.11886787414550781
paired,visual_mean,9,test,regression,eef_alternative_distance,mean_r2,0.10743296146392822
paired,visual_mean,9,test,regression,target_basket_distance,mean_r2,0.33041632175445557
paired,visual_mean,9,test,regression,target_displacement_xyz,mean_r2,0.3557504117488861
paired,visual_mean,9,test,regression,target_speed_per_action_step,mean_r2,0.20693975687026978
paired,visual_mean,9,test,regression,normalized_action_progress,mean_r2,0.7515201568603516
paired,visual_mean,9,test,binary,target_grasped,auc,0.8311733976290938
paired,visual_mean,9,test,binary,target_moved,auc,0.8727272727272728
paired,visual_mean,9,test,binary,target_lifted,auc,0.8522504892367906
paired,visual_mean,9,test,binary,near_target,auc,0.7531407554343335
paired,visual_mean,9,test,binary,near_basket,auc,0.9249164068076793
paired,visual_mean,9,test,phase,phase_coarse,macro_f1,0.6242062417522152
paired,visual_mean,10,valid,regression,object_a_xyz,mean_r2,0.9003095030784607
paired,visual_mean,10,valid,regression,object_b_xyz,mean_r2,0.908933162689209
paired,visual_mean,10,valid,regression,target_xyz,mean_r2,0.24342970550060272
paired,visual_mean,10,valid,regression,alternative_xyz,mean_r2,0.26732882857322693
paired,visual_mean,10,valid,regression,eef_xyz,mean_r2,0.9617628455162048
paired,visual_mean,10,valid,regression,robot_joint_pos,mean_r2,0.9539036154747009
paired,visual_mean,10,valid,regression,gripper_width,mean_r2,0.7581736445426941
paired,visual_mean,10,valid,regression,target_to_eef_xyz,mean_r2,0.4139440059661865
paired,visual_mean,10,valid,regression,alternative_to_eef_xyz,mean_r2,0.4399348199367523
paired,visual_mean,10,valid,regression,target_to_basket_xyz,mean_r2,0.25759682059288025
paired,visual_mean,10,valid,regression,eef_target_distance,mean_r2,0.09212064743041992
paired,visual_mean,10,valid,regression,eef_alternative_distance,mean_r2,0.1927470564842224
paired,visual_mean,10,valid,regression,target_basket_distance,mean_r2,0.24719536304473877
paired,visual_mean,10,valid,regression,target_displacement_xyz,mean_r2,0.31456950306892395
paired,visual_mean,10,valid,regression,target_speed_per_action_step,mean_r2,0.247949481010437
paired,visual_mean,10,valid,regression,normalized_action_progress,mean_r2,0.7555141448974609
paired,visual_mean,10,valid,binary,target_grasped,auc,0.8338744588744589
paired,visual_mean,10,valid,binary,target_moved,auc,0.8782537700509077
paired,visual_mean,10,valid,binary,target_lifted,auc,0.8535083943176927
paired,visual_mean,10,valid,binary,near_target,auc,0.7513604208235081
paired,visual_mean,10,valid,binary,near_basket,auc,0.9741279069767442
paired,visual_mean,10,valid,phase,phase_coarse,macro_f1,0.6259044227843646
paired,visual_mean,10,test,regression,object_a_xyz,mean_r2,0.9383189082145691
paired,visual_mean,10,test,regression,object_b_xyz,mean_r2,0.9454324841499329
paired,visual_mean,10,test,regression,target_xyz,mean_r2,0.2706369161605835
paired,visual_mean,10,test,regression,alternative_xyz,mean_r2,0.2718706429004669
paired,visual_mean,10,test,regression,eef_xyz,mean_r2,0.9617013335227966
paired,visual_mean,10,test,regression,robot_joint_pos,mean_r2,0.9433947801589966
paired,visual_mean,10,test,regression,gripper_width,mean_r2,0.8756223320960999
paired,visual_mean,10,test,regression,target_to_eef_xyz,mean_r2,0.39408087730407715
paired,visual_mean,10,test,regression,alternative_to_eef_xyz,mean_r2,0.3928663432598114
paired,visual_mean,10,test,regression,target_to_basket_xyz,mean_r2,0.3019231855869293
paired,visual_mean,10,test,regression,eef_target_distance,mean_r2,0.06011629104614258
paired,visual_mean,10,test,regression,eef_alternative_distance,mean_r2,0.13156616687774658
paired,visual_mean,10,test,regression,target_basket_distance,mean_r2,0.35505157709121704
paired,visual_mean,10,test,regression,target_displacement_xyz,mean_r2,0.3264007270336151
paired,visual_mean,10,test,regression,target_speed_per_action_step,mean_r2,0.2316637635231018
paired,visual_mean,10,test,regression,normalized_action_progress,mean_r2,0.7700936794281006
paired,visual_mean,10,test,binary,target_grasped,auc,0.8209513763311231
paired,visual_mean,10,test,binary,target_moved,auc,0.8737564322469984
paired,visual_mean,10,test,binary,target_lifted,auc,0.8517580124674382
paired,visual_mean,10,test,binary,near_target,auc,0.7188197371683611
paired,visual_mean,10,test,binary,near_basket,auc,0.9470075515647894
paired,visual_mean,10,test,phase,phase_coarse,macro_f1,0.6000942008095658
paired,visual_mean,11,valid,regression,object_a_xyz,mean_r2,0.9395512938499451
paired,visual_mean,11,valid,regression,object_b_xyz,mean_r2,0.9262344837188721
paired,visual_mean,11,valid,regression,target_xyz,mean_r2,0.2599655091762543
paired,visual_mean,11,valid,regression,alternative_xyz,mean_r2,0.17271947860717773
paired,visual_mean,11,valid,regression,eef_xyz,mean_r2,0.973832368850708
paired,visual_mean,11,valid,regression,robot_joint_pos,mean_r2,0.9639683365821838
paired,visual_mean,11,valid,regression,gripper_width,mean_r2,0.8006594181060791
paired,visual_mean,11,valid,regression,target_to_eef_xyz,mean_r2,0.4068550765514374
paired,visual_mean,11,valid,regression,alternative_to_eef_xyz,mean_r2,0.4045736789703369
paired,visual_mean,11,valid,regression,target_to_basket_xyz,mean_r2,0.2310299426317215
paired,visual_mean,11,valid,regression,eef_target_distance,mean_r2,0.06334418058395386
paired,visual_mean,11,valid,regression,eef_alternative_distance,mean_r2,0.08716124296188354
paired,visual_mean,11,valid,regression,target_basket_distance,mean_r2,0.22789937257766724
paired,visual_mean,11,valid,regression,target_displacement_xyz,mean_r2,0.3432246148586273
paired,visual_mean,11,valid,regression,target_speed_per_action_step,mean_r2,0.23862826824188232
paired,visual_mean,11,valid,regression,normalized_action_progress,mean_r2,0.7893104553222656
paired,visual_mean,11,valid,binary,target_grasped,auc,0.8283549783549784
paired,visual_mean,11,valid,binary,target_moved,auc,0.8785099093907085
paired,visual_mean,11,valid,binary,target_lifted,auc,0.8533936002295882
paired,visual_mean,11,valid,binary,near_target,auc,0.7514964629058589
paired,visual_mean,11,valid,binary,near_basket,auc,0.9781976744186047
paired,visual_mean,11,valid,phase,phase_coarse,macro_f1,0.620433005187996
paired,visual_mean,11,test,regression,object_a_xyz,mean_r2,0.9641241431236267
paired,visual_mean,11,test,regression,object_b_xyz,mean_r2,0.9555427432060242
paired,visual_mean,11,test,regression,target_xyz,mean_r2,0.2677971124649048
paired,visual_mean,11,test,regression,alternative_xyz,mean_r2,0.13170957565307617
paired,visual_mean,11,test,regression,eef_xyz,mean_r2,0.9664673209190369
paired,visual_mean,11,test,regression,robot_joint_pos,mean_r2,0.9529302716255188
paired,visual_mean,11,test,regression,gripper_width,mean_r2,0.9300036430358887
paired,visual_mean,11,test,regression,target_to_eef_xyz,mean_r2,0.3255843222141266
paired,visual_mean,11,test,regression,alternative_to_eef_xyz,mean_r2,0.30324652791023254
paired,visual_mean,11,test,regression,target_to_basket_xyz,mean_r2,0.2459970861673355
paired,visual_mean,11,test,regression,eef_target_distance,mean_r2,0.09864485263824463
paired,visual_mean,11,test,regression,eef_alternative_distance,mean_r2,0.055606186389923096
paired,visual_mean,11,test,regression,target_basket_distance,mean_r2,0.3030836582183838
paired,visual_mean,11,test,regression,target_displacement_xyz,mean_r2,0.3184645175933838
paired,visual_mean,11,test,regression,target_speed_per_action_step,mean_r2,0.21787214279174805
paired,visual_mean,11,test,regression,normalized_action_progress,mean_r2,0.7585201263427734
paired,visual_mean,11,test,binary,target_grasped,auc,0.8384317862165963
paired,visual_mean,11,test,binary,target_moved,auc,0.8750714694110922
paired,visual_mean,11,test,binary,target_lifted,auc,0.8522504892367906
paired,visual_mean,11,test,binary,near_target,auc,0.7521282750640549
paired,visual_mean,11,test,binary,near_basket,auc,0.9549723860690537
paired,visual_mean,11,test,phase,phase_coarse,macro_f1,0.619976648277185
paired,visual_mean,12,valid,regression,object_a_xyz,mean_r2,0.9472309947013855
paired,visual_mean,12,valid,regression,object_b_xyz,mean_r2,0.9329838752746582
paired,visual_mean,12,valid,regression,target_xyz,mean_r2,0.2736223638057709
paired,visual_mean,12,valid,regression,alternative_xyz,mean_r2,0.22411192953586578
paired,visual_mean,12,valid,regression,eef_xyz,mean_r2,0.9628190994262695
paired,visual_mean,12,valid,regression,robot_joint_pos,mean_r2,0.9657114148139954
paired,visual_mean,12,valid,regression,gripper_width,mean_r2,0.8098248243331909
paired,visual_mean,12,valid,regression,target_to_eef_xyz,mean_r2,0.4315411150455475
paired,visual_mean,12,valid,regression,alternative_to_eef_xyz,mean_r2,0.4316842555999756
paired,visual_mean,12,valid,regression,target_to_basket_xyz,mean_r2,0.2913992702960968
paired,visual_mean,12,valid,regression,eef_target_distance,mean_r2,0.1699863076210022
paired,visual_mean,12,valid,regression,eef_alternative_distance,mean_r2,0.1526457667350769
paired,visual_mean,12,valid,regression,target_basket_distance,mean_r2,0.2549373507499695
paired,visual_mean,12,valid,regression,target_displacement_xyz,mean_r2,0.3241124153137207
paired,visual_mean,12,valid,regression,target_speed_per_action_step,mean_r2,0.24031925201416016
paired,visual_mean,12,valid,regression,normalized_action_progress,mean_r2,0.7158836722373962
paired,visual_mean,12,valid,binary,target_grasped,auc,0.8336580086580087
paired,visual_mean,12,valid,binary,target_moved,auc,0.8772292126917043
paired,visual_mean,12,valid,binary,target_lifted,auc,0.8528770268331182
paired,visual_mean,12,valid,binary,near_target,auc,0.7509522945764556
paired,visual_mean,12,valid,binary,near_basket,auc,0.9709302325581396
paired,visual_mean,12,valid,phase,phase_coarse,macro_f1,0.6411359792169109
paired,visual_mean,12,test,regression,object_a_xyz,mean_r2,0.9593585133552551
paired,visual_mean,12,test,regression,object_b_xyz,mean_r2,0.9582145810127258
paired,visual_mean,12,test,regression,target_xyz,mean_r2,0.2832522690296173
paired,visual_mean,12,test,regression,alternative_xyz,mean_r2,0.24181358516216278
paired,visual_mean,12,test,regression,eef_xyz,mean_r2,0.9640591740608215
paired,visual_mean,12,test,regression,robot_joint_pos,mean_r2,0.9593884348869324
paired,visual_mean,12,test,regression,gripper_width,mean_r2,0.9020581841468811
paired,visual_mean,12,test,regression,target_to_eef_xyz,mean_r2,0.41006818413734436
paired,visual_mean,12,test,regression,alternative_to_eef_xyz,mean_r2,0.387094110250473
paired,visual_mean,12,test,regression,target_to_basket_xyz,mean_r2,0.2835472524166107
paired,visual_mean,12,test,regression,eef_target_distance,mean_r2,0.12260037660598755
paired,visual_mean,12,test,regression,eef_alternative_distance,mean_r2,0.08288651704788208
paired,visual_mean,12,test,regression,target_basket_distance,mean_r2,0.3578193187713623
paired,visual_mean,12,test,regression,target_displacement_xyz,mean_r2,0.3112033009529114
paired,visual_mean,12,test,regression,target_speed_per_action_step,mean_r2,0.14338302612304688
paired,visual_mean,12,test,regression,normalized_action_progress,mean_r2,0.7401779890060425
paired,visual_mean,12,test,binary,target_grasped,auc,0.8314245529435402
paired,visual_mean,12,test,binary,target_moved,auc,0.8753287592910235
paired,visual_mean,12,test,binary,target_lifted,auc,0.8521986495768588
paired,visual_mean,12,test,binary,near_target,auc,0.7522315893875527
paired,visual_mean,12,test,binary,near_basket,auc,0.9619604012473232
paired,visual_mean,12,test,phase,phase_coarse,macro_f1,0.6036918139625209
paired,visual_mean,13,valid,regression,object_a_xyz,mean_r2,0.9368113875389099
paired,visual_mean,13,valid,regression,object_b_xyz,mean_r2,0.9534885287284851
paired,visual_mean,13,valid,regression,target_xyz,mean_r2,0.21683484315872192
paired,visual_mean,13,valid,regression,alternative_xyz,mean_r2,0.2440144568681717
paired,visual_mean,13,valid,regression,eef_xyz,mean_r2,0.9645090699195862
paired,visual_mean,13,valid,regression,robot_joint_pos,mean_r2,0.9649807810783386
paired,visual_mean,13,valid,regression,gripper_width,mean_r2,0.8117542862892151
paired,visual_mean,13,valid,regression,target_to_eef_xyz,mean_r2,0.4129275381565094
paired,visual_mean,13,valid,regression,alternative_to_eef_xyz,mean_r2,0.39509889483451843
paired,visual_mean,13,valid,regression,target_to_basket_xyz,mean_r2,0.24517591297626495
paired,visual_mean,13,valid,regression,eef_target_distance,mean_r2,0.09437483549118042
paired,visual_mean,13,valid,regression,eef_alternative_distance,mean_r2,0.11582934856414795
paired,visual_mean,13,valid,regression,target_basket_distance,mean_r2,0.18102550506591797
paired,visual_mean,13,valid,regression,target_displacement_xyz,mean_r2,0.33625999093055725
paired,visual_mean,13,valid,regression,target_speed_per_action_step,mean_r2,0.27627187967300415
paired,visual_mean,13,valid,regression,normalized_action_progress,mean_r2,0.7167772054672241
paired,visual_mean,13,valid,binary,target_grasped,auc,0.8281926406926406
paired,visual_mean,13,valid,binary,target_moved,auc,0.8782537700509077
paired,visual_mean,13,valid,binary,target_lifted,auc,0.8532214090974315
paired,visual_mean,13,valid,binary,near_target,auc,0.7516325049882097
paired,visual_mean,13,valid,binary,near_basket,auc,0.9776162790697674
paired,visual_mean,13,valid,phase,phase_coarse,macro_f1,0.6424796292904005
paired,visual_mean,13,test,regression,object_a_xyz,mean_r2,0.9664630889892578
paired,visual_mean,13,test,regression,object_b_xyz,mean_r2,0.962623119354248
paired,visual_mean,13,test,regression,target_xyz,mean_r2,0.24213112890720367
paired,visual_mean,13,test,regression,alternative_xyz,mean_r2,0.26015976071357727
paired,visual_mean,13,test,regression,eef_xyz,mean_r2,0.9576301574707031
paired,visual_mean,13,test,regression,robot_joint_pos,mean_r2,0.9576125144958496
paired,visual_mean,13,test,regression,gripper_width,mean_r2,0.9135829210281372
paired,visual_mean,13,test,regression,target_to_eef_xyz,mean_r2,0.3829176425933838
paired,visual_mean,13,test,regression,alternative_to_eef_xyz,mean_r2,0.3929028809070587
paired,visual_mean,13,test,regression,target_to_basket_xyz,mean_r2,0.27120932936668396
paired,visual_mean,13,test,regression,eef_target_distance,mean_r2,0.03151792287826538
paired,visual_mean,13,test,regression,eef_alternative_distance,mean_r2,0.06300109624862671
paired,visual_mean,13,test,regression,target_basket_distance,mean_r2,0.297102153301239
paired,visual_mean,13,test,regression,target_displacement_xyz,mean_r2,0.32908758521080017
paired,visual_mean,13,test,regression,target_speed_per_action_step,mean_r2,0.1928168535232544
paired,visual_mean,13,test,regression,normalized_action_progress,mean_r2,0.7301123738288879
paired,visual_mean,13,test,binary,target_grasped,auc,0.8322533654812135
paired,visual_mean,13,test,binary,target_moved,auc,0.8749571183533448
paired,visual_mean,13,test,binary,target_lifted,auc,0.8522504892367906
paired,visual_mean,13,test,binary,near_target,auc,0.7453095297131995
paired,visual_mean,13,test,binary,near_basket,auc,0.9613592816620957
paired,visual_mean,13,test,phase,phase_coarse,macro_f1,0.5957734641136715
paired,visual_mean,14,valid,regression,object_a_xyz,mean_r2,0.9493656158447266
paired,visual_mean,14,valid,regression,object_b_xyz,mean_r2,0.9428326487541199
paired,visual_mean,14,valid,regression,target_xyz,mean_r2,0.269231379032135
paired,visual_mean,14,valid,regression,alternative_xyz,mean_r2,0.2731645703315735
paired,visual_mean,14,valid,regression,eef_xyz,mean_r2,0.9685025215148926
paired,visual_mean,14,valid,regression,robot_joint_pos,mean_r2,0.96290123462677
paired,visual_mean,14,valid,regression,gripper_width,mean_r2,0.8191148042678833
paired,visual_mean,14,valid,regression,target_to_eef_xyz,mean_r2,0.4104146957397461
paired,visual_mean,14,valid,regression,alternative_to_eef_xyz,mean_r2,0.4365575313568115
paired,visual_mean,14,valid,regression,target_to_basket_xyz,mean_r2,0.2798886001110077
paired,visual_mean,14,valid,regression,eef_target_distance,mean_r2,0.12321388721466064
paired,visual_mean,14,valid,regression,eef_alternative_distance,mean_r2,0.11429524421691895
paired,visual_mean,14,valid,regression,target_basket_distance,mean_r2,0.2140180468559265
paired,visual_mean,14,valid,regression,target_displacement_xyz,mean_r2,0.32737401127815247
paired,visual_mean,14,valid,regression,target_speed_per_action_step,mean_r2,0.2831370234489441
paired,visual_mean,14,valid,regression,normalized_action_progress,mean_r2,0.6631589531898499
paired,visual_mean,14,valid,binary,target_grasped,auc,0.8287337662337663
paired,visual_mean,14,valid,binary,target_moved,auc,0.8746678192936957
paired,visual_mean,14,valid,binary,target_lifted,auc,0.8534509972736405
paired,visual_mean,14,valid,binary,near_target,auc,0.7509976419372393
paired,visual_mean,14,valid,binary,near_basket,auc,0.977906976744186
paired,visual_mean,14,valid,phase,phase_coarse,macro_f1,0.644389543873548
paired,visual_mean,14,test,regression,object_a_xyz,mean_r2,0.9607697129249573
paired,visual_mean,14,test,regression,object_b_xyz,mean_r2,0.956095278263092
paired,visual_mean,14,test,regression,target_xyz,mean_r2,0.24554657936096191
paired,visual_mean,14,test,regression,alternative_xyz,mean_r2,0.25847628712654114
paired,visual_mean,14,test,regression,eef_xyz,mean_r2,0.9606711268424988
paired,visual_mean,14,test,regression,robot_joint_pos,mean_r2,0.9535912871360779
paired,visual_mean,14,test,regression,gripper_width,mean_r2,0.9324510097503662
paired,visual_mean,14,test,regression,target_to_eef_xyz,mean_r2,0.3702147901058197
paired,visual_mean,14,test,regression,alternative_to_eef_xyz,mean_r2,0.3864622414112091
paired,visual_mean,14,test,regression,target_to_basket_xyz,mean_r2,0.2804820239543915
paired,visual_mean,14,test,regression,eef_target_distance,mean_r2,0.12215793132781982
paired,visual_mean,14,test,regression,eef_alternative_distance,mean_r2,0.11711829900741577
paired,visual_mean,14,test,regression,target_basket_distance,mean_r2,0.3215000629425049
paired,visual_mean,14,test,regression,target_displacement_xyz,mean_r2,0.29761365056037903
paired,visual_mean,14,test,regression,target_speed_per_action_step,mean_r2,0.2714771032333374
paired,visual_mean,14,test,regression,normalized_action_progress,mean_r2,0.7481081485748291
paired,visual_mean,14,test,binary,target_grasped,auc,0.837602973678923
paired,visual_mean,14,test,binary,target_moved,auc,0.8742710120068611
paired,visual_mean,14,test,binary,target_lifted,auc,0.8522504892367906
paired,visual_mean,14,test,binary,near_target,auc,0.7479130506653443
paired,visual_mean,14,test,binary,near_basket,auc,0.9619604012473232
paired,visual_mean,14,test,phase,phase_coarse,macro_f1,0.6106600750709511
paired,visual_mean,15,valid,regression,object_a_xyz,mean_r2,0.9440750479698181
paired,visual_mean,15,valid,regression,object_b_xyz,mean_r2,0.9389625191688538
paired,visual_mean,15,valid,regression,target_xyz,mean_r2,0.28191035985946655
paired,visual_mean,15,valid,regression,alternative_xyz,mean_r2,0.27010613679885864
paired,visual_mean,15,valid,regression,eef_xyz,mean_r2,0.9600310325622559
paired,visual_mean,15,valid,regression,robot_joint_pos,mean_r2,0.9556002020835876
paired,visual_mean,15,valid,regression,gripper_width,mean_r2,0.7947739958763123
paired,visual_mean,15,valid,regression,target_to_eef_xyz,mean_r2,0.4208902418613434
paired,visual_mean,15,valid,regression,alternative_to_eef_xyz,mean_r2,0.42901065945625305
paired,visual_mean,15,valid,regression,target_to_basket_xyz,mean_r2,0.2856282889842987
paired,visual_mean,15,valid,regression,eef_target_distance,mean_r2,0.06195026636123657
paired,visual_mean,15,valid,regression,eef_alternative_distance,mean_r2,0.11882764101028442
paired,visual_mean,15,valid,regression,target_basket_distance,mean_r2,0.2428378462791443
paired,visual_mean,15,valid,regression,target_displacement_xyz,mean_r2,0.3011952340602875
paired,visual_mean,15,valid,regression,target_speed_per_action_step,mean_r2,0.2806083559989929
paired,visual_mean,15,valid,regression,normalized_action_progress,mean_r2,0.7454231381416321
paired,visual_mean,15,valid,binary,target_grasped,auc,0.8278138528138528
paired,visual_mean,15,valid,binary,target_moved,auc,0.8784458745557583
paired,visual_mean,15,valid,binary,target_lifted,auc,0.8531640120533793
paired,visual_mean,15,valid,binary,near_target,auc,0.7478233266823872
paired,visual_mean,15,valid,binary,near_basket,auc,0.9758720930232558
paired,visual_mean,15,valid,phase,phase_coarse,macro_f1,0.6292520934722771
paired,visual_mean,15,test,regression,object_a_xyz,mean_r2,0.9572601914405823
paired,visual_mean,15,test,regression,object_b_xyz,mean_r2,0.9529044032096863
paired,visual_mean,15,test,regression,target_xyz,mean_r2,0.29673123359680176
paired,visual_mean,15,test,regression,alternative_xyz,mean_r2,0.2853500247001648
paired,visual_mean,15,test,regression,eef_xyz,mean_r2,0.9592545628547668
paired,visual_mean,15,test,regression,robot_joint_pos,mean_r2,0.9394052624702454
paired,visual_mean,15,test,regression,gripper_width,mean_r2,0.9014303088188171
paired,visual_mean,15,test,regression,target_to_eef_xyz,mean_r2,0.4144991934299469
paired,visual_mean,15,test,regression,alternative_to_eef_xyz,mean_r2,0.40890955924987793
paired,visual_mean,15,test,regression,target_to_basket_xyz,mean_r2,0.2986655533313751
paired,visual_mean,15,test,regression,eef_target_distance,mean_r2,0.016754984855651855
paired,visual_mean,15,test,regression,eef_alternative_distance,mean_r2,0.10175073146820068
paired,visual_mean,15,test,regression,target_basket_distance,mean_r2,0.3387378454208374
paired,visual_mean,15,test,regression,target_displacement_xyz,mean_r2,0.31432583928108215
paired,visual_mean,15,test,regression,target_speed_per_action_step,mean_r2,0.2349802851676941
paired,visual_mean,15,test,regression,normalized_action_progress,mean_r2,0.7354503273963928
paired,visual_mean,15,test,binary,target_grasped,auc,0.8331324090817762
paired,visual_mean,15,test,binary,target_moved,auc,0.8740137221269297
paired,visual_mean,15,test,binary,target_lifted,auc,0.8521986495768588
paired,visual_mean,15,test,binary,near_target,auc,0.7462806843540789
paired,visual_mean,15,test,binary,near_basket,auc,0.9618101213510163
paired,visual_mean,15,test,phase,phase_coarse,macro_f1,0.5996061893622326
paired,visual_mean,16,valid,regression,object_a_xyz,mean_r2,0.9408487677574158
paired,visual_mean,16,valid,regression,object_b_xyz,mean_r2,0.9359809756278992
paired,visual_mean,16,valid,regression,target_xyz,mean_r2,0.269949346780777
paired,visual_mean,16,valid,regression,alternative_xyz,mean_r2,0.2536550462245941
paired,visual_mean,16,valid,regression,eef_xyz,mean_r2,0.9639299511909485
paired,visual_mean,16,valid,regression,robot_joint_pos,mean_r2,0.9580599069595337
paired,visual_mean,16,valid,regression,gripper_width,mean_r2,0.7901426553726196
paired,visual_mean,16,valid,regression,target_to_eef_xyz,mean_r2,0.4162966310977936
paired,visual_mean,16,valid,regression,alternative_to_eef_xyz,mean_r2,0.429583340883255
paired,visual_mean,16,valid,regression,target_to_basket_xyz,mean_r2,0.2642434537410736
paired,visual_mean,16,valid,regression,eef_target_distance,mean_r2,0.1511637568473816
paired,visual_mean,16,valid,regression,eef_alternative_distance,mean_r2,0.13322973251342773
paired,visual_mean,16,valid,regression,target_basket_distance,mean_r2,0.23542696237564087
paired,visual_mean,16,valid,regression,target_displacement_xyz,mean_r2,0.30106478929519653
paired,visual_mean,16,valid,regression,target_speed_per_action_step,mean_r2,0.23325985670089722
paired,visual_mean,16,valid,regression,normalized_action_progress,mean_r2,0.7045166492462158
paired,visual_mean,16,valid,binary,target_grasped,auc,0.8315476190476191
paired,visual_mean,16,valid,binary,target_moved,auc,0.8767809688470528
paired,visual_mean,16,valid,binary,target_lifted,auc,0.853106615009327
paired,visual_mean,16,valid,binary,near_target,auc,0.7512243787411573
paired,visual_mean,16,valid,binary,near_basket,auc,0.9767441860465117
paired,visual_mean,16,valid,phase,phase_coarse,macro_f1,0.6309922394554911
paired,visual_mean,16,test,regression,object_a_xyz,mean_r2,0.9537026882171631
paired,visual_mean,16,test,regression,object_b_xyz,mean_r2,0.9483187794685364
paired,visual_mean,16,test,regression,target_xyz,mean_r2,0.2775243818759918
paired,visual_mean,16,test,regression,alternative_xyz,mean_r2,0.2509414851665497
paired,visual_mean,16,test,regression,eef_xyz,mean_r2,0.9612908363342285
paired,visual_mean,16,test,regression,robot_joint_pos,mean_r2,0.9393411874771118
paired,visual_mean,16,test,regression,gripper_width,mean_r2,0.8810708522796631
paired,visual_mean,16,test,regression,target_to_eef_xyz,mean_r2,0.39199045300483704
paired,visual_mean,16,test,regression,alternative_to_eef_xyz,mean_r2,0.3895767033100128
paired,visual_mean,16,test,regression,target_to_basket_xyz,mean_r2,0.2690419852733612
paired,visual_mean,16,test,regression,eef_target_distance,mean_r2,0.08624351024627686
paired,visual_mean,16,test,regression,eef_alternative_distance,mean_r2,0.07812464237213135
paired,visual_mean,16,test,regression,target_basket_distance,mean_r2,0.32606202363967896
paired,visual_mean,16,test,regression,target_displacement_xyz,mean_r2,0.25676727294921875
paired,visual_mean,16,test,regression,target_speed_per_action_step,mean_r2,0.23624902963638306
paired,visual_mean,16,test,regression,normalized_action_progress,mean_r2,0.7440097332000732
paired,visual_mean,16,test,binary,target_grasped,auc,0.828963230861965
paired,visual_mean,16,test,binary,target_moved,auc,0.873327615780446
paired,visual_mean,16,test,binary,target_lifted,auc,0.850617539948938
paired,visual_mean,16,test,binary,near_target,auc,0.7511571204231755
paired,visual_mean,16,test,binary,near_basket,auc,0.9578277040988842
paired,visual_mean,16,test,phase,phase_coarse,macro_f1,0.6020179340550147
paired,visual_mean,17,valid,regression,object_a_xyz,mean_r2,0.9391107559204102
paired,visual_mean,17,valid,regression,object_b_xyz,mean_r2,0.9282391667366028
paired,visual_mean,17,valid,regression,target_xyz,mean_r2,0.258664071559906
paired,visual_mean,17,valid,regression,alternative_xyz,mean_r2,0.27084577083587646
paired,visual_mean,17,valid,regression,eef_xyz,mean_r2,0.9575462341308594
paired,visual_mean,17,valid,regression,robot_joint_pos,mean_r2,0.9553879499435425
paired,visual_mean,17,valid,regression,gripper_width,mean_r2,0.7811031341552734
paired,visual_mean,17,valid,regression,target_to_eef_xyz,mean_r2,0.42137137055397034
paired,visual_mean,17,valid,regression,alternative_to_eef_xyz,mean_r2,0.43154123425483704
paired,visual_mean,17,valid,regression,target_to_basket_xyz,mean_r2,0.24582159519195557
paired,visual_mean,17,valid,regression,eef_target_distance,mean_r2,0.15380549430847168
paired,visual_mean,17,valid,regression,eef_alternative_distance,mean_r2,0.14359092712402344
paired,visual_mean,17,valid,regression,target_basket_distance,mean_r2,0.238960862159729
paired,visual_mean,17,valid,regression,target_displacement_xyz,mean_r2,0.34100064635276794
paired,visual_mean,17,valid,regression,target_speed_per_action_step,mean_r2,0.28590255975723267
paired,visual_mean,17,valid,regression,normalized_action_progress,mean_r2,0.7475887537002563
paired,visual_mean,17,valid,binary,target_grasped,auc,0.8283008658008658
paired,visual_mean,17,valid,binary,target_moved,auc,0.8785739442256587
paired,visual_mean,17,valid,binary,target_lifted,auc,0.8535657913617449
paired,visual_mean,17,valid,binary,near_target,auc,0.7512243787411573
paired,visual_mean,17,valid,binary,near_basket,auc,0.9770348837209303
paired,visual_mean,17,valid,phase,phase_coarse,macro_f1,0.6276171364871738
paired,visual_mean,17,test,regression,object_a_xyz,mean_r2,0.9518966674804688
paired,visual_mean,17,test,regression,object_b_xyz,mean_r2,0.9551320672035217
paired,visual_mean,17,test,regression,target_xyz,mean_r2,0.2393311709165573
paired,visual_mean,17,test,regression,alternative_xyz,mean_r2,0.26848194003105164
paired,visual_mean,17,test,regression,eef_xyz,mean_r2,0.9536323547363281
paired,visual_mean,17,test,regression,robot_joint_pos,mean_r2,0.9353837966918945
paired,visual_mean,17,test,regression,gripper_width,mean_r2,0.9081659317016602
paired,visual_mean,17,test,regression,target_to_eef_xyz,mean_r2,0.39254578948020935
paired,visual_mean,17,test,regression,alternative_to_eef_xyz,mean_r2,0.40984344482421875
paired,visual_mean,17,test,regression,target_to_basket_xyz,mean_r2,0.24309809505939484
paired,visual_mean,17,test,regression,eef_target_distance,mean_r2,0.07108879089355469
paired,visual_mean,17,test,regression,eef_alternative_distance,mean_r2,0.10382968187332153
paired,visual_mean,17,test,regression,target_basket_distance,mean_r2,0.27534157037734985
paired,visual_mean,17,test,regression,target_displacement_xyz,mean_r2,0.29766854643821716
paired,visual_mean,17,test,regression,target_speed_per_action_step,mean_r2,0.1909053921699524
paired,visual_mean,17,test,regression,normalized_action_progress,mean_r2,0.7343155145645142
paired,visual_mean,17,test,binary,target_grasped,auc,0.8365732368896925
paired,visual_mean,17,test,binary,target_moved,auc,0.8750714694110922
paired,visual_mean,17,test,binary,target_lifted,auc,0.8518616917873019
paired,visual_mean,17,test,binary,near_target,auc,0.746177370030581
paired,visual_mean,17,test,binary,near_basket,auc,0.9592553631137994
paired,visual_mean,17,test,phase,phase_coarse,macro_f1,0.6179640970395748
paired,visual_mean,18,valid,regression,object_a_xyz,mean_r2,0.9211437106132507
paired,visual_mean,18,valid,regression,object_b_xyz,mean_r2,0.9212425351142883
paired,visual_mean,18,valid,regression,target_xyz,mean_r2,0.2648971676826477
paired,visual_mean,18,valid,regression,alternative_xyz,mean_r2,0.22888414561748505
paired,visual_mean,18,valid,regression,eef_xyz,mean_r2,0.9538541436195374
paired,visual_mean,18,valid,regression,robot_joint_pos,mean_r2,0.9451168775558472
paired,visual_mean,18,valid,regression,gripper_width,mean_r2,0.7982332706451416
paired,visual_mean,18,valid,regression,target_to_eef_xyz,mean_r2,0.3893129825592041
paired,visual_mean,18,valid,regression,alternative_to_eef_xyz,mean_r2,0.3802516460418701
paired,visual_mean,18,valid,regression,target_to_basket_xyz,mean_r2,0.2652779221534729
paired,visual_mean,18,valid,regression,eef_target_distance,mean_r2,0.16995632648468018
paired,visual_mean,18,valid,regression,eef_alternative_distance,mean_r2,0.16260766983032227
paired,visual_mean,18,valid,regression,target_basket_distance,mean_r2,0.21708256006240845
paired,visual_mean,18,valid,regression,target_displacement_xyz,mean_r2,0.3291809558868408
paired,visual_mean,18,valid,regression,target_speed_per_action_step,mean_r2,0.2759290933609009
paired,visual_mean,18,valid,regression,normalized_action_progress,mean_r2,0.7545139789581299
paired,visual_mean,18,valid,binary,target_grasped,auc,0.8318722943722944
paired,visual_mean,18,valid,binary,target_moved,auc,0.876845003682003
paired,visual_mean,18,valid,binary,target_lifted,auc,0.8532788061414838
paired,visual_mean,18,valid,binary,near_target,auc,0.7505441683294033
paired,visual_mean,18,valid,binary,near_basket,auc,0.9694767441860466
paired,visual_mean,18,valid,phase,phase_coarse,macro_f1,0.6500200805774239
paired,visual_mean,18,test,regression,object_a_xyz,mean_r2,0.9399612545967102
paired,visual_mean,18,test,regression,object_b_xyz,mean_r2,0.9281325340270996
paired,visual_mean,18,test,regression,target_xyz,mean_r2,0.25796085596084595
paired,visual_mean,18,test,regression,alternative_xyz,mean_r2,0.26600024104118347
paired,visual_mean,18,test,regression,eef_xyz,mean_r2,0.9405484795570374
paired,visual_mean,18,test,regression,robot_joint_pos,mean_r2,0.9380307197570801
paired,visual_mean,18,test,regression,gripper_width,mean_r2,0.8641558289527893
paired,visual_mean,18,test,regression,target_to_eef_xyz,mean_r2,0.36236223578453064
paired,visual_mean,18,test,regression,alternative_to_eef_xyz,mean_r2,0.38567039370536804
paired,visual_mean,18,test,regression,target_to_basket_xyz,mean_r2,0.2584446966648102
paired,visual_mean,18,test,regression,eef_target_distance,mean_r2,0.09263432025909424
paired,visual_mean,18,test,regression,eef_alternative_distance,mean_r2,0.049838900566101074
paired,visual_mean,18,test,regression,target_basket_distance,mean_r2,0.28248006105422974
paired,visual_mean,18,test,regression,target_displacement_xyz,mean_r2,0.3094008266925812
paired,visual_mean,18,test,regression,target_speed_per_action_step,mean_r2,0.1918531060218811
paired,visual_mean,18,test,regression,normalized_action_progress,mean_r2,0.718284010887146
paired,visual_mean,18,test,binary,target_grasped,auc,0.8364476592324693
paired,visual_mean,18,test,binary,target_moved,auc,0.8746998284734134
paired,visual_mean,18,test,binary,target_lifted,auc,0.8515506538277109
paired,visual_mean,18,test,binary,near_target,auc,0.7416108769319779
paired,visual_mean,18,test,binary,near_basket,auc,0.9575271443062705
paired,visual_mean,18,test,phase,phase_coarse,macro_f1,0.5864712963595063
paired,visual_mean,19,valid,regression,object_a_xyz,mean_r2,0.9423145651817322
paired,visual_mean,19,valid,regression,object_b_xyz,mean_r2,0.9294509887695312
paired,visual_mean,19,valid,regression,target_xyz,mean_r2,0.2286621779203415
paired,visual_mean,19,valid,regression,alternative_xyz,mean_r2,0.2470090240240097
paired,visual_mean,19,valid,regression,eef_xyz,mean_r2,0.9576511383056641
paired,visual_mean,19,valid,regression,robot_joint_pos,mean_r2,0.9510244131088257
paired,visual_mean,19,valid,regression,gripper_width,mean_r2,0.8127200603485107
paired,visual_mean,19,valid,regression,target_to_eef_xyz,mean_r2,0.3901693820953369
paired,visual_mean,19,valid,regression,alternative_to_eef_xyz,mean_r2,0.42960095405578613
paired,visual_mean,19,valid,regression,target_to_basket_xyz,mean_r2,0.25866755843162537
paired,visual_mean,19,valid,regression,eef_target_distance,mean_r2,0.14938783645629883
paired,visual_mean,19,valid,regression,eef_alternative_distance,mean_r2,0.15788382291793823
paired,visual_mean,19,valid,regression,target_basket_distance,mean_r2,0.19657516479492188
paired,visual_mean,19,valid,regression,target_displacement_xyz,mean_r2,0.29894500970840454
paired,visual_mean,19,valid,regression,target_speed_per_action_step,mean_r2,0.2624385952949524
paired,visual_mean,19,valid,regression,normalized_action_progress,mean_r2,0.6963204741477966
paired,visual_mean,19,valid,binary,target_grasped,auc,0.8343614718614718
paired,visual_mean,19,valid,binary,target_moved,auc,0.8778055262062562
paired,visual_mean,19,valid,binary,target_lifted,auc,0.8530492179652748
paired,visual_mean,19,valid,binary,near_target,auc,0.7509069472156721
paired,visual_mean,19,valid,binary,near_basket,auc,0.9787790697674419
paired,visual_mean,19,valid,phase,phase_coarse,macro_f1,0.637478572437922
paired,visual_mean,19,test,regression,object_a_xyz,mean_r2,0.9544878005981445
paired,visual_mean,19,test,regression,object_b_xyz,mean_r2,0.9470806121826172
paired,visual_mean,19,test,regression,target_xyz,mean_r2,0.24029874801635742
paired,visual_mean,19,test,regression,alternative_xyz,mean_r2,0.24200879037380219
paired,visual_mean,19,test,regression,eef_xyz,mean_r2,0.9452791213989258
paired,visual_mean,19,test,regression,robot_joint_pos,mean_r2,0.9363945126533508
paired,visual_mean,19,test,regression,gripper_width,mean_r2,0.9001339077949524
paired,visual_mean,19,test,regression,target_to_eef_xyz,mean_r2,0.3630240857601166
paired,visual_mean,19,test,regression,alternative_to_eef_xyz,mean_r2,0.38295674324035645
paired,visual_mean,19,test,regression,target_to_basket_xyz,mean_r2,0.2826205790042877
paired,visual_mean,19,test,regression,eef_target_distance,mean_r2,0.0896039605140686
paired,visual_mean,19,test,regression,eef_alternative_distance,mean_r2,0.0594792366027832
paired,visual_mean,19,test,regression,target_basket_distance,mean_r2,0.30703920125961304
paired,visual_mean,19,test,regression,target_displacement_xyz,mean_r2,0.29715412855148315
paired,visual_mean,19,test,regression,target_speed_per_action_step,mean_r2,0.22938001155853271
paired,visual_mean,19,test,regression,normalized_action_progress,mean_r2,0.7433642148971558
paired,visual_mean,19,test,binary,target_grasped,auc,0.8387582881253768
paired,visual_mean,19,test,binary,target_moved,auc,0.8737850200114352
paired,visual_mean,19,test,binary,target_lifted,auc,0.8521986495768588
paired,visual_mean,19,test,binary,near_target,auc,0.7517976692288619
paired,visual_mean,19,test,binary,near_basket,auc,0.9578277040988842
paired,visual_mean,19,test,phase,phase_coarse,macro_f1,0.6015284765938858
paired,visual_mean,20,valid,regression,object_a_xyz,mean_r2,0.9251434803009033
paired,visual_mean,20,valid,regression,object_b_xyz,mean_r2,0.9157549738883972
paired,visual_mean,20,valid,regression,target_xyz,mean_r2,0.2447882890701294
paired,visual_mean,20,valid,regression,alternative_xyz,mean_r2,0.20335161685943604
paired,visual_mean,20,valid,regression,eef_xyz,mean_r2,0.9345207810401917
paired,visual_mean,20,valid,regression,robot_joint_pos,mean_r2,0.9453161358833313
paired,visual_mean,20,valid,regression,gripper_width,mean_r2,0.7708083391189575
paired,visual_mean,20,valid,regression,target_to_eef_xyz,mean_r2,0.39408621191978455
paired,visual_mean,20,valid,regression,alternative_to_eef_xyz,mean_r2,0.41171932220458984
paired,visual_mean,20,valid,regression,target_to_basket_xyz,mean_r2,0.26019033789634705
paired,visual_mean,20,valid,regression,eef_target_distance,mean_r2,0.13586902618408203
paired,visual_mean,20,valid,regression,eef_alternative_distance,mean_r2,0.1425609588623047
paired,visual_mean,20,valid,regression,target_basket_distance,mean_r2,0.19058233499526978
paired,visual_mean,20,valid,regression,target_displacement_xyz,mean_r2,0.3230205476284027
paired,visual_mean,20,valid,regression,target_speed_per_action_step,mean_r2,0.27974164485931396
paired,visual_mean,20,valid,regression,normalized_action_progress,mean_r2,0.7254495620727539
paired,visual_mean,20,valid,binary,target_grasped,auc,0.8330627705627706
paired,visual_mean,20,valid,binary,target_moved,auc,0.8763967598373515
paired,visual_mean,20,valid,binary,target_lifted,auc,0.8536231884057971
paired,visual_mean,20,valid,binary,near_target,auc,0.7512697261019409
paired,visual_mean,20,valid,binary,near_basket,auc,0.9784883720930233
paired,visual_mean,20,valid,phase,phase_coarse,macro_f1,0.644055044055044
paired,visual_mean,20,test,regression,object_a_xyz,mean_r2,0.9431665539741516
paired,visual_mean,20,test,regression,object_b_xyz,mean_r2,0.9419231414794922
paired,visual_mean,20,test,regression,target_xyz,mean_r2,0.25854989886283875
paired,visual_mean,20,test,regression,alternative_xyz,mean_r2,0.22760958969593048
paired,visual_mean,20,test,regression,eef_xyz,mean_r2,0.9285504221916199
paired,visual_mean,20,test,regression,robot_joint_pos,mean_r2,0.9187752604484558
paired,visual_mean,20,test,regression,gripper_width,mean_r2,0.8621588349342346
paired,visual_mean,20,test,regression,target_to_eef_xyz,mean_r2,0.3559345304965973
paired,visual_mean,20,test,regression,alternative_to_eef_xyz,mean_r2,0.3518882691860199
paired,visual_mean,20,test,regression,target_to_basket_xyz,mean_r2,0.26531556248664856
paired,visual_mean,20,test,regression,eef_target_distance,mean_r2,0.07744652032852173
paired,visual_mean,20,test,regression,eef_alternative_distance,mean_r2,0.08172458410263062
paired,visual_mean,20,test,regression,target_basket_distance,mean_r2,0.2660787105560303
paired,visual_mean,20,test,regression,target_displacement_xyz,mean_r2,0.32867589592933655
paired,visual_mean,20,test,regression,target_speed_per_action_step,mean_r2,0.28904980421066284
paired,visual_mean,20,test,regression,normalized_action_progress,mean_r2,0.7578692436218262
paired,visual_mean,20,test,binary,target_grasped,auc,0.8350914205344585
paired,visual_mean,20,test,binary,target_moved,auc,0.8745568896512294
paired,visual_mean,20,test,binary,target_lifted,auc,0.8513951348479154
paired,visual_mean,20,test,binary,near_target,auc,0.7468385817009671
paired,visual_mean,20,test,binary,near_basket,auc,0.948134650787091
paired,visual_mean,20,test,phase,phase_coarse,macro_f1,0.6043182240256969
paired,visual_mean,21,valid,regression,object_a_xyz,mean_r2,0.9107668995857239
paired,visual_mean,21,valid,regression,object_b_xyz,mean_r2,0.9264994263648987
paired,visual_mean,21,valid,regression,target_xyz,mean_r2,0.24591214954853058
paired,visual_mean,21,valid,regression,alternative_xyz,mean_r2,0.2375495582818985
paired,visual_mean,21,valid,regression,eef_xyz,mean_r2,0.946544349193573
paired,visual_mean,21,valid,regression,robot_joint_pos,mean_r2,0.9488024711608887
paired,visual_mean,21,valid,regression,gripper_width,mean_r2,0.8456215262413025
paired,visual_mean,21,valid,regression,target_to_eef_xyz,mean_r2,0.40818318724632263
paired,visual_mean,21,valid,regression,alternative_to_eef_xyz,mean_r2,0.4156173765659332
paired,visual_mean,21,valid,regression,target_to_basket_xyz,mean_r2,0.23615695536136627
paired,visual_mean,21,valid,regression,eef_target_distance,mean_r2,0.1282261610031128
paired,visual_mean,21,valid,regression,eef_alternative_distance,mean_r2,0.13499152660369873
paired,visual_mean,21,valid,regression,target_basket_distance,mean_r2,0.17415958642959595
paired,visual_mean,21,valid,regression,target_displacement_xyz,mean_r2,0.30129650235176086
paired,visual_mean,21,valid,regression,target_speed_per_action_step,mean_r2,0.25055819749832153
paired,visual_mean,21,valid,regression,normalized_action_progress,mean_r2,0.6972416043281555
paired,visual_mean,21,valid,binary,target_grasped,auc,0.8318181818181818
paired,visual_mean,21,valid,binary,target_moved,auc,0.8781897352159574
paired,visual_mean,21,valid,binary,target_lifted,auc,0.8533936002295882
paired,visual_mean,21,valid,binary,near_target,auc,0.7489116633411935
paired,visual_mean,21,valid,binary,near_basket,auc,0.9781976744186047
paired,visual_mean,21,valid,phase,phase_coarse,macro_f1,0.6525446963046743
paired,visual_mean,21,test,regression,object_a_xyz,mean_r2,0.928997814655304
paired,visual_mean,21,test,regression,object_b_xyz,mean_r2,0.936038076877594
paired,visual_mean,21,test,regression,target_xyz,mean_r2,0.254133403301239
paired,visual_mean,21,test,regression,alternative_xyz,mean_r2,0.23761655390262604
paired,visual_mean,21,test,regression,eef_xyz,mean_r2,0.9326213002204895
paired,visual_mean,21,test,regression,robot_joint_pos,mean_r2,0.9350425601005554
paired,visual_mean,21,test,regression,gripper_width,mean_r2,0.8845667839050293
paired,visual_mean,21,test,regression,target_to_eef_xyz,mean_r2,0.3923518657684326
paired,visual_mean,21,test,regression,alternative_to_eef_xyz,mean_r2,0.3635594844818115
paired,visual_mean,21,test,regression,target_to_basket_xyz,mean_r2,0.25738319754600525
paired,visual_mean,21,test,regression,eef_target_distance,mean_r2,0.0923735499382019
paired,visual_mean,21,test,regression,eef_alternative_distance,mean_r2,0.07857036590576172
paired,visual_mean,21,test,regression,target_basket_distance,mean_r2,0.3124302625656128
paired,visual_mean,21,test,regression,target_displacement_xyz,mean_r2,0.2976019084453583
paired,visual_mean,21,test,regression,target_speed_per_action_step,mean_r2,0.2109917402267456
paired,visual_mean,21,test,regression,normalized_action_progress,mean_r2,0.7420607805252075
paired,visual_mean,21,test,binary,target_grasped,auc,0.8392857142857143
paired,visual_mean,21,test,binary,target_moved,auc,0.8753573470554603
paired,visual_mean,21,test,binary,target_lifted,auc,0.8520172107670974
paired,visual_mean,21,test,binary,near_target,auc,0.7504132572939913
paired,visual_mean,21,test,binary,near_basket,auc,0.959180223165646
paired,visual_mean,21,test,phase,phase_coarse,macro_f1,0.6113430025685841
paired,visual_mean,22,valid,regression,object_a_xyz,mean_r2,0.9134438633918762
paired,visual_mean,22,valid,regression,object_b_xyz,mean_r2,0.9175564646720886
paired,visual_mean,22,valid,regression,target_xyz,mean_r2,0.23878328502178192
paired,visual_mean,22,valid,regression,alternative_xyz,mean_r2,0.2384602278470993
paired,visual_mean,22,valid,regression,eef_xyz,mean_r2,0.9309021830558777
paired,visual_mean,22,valid,regression,robot_joint_pos,mean_r2,0.9435312151908875
paired,visual_mean,22,valid,regression,gripper_width,mean_r2,0.7784024477005005
paired,visual_mean,22,valid,regression,target_to_eef_xyz,mean_r2,0.417826384305954
paired,visual_mean,22,valid,regression,alternative_to_eef_xyz,mean_r2,0.4071941375732422
paired,visual_mean,22,valid,regression,target_to_basket_xyz,mean_r2,0.2447766661643982
paired,visual_mean,22,valid,regression,eef_target_distance,mean_r2,0.07085949182510376
paired,visual_mean,22,valid,regression,eef_alternative_distance,mean_r2,0.07282853126525879
paired,visual_mean,22,valid,regression,target_basket_distance,mean_r2,0.20827406644821167
paired,visual_mean,22,valid,regression,target_displacement_xyz,mean_r2,0.2949002683162689
paired,visual_mean,22,valid,regression,target_speed_per_action_step,mean_r2,0.2425101399421692
paired,visual_mean,22,valid,regression,normalized_action_progress,mean_r2,0.7029374837875366
paired,visual_mean,22,valid,binary,target_grasped,auc,0.8303571428571429
paired,visual_mean,22,valid,binary,target_moved,auc,0.8785739442256587
paired,visual_mean,22,valid,binary,target_lifted,auc,0.8530492179652748
paired,visual_mean,22,valid,binary,near_target,auc,0.7515418102666425
paired,visual_mean,22,valid,binary,near_basket,auc,0.9776162790697674
paired,visual_mean,22,valid,phase,phase_coarse,macro_f1,0.642632954652863
paired,visual_mean,22,test,regression,object_a_xyz,mean_r2,0.9327428936958313
paired,visual_mean,22,test,regression,object_b_xyz,mean_r2,0.9430174231529236
paired,visual_mean,22,test,regression,target_xyz,mean_r2,0.22487543523311615
paired,visual_mean,22,test,regression,alternative_xyz,mean_r2,0.2364278882741928
paired,visual_mean,22,test,regression,eef_xyz,mean_r2,0.8953790664672852
paired,visual_mean,22,test,regression,robot_joint_pos,mean_r2,0.9175285696983337
paired,visual_mean,22,test,regression,gripper_width,mean_r2,0.8807864785194397
paired,visual_mean,22,test,regression,target_to_eef_xyz,mean_r2,0.3561522960662842
paired,visual_mean,22,test,regression,alternative_to_eef_xyz,mean_r2,0.3476681709289551
paired,visual_mean,22,test,regression,target_to_basket_xyz,mean_r2,0.23492790758609772
paired,visual_mean,22,test,regression,eef_target_distance,mean_r2,0.00871354341506958
paired,visual_mean,22,test,regression,eef_alternative_distance,mean_r2,-0.06331288814544678
paired,visual_mean,22,test,regression,target_basket_distance,mean_r2,0.28317421674728394
paired,visual_mean,22,test,regression,target_displacement_xyz,mean_r2,0.26944950222969055
paired,visual_mean,22,test,regression,target_speed_per_action_step,mean_r2,0.22281008958816528
paired,visual_mean,22,test,regression,normalized_action_progress,mean_r2,0.7075414657592773
paired,visual_mean,22,test,binary,target_grasped,auc,0.814948764315853
paired,visual_mean,22,test,binary,target_moved,auc,0.8736134934248142
paired,visual_mean,22,test,binary,target_lifted,auc,0.8516543331475745
paired,visual_mean,22,test,binary,near_target,auc,0.7389453673857344
paired,visual_mean,22,test,binary,near_basket,auc,0.952793327572604
paired,visual_mean,22,test,phase,phase_coarse,macro_f1,0.597944187325299
paired,visual_mean,23,valid,regression,object_a_xyz,mean_r2,0.923900306224823
paired,visual_mean,23,valid,regression,object_b_xyz,mean_r2,0.9117217659950256
paired,visual_mean,23,valid,regression,target_xyz,mean_r2,0.21346385776996613
paired,visual_mean,23,valid,regression,alternative_xyz,mean_r2,0.2182486653327942
paired,visual_mean,23,valid,regression,eef_xyz,mean_r2,0.9472231864929199
paired,visual_mean,23,valid,regression,robot_joint_pos,mean_r2,0.9324537515640259
paired,visual_mean,23,valid,regression,gripper_width,mean_r2,0.7780153155326843
paired,visual_mean,23,valid,regression,target_to_eef_xyz,mean_r2,0.4151723384857178
paired,visual_mean,23,valid,regression,alternative_to_eef_xyz,mean_r2,0.3745218813419342
paired,visual_mean,23,valid,regression,target_to_basket_xyz,mean_r2,0.22991955280303955
paired,visual_mean,23,valid,regression,eef_target_distance,mean_r2,0.09636664390563965
paired,visual_mean,23,valid,regression,eef_alternative_distance,mean_r2,0.1097826361656189
paired,visual_mean,23,valid,regression,target_basket_distance,mean_r2,0.1958748698234558
paired,visual_mean,23,valid,regression,target_displacement_xyz,mean_r2,0.3277978301048279
paired,visual_mean,23,valid,regression,target_speed_per_action_step,mean_r2,0.2161809802055359
paired,visual_mean,23,valid,regression,normalized_action_progress,mean_r2,0.7030589580535889
paired,visual_mean,23,valid,binary,target_grasped,auc,0.830465367965368
paired,visual_mean,23,valid,binary,target_moved,auc,0.8783818397208081
paired,visual_mean,23,valid,binary,target_lifted,auc,0.8533936002295882
paired,visual_mean,23,valid,binary,near_target,auc,0.7514057681842917
paired,visual_mean,23,valid,binary,near_basket,auc,0.9790697674418605
paired,visual_mean,23,valid,phase,phase_coarse,macro_f1,0.6444640255163523
paired,visual_mean,23,test,regression,object_a_xyz,mean_r2,0.9443852305412292
paired,visual_mean,23,test,regression,object_b_xyz,mean_r2,0.9363281726837158
paired,visual_mean,23,test,regression,target_xyz,mean_r2,0.21542222797870636
paired,visual_mean,23,test,regression,alternative_xyz,mean_r2,0.21363325417041779
paired,visual_mean,23,test,regression,eef_xyz,mean_r2,0.932940661907196
paired,visual_mean,23,test,regression,robot_joint_pos,mean_r2,0.9223775863647461
paired,visual_mean,23,test,regression,gripper_width,mean_r2,0.8881995677947998
paired,visual_mean,23,test,regression,target_to_eef_xyz,mean_r2,0.37392517924308777
paired,visual_mean,23,test,regression,alternative_to_eef_xyz,mean_r2,0.3061620593070984
paired,visual_mean,23,test,regression,target_to_basket_xyz,mean_r2,0.23824618756771088
paired,visual_mean,23,test,regression,eef_target_distance,mean_r2,0.019074320793151855
paired,visual_mean,23,test,regression,eef_alternative_distance,mean_r2,0.05431705713272095
paired,visual_mean,23,test,regression,target_basket_distance,mean_r2,0.30043208599090576
paired,visual_mean,23,test,regression,target_displacement_xyz,mean_r2,0.3069288432598114
paired,visual_mean,23,test,regression,target_speed_per_action_step,mean_r2,0.16099923849105835
paired,visual_mean,23,test,regression,normalized_action_progress,mean_r2,0.7141754627227783
paired,visual_mean,23,test,binary,target_grasped,auc,0.8353174603174603
paired,visual_mean,23,test,binary,target_moved,auc,0.8750428816466553
paired,visual_mean,23,test,binary,target_lifted,auc,0.8519912909371314
paired,visual_mean,23,test,binary,near_target,auc,0.7449375981486074
paired,visual_mean,23,test,binary,near_basket,auc,0.9455047526017207
paired,visual_mean,23,test,phase,phase_coarse,macro_f1,0.5989886855267393
paired,visual_mean,24,valid,regression,object_a_xyz,mean_r2,0.9167143702507019
paired,visual_mean,24,valid,regression,object_b_xyz,mean_r2,0.9147078990936279
paired,visual_mean,24,valid,regression,target_xyz,mean_r2,0.23651444911956787
paired,visual_mean,24,valid,regression,alternative_xyz,mean_r2,0.23162412643432617
paired,visual_mean,24,valid,regression,eef_xyz,mean_r2,0.9337292313575745
paired,visual_mean,24,valid,regression,robot_joint_pos,mean_r2,0.9352510571479797
paired,visual_mean,24,valid,regression,gripper_width,mean_r2,0.796107292175293
paired,visual_mean,24,valid,regression,target_to_eef_xyz,mean_r2,0.38401249051094055
paired,visual_mean,24,valid,regression,alternative_to_eef_xyz,mean_r2,0.3750763237476349
paired,visual_mean,24,valid,regression,target_to_basket_xyz,mean_r2,0.2233148217201233
paired,visual_mean,24,valid,regression,eef_target_distance,mean_r2,0.06598067283630371
paired,visual_mean,24,valid,regression,eef_alternative_distance,mean_r2,0.13014566898345947
paired,visual_mean,24,valid,regression,target_basket_distance,mean_r2,0.23617196083068848
paired,visual_mean,24,valid,regression,target_displacement_xyz,mean_r2,0.261024534702301
paired,visual_mean,24,valid,regression,target_speed_per_action_step,mean_r2,0.19515985250473022
paired,visual_mean,24,valid,regression,normalized_action_progress,mean_r2,0.7227656245231628
paired,visual_mean,24,valid,binary,target_grasped,auc,0.8318181818181818
paired,visual_mean,24,valid,binary,target_moved,auc,0.8754362373130983
paired,visual_mean,24,valid,binary,target_lifted,auc,0.853106615009327
paired,visual_mean,24,valid,binary,near_target,auc,0.7511336840195901
paired,visual_mean,24,valid,binary,near_basket,auc,0.9770348837209303
paired,visual_mean,24,valid,phase,phase_coarse,macro_f1,0.6413036876100101
paired,visual_mean,24,test,regression,object_a_xyz,mean_r2,0.939615786075592
paired,visual_mean,24,test,regression,object_b_xyz,mean_r2,0.929757297039032
paired,visual_mean,24,test,regression,target_xyz,mean_r2,0.2582724392414093
paired,visual_mean,24,test,regression,alternative_xyz,mean_r2,0.23424111306667328
paired,visual_mean,24,test,regression,eef_xyz,mean_r2,0.9201140403747559
paired,visual_mean,24,test,regression,robot_joint_pos,mean_r2,0.9092950820922852
paired,visual_mean,24,test,regression,gripper_width,mean_r2,0.8794170022010803
paired,visual_mean,24,test,regression,target_to_eef_xyz,mean_r2,0.3201749324798584
paired,visual_mean,24,test,regression,alternative_to_eef_xyz,mean_r2,0.3347604274749756
paired,visual_mean,24,test,regression,target_to_basket_xyz,mean_r2,0.24396668374538422
paired,visual_mean,24,test,regression,eef_target_distance,mean_r2,0.03494817018508911
paired,visual_mean,24,test,regression,eef_alternative_distance,mean_r2,0.04962658882141113
paired,visual_mean,24,test,regression,target_basket_distance,mean_r2,0.3027632236480713
paired,visual_mean,24,test,regression,target_displacement_xyz,mean_r2,0.28613147139549255
paired,visual_mean,24,test,regression,target_speed_per_action_step,mean_r2,0.25169044733047485
paired,visual_mean,24,test,regression,normalized_action_progress,mean_r2,0.7187974452972412
paired,visual_mean,24,test,binary,target_grasped,auc,0.836121157323689
paired,visual_mean,24,test,binary,target_moved,auc,0.8741852487135506
paired,visual_mean,24,test,binary,target_lifted,auc,0.8515506538277109
paired,visual_mean,24,test,binary,near_target,auc,0.7530374411108357
paired,visual_mean,24,test,binary,near_basket,auc,0.958654243528572
paired,visual_mean,24,test,phase,phase_coarse,macro_f1,0.5985214938500083
paired,visual_mean,25,valid,regression,object_a_xyz,mean_r2,0.8975765705108643
paired,visual_mean,25,valid,regression,object_b_xyz,mean_r2,0.8875979781150818
paired,visual_mean,25,valid,regression,target_xyz,mean_r2,0.23903143405914307
paired,visual_mean,25,valid,regression,alternative_xyz,mean_r2,0.24430058896541595
paired,visual_mean,25,valid,regression,eef_xyz,mean_r2,0.9184550642967224
paired,visual_mean,25,valid,regression,robot_joint_pos,mean_r2,0.9232907295227051
paired,visual_mean,25,valid,regression,gripper_width,mean_r2,0.710912823677063
paired,visual_mean,25,valid,regression,target_to_eef_xyz,mean_r2,0.4038049876689911
paired,visual_mean,25,valid,regression,alternative_to_eef_xyz,mean_r2,0.4018220007419586
paired,visual_mean,25,valid,regression,target_to_basket_xyz,mean_r2,0.246711865067482
paired,visual_mean,25,valid,regression,eef_target_distance,mean_r2,0.13599205017089844
paired,visual_mean,25,valid,regression,eef_alternative_distance,mean_r2,0.09037715196609497
paired,visual_mean,25,valid,regression,target_basket_distance,mean_r2,0.19784533977508545
paired,visual_mean,25,valid,regression,target_displacement_xyz,mean_r2,0.27975764870643616
paired,visual_mean,25,valid,regression,target_speed_per_action_step,mean_r2,0.23983317613601685
paired,visual_mean,25,valid,regression,normalized_action_progress,mean_r2,0.7134691476821899
paired,visual_mean,25,valid,binary,target_grasped,auc,0.829491341991342
paired,visual_mean,25,valid,binary,target_moved,auc,0.8749239586334966
paired,visual_mean,25,valid,binary,target_lifted,auc,0.8523030563925958
paired,visual_mean,25,valid,binary,near_target,auc,0.7487302738980591
paired,visual_mean,25,valid,binary,near_basket,auc,0.9787790697674419
paired,visual_mean,25,valid,phase,phase_coarse,macro_f1,0.6465465423746082
paired,visual_mean,25,test,regression,object_a_xyz,mean_r2,0.9219847321510315
paired,visual_mean,25,test,regression,object_b_xyz,mean_r2,0.9174219965934753
paired,visual_mean,25,test,regression,target_xyz,mean_r2,0.22849418222904205
paired,visual_mean,25,test,regression,alternative_xyz,mean_r2,0.2515190839767456
paired,visual_mean,25,test,regression,eef_xyz,mean_r2,0.925803005695343
paired,visual_mean,25,test,regression,robot_joint_pos,mean_r2,0.8907267451286316
paired,visual_mean,25,test,regression,gripper_width,mean_r2,0.8453365564346313
paired,visual_mean,25,test,regression,target_to_eef_xyz,mean_r2,0.3789394199848175
paired,visual_mean,25,test,regression,alternative_to_eef_xyz,mean_r2,0.32734692096710205
paired,visual_mean,25,test,regression,target_to_basket_xyz,mean_r2,0.2583668828010559
paired,visual_mean,25,test,regression,eef_target_distance,mean_r2,0.09486234188079834
paired,visual_mean,25,test,regression,eef_alternative_distance,mean_r2,0.022182464599609375
paired,visual_mean,25,test,regression,target_basket_distance,mean_r2,0.2623736262321472
paired,visual_mean,25,test,regression,target_displacement_xyz,mean_r2,0.2869865894317627
paired,visual_mean,25,test,regression,target_speed_per_action_step,mean_r2,0.1865140199661255
paired,visual_mean,25,test,regression,normalized_action_progress,mean_r2,0.718752384185791
paired,visual_mean,25,test,binary,target_grasped,auc,0.8299427365883062
paired,visual_mean,25,test,binary,target_moved,auc,0.8750428816466553
paired,visual_mean,25,test,binary,target_lifted,auc,0.8519912909371314
paired,visual_mean,25,test,binary,near_target,auc,0.7458674270600877
paired,visual_mean,25,test,binary,near_basket,auc,0.9289739640079648
paired,visual_mean,25,test,phase,phase_coarse,macro_f1,0.6013317751857651
paired,visual_mean,26,valid,regression,object_a_xyz,mean_r2,0.8782821297645569
paired,visual_mean,26,valid,regression,object_b_xyz,mean_r2,0.9021050333976746
paired,visual_mean,26,valid,regression,target_xyz,mean_r2,0.21651561558246613
paired,visual_mean,26,valid,regression,alternative_xyz,mean_r2,0.22542338073253632
paired,visual_mean,26,valid,regression,eef_xyz,mean_r2,0.9166755080223083
paired,visual_mean,26,valid,regression,robot_joint_pos,mean_r2,0.9211853742599487
paired,visual_mean,26,valid,regression,gripper_width,mean_r2,0.690315306186676
paired,visual_mean,26,valid,regression,target_to_eef_xyz,mean_r2,0.3812231123447418
paired,visual_mean,26,valid,regression,alternative_to_eef_xyz,mean_r2,0.3969549238681793
paired,visual_mean,26,valid,regression,target_to_basket_xyz,mean_r2,0.22105415165424347
paired,visual_mean,26,valid,regression,eef_target_distance,mean_r2,0.09597671031951904
paired,visual_mean,26,valid,regression,eef_alternative_distance,mean_r2,0.08052951097488403
paired,visual_mean,26,valid,regression,target_basket_distance,mean_r2,0.20574045181274414
paired,visual_mean,26,valid,regression,target_displacement_xyz,mean_r2,0.28842902183532715
paired,visual_mean,26,valid,regression,target_speed_per_action_step,mean_r2,0.19172048568725586
paired,visual_mean,26,valid,regression,normalized_action_progress,mean_r2,0.656244158744812
paired,visual_mean,26,valid,binary,target_grasped,auc,0.8295995670995671
paired,visual_mean,26,valid,binary,target_moved,auc,0.8779335958761566
paired,visual_mean,26,valid,binary,target_lifted,auc,0.8533362031855359
paired,visual_mean,26,valid,binary,near_target,auc,0.7512243787411573
paired,visual_mean,26,valid,binary,near_basket,auc,0.9770348837209303
paired,visual_mean,26,valid,phase,phase_coarse,macro_f1,0.6398396877063584
paired,visual_mean,26,test,regression,object_a_xyz,mean_r2,0.923069179058075
paired,visual_mean,26,test,regression,object_b_xyz,mean_r2,0.9231707453727722
paired,visual_mean,26,test,regression,target_xyz,mean_r2,0.26084810495376587
paired,visual_mean,26,test,regression,alternative_xyz,mean_r2,0.2673192322254181
paired,visual_mean,26,test,regression,eef_xyz,mean_r2,0.9141664505004883
paired,visual_mean,26,test,regression,robot_joint_pos,mean_r2,0.9039188027381897
paired,visual_mean,26,test,regression,gripper_width,mean_r2,0.8596627712249756
paired,visual_mean,26,test,regression,target_to_eef_xyz,mean_r2,0.3628805875778198
paired,visual_mean,26,test,regression,alternative_to_eef_xyz,mean_r2,0.3562544584274292
paired,visual_mean,26,test,regression,target_to_basket_xyz,mean_r2,0.2646949291229248
paired,visual_mean,26,test,regression,eef_target_distance,mean_r2,0.012125611305236816
paired,visual_mean,26,test,regression,eef_alternative_distance,mean_r2,0.08076333999633789
paired,visual_mean,26,test,regression,target_basket_distance,mean_r2,0.3019869923591614
paired,visual_mean,26,test,regression,target_displacement_xyz,mean_r2,0.30120033025741577
paired,visual_mean,26,test,regression,target_speed_per_action_step,mean_r2,0.14272046089172363
paired,visual_mean,26,test,regression,normalized_action_progress,mean_r2,0.6721101999282837
paired,visual_mean,26,test,binary,target_grasped,auc,0.8286618444846293
paired,visual_mean,26,test,binary,target_moved,auc,0.8746998284734134
paired,visual_mean,26,test,binary,target_lifted,auc,0.8514210546778813
paired,visual_mean,26,test,binary,near_target,auc,0.7465079758657741
paired,visual_mean,26,test,binary,near_basket,auc,0.9542961265356728
paired,visual_mean,26,test,phase,phase_coarse,macro_f1,0.5989972079848344
paired,visual_mean,27,valid,regression,object_a_xyz,mean_r2,0.8949586749076843
paired,visual_mean,27,valid,regression,object_b_xyz,mean_r2,0.8924161791801453
paired,visual_mean,27,valid,regression,target_xyz,mean_r2,0.22645597159862518
paired,visual_mean,27,valid,regression,alternative_xyz,mean_r2,0.21379362046718597
paired,visual_mean,27,valid,regression,eef_xyz,mean_r2,0.9226370453834534
paired,visual_mean,27,valid,regression,robot_joint_pos,mean_r2,0.9191977381706238
paired,visual_mean,27,valid,regression,gripper_width,mean_r2,0.7211610078811646
paired,visual_mean,27,valid,regression,target_to_eef_xyz,mean_r2,0.3833652436733246
paired,visual_mean,27,valid,regression,alternative_to_eef_xyz,mean_r2,0.36696043610572815
paired,visual_mean,27,valid,regression,target_to_basket_xyz,mean_r2,0.20520810782909393
paired,visual_mean,27,valid,regression,eef_target_distance,mean_r2,0.12162858247756958
paired,visual_mean,27,valid,regression,eef_alternative_distance,mean_r2,0.1363213062286377
paired,visual_mean,27,valid,regression,target_basket_distance,mean_r2,0.17605620622634888
paired,visual_mean,27,valid,regression,target_displacement_xyz,mean_r2,0.3030383586883545
paired,visual_mean,27,valid,regression,target_speed_per_action_step,mean_r2,0.21050673723220825
paired,visual_mean,27,valid,regression,normalized_action_progress,mean_r2,0.6618927717208862
paired,visual_mean,27,valid,binary,target_grasped,auc,0.8271645021645022
paired,visual_mean,27,valid,binary,target_moved,auc,0.8774853520315051
paired,visual_mean,27,valid,binary,target_lifted,auc,0.8527048357009614
paired,visual_mean,27,valid,binary,near_target,auc,0.7484581897333575
paired,visual_mean,27,valid,binary,near_basket,auc,0.977906976744186
paired,visual_mean,27,valid,phase,phase_coarse,macro_f1,0.6420253436600457
paired,visual_mean,27,test,regression,object_a_xyz,mean_r2,0.917972981929779
paired,visual_mean,27,test,regression,object_b_xyz,mean_r2,0.9191350340843201
paired,visual_mean,27,test,regression,target_xyz,mean_r2,0.23602785170078278
paired,visual_mean,27,test,regression,alternative_xyz,mean_r2,0.2121916264295578
paired,visual_mean,27,test,regression,eef_xyz,mean_r2,0.9204538464546204
paired,visual_mean,27,test,regression,robot_joint_pos,mean_r2,0.8961294889450073
paired,visual_mean,27,test,regression,gripper_width,mean_r2,0.8406803607940674
paired,visual_mean,27,test,regression,target_to_eef_xyz,mean_r2,0.3588079512119293
paired,visual_mean,27,test,regression,alternative_to_eef_xyz,mean_r2,0.3427249491214752
paired,visual_mean,27,test,regression,target_to_basket_xyz,mean_r2,0.23694981634616852
paired,visual_mean,27,test,regression,eef_target_distance,mean_r2,0.042560458183288574
paired,visual_mean,27,test,regression,eef_alternative_distance,mean_r2,0.05777233839035034
paired,visual_mean,27,test,regression,target_basket_distance,mean_r2,0.1996416449546814
paired,visual_mean,27,test,regression,target_displacement_xyz,mean_r2,0.2921881079673767
paired,visual_mean,27,test,regression,target_speed_per_action_step,mean_r2,0.2494165301322937
paired,visual_mean,27,test,regression,normalized_action_progress,mean_r2,0.7089344263076782
paired,visual_mean,27,test,binary,target_grasped,auc,0.8340114526823388
paired,visual_mean,27,test,binary,target_moved,auc,0.8751286449399658
paired,visual_mean,27,test,binary,target_lifted,auc,0.8521727297468928
paired,visual_mean,27,test,binary,near_target,auc,0.7473344904537566
paired,visual_mean,27,test,binary,near_basket,auc,0.9552729458616673
paired,visual_mean,27,test,phase,phase_coarse,macro_f1,0.6169843530362269
paired,visual_mean,28,valid,regression,object_a_xyz,mean_r2,0.8861071467399597
paired,visual_mean,28,valid,regression,object_b_xyz,mean_r2,0.8824841380119324
paired,visual_mean,28,valid,regression,target_xyz,mean_r2,0.1990397721529007
paired,visual_mean,28,valid,regression,alternative_xyz,mean_r2,0.21877695620059967
paired,visual_mean,28,valid,regression,eef_xyz,mean_r2,0.9195466637611389
paired,visual_mean,28,valid,regression,robot_joint_pos,mean_r2,0.919249951839447
paired,visual_mean,28,valid,regression,gripper_width,mean_r2,0.6917088031768799
paired,visual_mean,28,valid,regression,target_to_eef_xyz,mean_r2,0.3810044825077057
paired,visual_mean,28,valid,regression,alternative_to_eef_xyz,mean_r2,0.3828083574771881
paired,visual_mean,28,valid,regression,target_to_basket_xyz,mean_r2,0.22851578891277313
paired,visual_mean,28,valid,regression,eef_target_distance,mean_r2,0.10580658912658691
paired,visual_mean,28,valid,regression,eef_alternative_distance,mean_r2,0.08633363246917725
paired,visual_mean,28,valid,regression,target_basket_distance,mean_r2,0.21390217542648315
paired,visual_mean,28,valid,regression,target_displacement_xyz,mean_r2,0.29787006974220276
paired,visual_mean,28,valid,regression,target_speed_per_action_step,mean_r2,0.2236815094947815
paired,visual_mean,28,valid,regression,normalized_action_progress,mean_r2,0.7447104454040527
paired,visual_mean,28,valid,binary,target_grasped,auc,0.8278138528138528
paired,visual_mean,28,valid,binary,target_moved,auc,0.8767809688470528
paired,visual_mean,28,valid,binary,target_lifted,auc,0.8533936002295882
paired,visual_mean,28,valid,binary,near_target,auc,0.7492290948666788
paired,visual_mean,28,valid,binary,near_basket,auc,0.979360465116279
paired,visual_mean,28,valid,phase,phase_coarse,macro_f1,0.642632954652863
paired,visual_mean,28,test,regression,object_a_xyz,mean_r2,0.9145632386207581
paired,visual_mean,28,test,regression,object_b_xyz,mean_r2,0.8951407074928284
paired,visual_mean,28,test,regression,target_xyz,mean_r2,0.21970410645008087
paired,visual_mean,28,test,regression,alternative_xyz,mean_r2,0.2304074764251709
paired,visual_mean,28,test,regression,eef_xyz,mean_r2,0.91420978307724
paired,visual_mean,28,test,regression,robot_joint_pos,mean_r2,0.8951430916786194
paired,visual_mean,28,test,regression,gripper_width,mean_r2,0.7941708564758301
paired,visual_mean,28,test,regression,target_to_eef_xyz,mean_r2,0.3580385148525238
paired,visual_mean,28,test,regression,alternative_to_eef_xyz,mean_r2,0.3665196895599365
paired,visual_mean,28,test,regression,target_to_basket_xyz,mean_r2,0.2220124751329422
paired,visual_mean,28,test,regression,eef_target_distance,mean_r2,0.029842138290405273
paired,visual_mean,28,test,regression,eef_alternative_distance,mean_r2,0.00999748706817627
paired,visual_mean,28,test,regression,target_basket_distance,mean_r2,0.30405324697494507
paired,visual_mean,28,test,regression,target_displacement_xyz,mean_r2,0.29051074385643005
paired,visual_mean,28,test,regression,target_speed_per_action_step,mean_r2,0.23024868965148926
paired,visual_mean,28,test,regression,normalized_action_progress,mean_r2,0.7102746963500977
paired,visual_mean,28,test,binary,target_grasped,auc,0.8320022101667671
paired,visual_mean,28,test,binary,target_moved,auc,0.874928530588908
paired,visual_mean,28,test,binary,target_lifted,auc,0.8520431305970633
paired,visual_mean,28,test,binary,near_target,auc,0.7513637490701711
paired,visual_mean,28,test,binary,near_basket,auc,0.958654243528572
paired,visual_mean,28,test,phase,phase_coarse,macro_f1,0.6102794681090827
paired,visual_mean,29,valid,regression,object_a_xyz,mean_r2,0.879530131816864
paired,visual_mean,29,valid,regression,object_b_xyz,mean_r2,0.8607950806617737
paired,visual_mean,29,valid,regression,target_xyz,mean_r2,0.20121313631534576
paired,visual_mean,29,valid,regression,alternative_xyz,mean_r2,0.18761400878429413
paired,visual_mean,29,valid,regression,eef_xyz,mean_r2,0.9184337258338928
paired,visual_mean,29,valid,regression,robot_joint_pos,mean_r2,0.9048405289649963
paired,visual_mean,29,valid,regression,gripper_width,mean_r2,0.6427019238471985
paired,visual_mean,29,valid,regression,target_to_eef_xyz,mean_r2,0.35672762989997864
paired,visual_mean,29,valid,regression,alternative_to_eef_xyz,mean_r2,0.3726137578487396
paired,visual_mean,29,valid,regression,target_to_basket_xyz,mean_r2,0.2049378752708435
paired,visual_mean,29,valid,regression,eef_target_distance,mean_r2,0.06313210725784302
paired,visual_mean,29,valid,regression,eef_alternative_distance,mean_r2,0.09174692630767822
paired,visual_mean,29,valid,regression,target_basket_distance,mean_r2,0.21555101871490479
paired,visual_mean,29,valid,regression,target_displacement_xyz,mean_r2,0.24802905321121216
paired,visual_mean,29,valid,regression,target_speed_per_action_step,mean_r2,0.19122016429901123
paired,visual_mean,29,valid,regression,normalized_action_progress,mean_r2,0.6737161874771118
paired,visual_mean,29,valid,binary,target_grasped,auc,0.8258658008658009
paired,visual_mean,29,valid,binary,target_moved,auc,0.8761406204975506
paired,visual_mean,29,valid,binary,target_lifted,auc,0.8516142918639691
paired,visual_mean,29,valid,binary,near_target,auc,0.7514964629058589
paired,visual_mean,29,valid,binary,near_basket,auc,0.9767441860465117
paired,visual_mean,29,valid,phase,phase_coarse,macro_f1,0.6341938743139863
paired,visual_mean,29,test,regression,object_a_xyz,mean_r2,0.9009659290313721
paired,visual_mean,29,test,regression,object_b_xyz,mean_r2,0.8967090249061584
paired,visual_mean,29,test,regression,target_xyz,mean_r2,0.1808193176984787
paired,visual_mean,29,test,regression,alternative_xyz,mean_r2,0.1828809380531311
paired,visual_mean,29,test,regression,eef_xyz,mean_r2,0.9087302684783936
paired,visual_mean,29,test,regression,robot_joint_pos,mean_r2,0.8877991437911987
paired,visual_mean,29,test,regression,gripper_width,mean_r2,0.8326860666275024
paired,visual_mean,29,test,regression,target_to_eef_xyz,mean_r2,0.30487877130508423
paired,visual_mean,29,test,regression,alternative_to_eef_xyz,mean_r2,0.345996618270874
paired,visual_mean,29,test,regression,target_to_basket_xyz,mean_r2,0.2183467149734497
paired,visual_mean,29,test,regression,eef_target_distance,mean_r2,0.014510095119476318
paired,visual_mean,29,test,regression,eef_alternative_distance,mean_r2,0.04985034465789795
paired,visual_mean,29,test,regression,target_basket_distance,mean_r2,0.31828999519348145
paired,visual_mean,29,test,regression,target_displacement_xyz,mean_r2,0.23725439608097076
paired,visual_mean,29,test,regression,target_speed_per_action_step,mean_r2,0.13189953565597534
paired,visual_mean,29,test,regression,normalized_action_progress,mean_r2,0.708662748336792
paired,visual_mean,29,test,binary,target_grasped,auc,0.8330319469559976
paired,visual_mean,29,test,binary,target_moved,auc,0.8751572327044026
paired,visual_mean,29,test,binary,target_lifted,auc,0.8514210546778813
paired,visual_mean,29,test,binary,near_target,auc,0.7522935779816514
paired,visual_mean,29,test,binary,near_basket,auc,0.954521546380133
paired,visual_mean,29,test,phase,phase_coarse,macro_f1,0.6087748344370861
paired,visual_mean,30,valid,regression,object_a_xyz,mean_r2,0.844129741191864
paired,visual_mean,30,valid,regression,object_b_xyz,mean_r2,0.8544736504554749
paired,visual_mean,30,valid,regression,target_xyz,mean_r2,0.1958531141281128
paired,visual_mean,30,valid,regression,alternative_xyz,mean_r2,0.1904473453760147
paired,visual_mean,30,valid,regression,eef_xyz,mean_r2,0.8795631527900696
paired,visual_mean,30,valid,regression,robot_joint_pos,mean_r2,0.893639087677002
paired,visual_mean,30,valid,regression,gripper_width,mean_r2,0.6273288726806641
paired,visual_mean,30,valid,regression,target_to_eef_xyz,mean_r2,0.3767329156398773
paired,visual_mean,30,valid,regression,alternative_to_eef_xyz,mean_r2,0.366369366645813
paired,visual_mean,30,valid,regression,target_to_basket_xyz,mean_r2,0.19699151813983917
paired,visual_mean,30,valid,regression,eef_target_distance,mean_r2,0.15255123376846313
paired,visual_mean,30,valid,regression,eef_alternative_distance,mean_r2,0.1224360466003418
paired,visual_mean,30,valid,regression,target_basket_distance,mean_r2,0.12779682874679565
paired,visual_mean,30,valid,regression,target_displacement_xyz,mean_r2,0.2589235007762909
paired,visual_mean,30,valid,regression,target_speed_per_action_step,mean_r2,0.20941227674484253
paired,visual_mean,30,valid,regression,normalized_action_progress,mean_r2,0.6564348340034485
paired,visual_mean,30,valid,binary,target_grasped,auc,0.8307900432900432
paired,visual_mean,30,valid,binary,target_moved,auc,0.8779335958761566
paired,visual_mean,30,valid,binary,target_lifted,auc,0.8533362031855359
paired,visual_mean,30,valid,binary,near_target,auc,0.7514057681842917
paired,visual_mean,30,valid,binary,near_basket,auc,0.979360465116279
paired,visual_mean,30,valid,phase,phase_coarse,macro_f1,0.6392375185284839
paired,visual_mean,30,test,regression,object_a_xyz,mean_r2,0.9052534699440002
paired,visual_mean,30,test,regression,object_b_xyz,mean_r2,0.8837631344795227
paired,visual_mean,30,test,regression,target_xyz,mean_r2,0.22946469485759735
paired,visual_mean,30,test,regression,alternative_xyz,mean_r2,0.223013237118721
paired,visual_mean,30,test,regression,eef_xyz,mean_r2,0.8528175354003906
paired,visual_mean,30,test,regression,robot_joint_pos,mean_r2,0.8704057931900024
paired,visual_mean,30,test,regression,gripper_width,mean_r2,0.8123759627342224
paired,visual_mean,30,test,regression,target_to_eef_xyz,mean_r2,0.3436431884765625
paired,visual_mean,30,test,regression,alternative_to_eef_xyz,mean_r2,0.3162599802017212
paired,visual_mean,30,test,regression,target_to_basket_xyz,mean_r2,0.23605191707611084
paired,visual_mean,30,test,regression,eef_target_distance,mean_r2,0.08615899085998535
paired,visual_mean,30,test,regression,eef_alternative_distance,mean_r2,0.04605799913406372
paired,visual_mean,30,test,regression,target_basket_distance,mean_r2,0.2223462462425232
paired,visual_mean,30,test,regression,target_displacement_xyz,mean_r2,0.2739541828632355
paired,visual_mean,30,test,regression,target_speed_per_action_step,mean_r2,0.17650985717773438
paired,visual_mean,30,test,regression,normalized_action_progress,mean_r2,0.644957423210144
paired,visual_mean,30,test,binary,target_grasped,auc,0.8307715491259795
paired,visual_mean,30,test,binary,target_moved,auc,0.873013150371641
paired,visual_mean,30,test,binary,target_lifted,auc,0.8517580124674382
paired,visual_mean,30,test,binary,near_target,auc,0.7519423092817589
paired,visual_mean,30,test,binary,near_basket,auc,0.9575271443062705
paired,visual_mean,30,test,phase,phase_coarse,macro_f1,0.6060435939177141
paired,visual_mean,31,valid,regression,object_a_xyz,mean_r2,0.8368143439292908
paired,visual_mean,31,valid,regression,object_b_xyz,mean_r2,0.874285876750946
paired,visual_mean,31,valid,regression,target_xyz,mean_r2,0.18532437086105347
paired,visual_mean,31,valid,regression,alternative_xyz,mean_r2,0.17885418236255646
paired,visual_mean,31,valid,regression,eef_xyz,mean_r2,0.89537113904953
paired,visual_mean,31,valid,regression,robot_joint_pos,mean_r2,0.8967832922935486
paired,visual_mean,31,valid,regression,gripper_width,mean_r2,0.6551235914230347
paired,visual_mean,31,valid,regression,target_to_eef_xyz,mean_r2,0.3511563539505005
paired,visual_mean,31,valid,regression,alternative_to_eef_xyz,mean_r2,0.35002708435058594
paired,visual_mean,31,valid,regression,target_to_basket_xyz,mean_r2,0.20086818933486938
paired,visual_mean,31,valid,regression,eef_target_distance,mean_r2,0.10594618320465088
paired,visual_mean,31,valid,regression,eef_alternative_distance,mean_r2,0.053528010845184326
paired,visual_mean,31,valid,regression,target_basket_distance,mean_r2,0.14243853092193604
paired,visual_mean,31,valid,regression,target_displacement_xyz,mean_r2,0.2809416651725769
paired,visual_mean,31,valid,regression,target_speed_per_action_step,mean_r2,0.19111919403076172
paired,visual_mean,31,valid,regression,normalized_action_progress,mean_r2,0.6931910514831543
paired,visual_mean,31,valid,binary,target_grasped,auc,0.8295454545454546
paired,visual_mean,31,valid,binary,target_moved,auc,0.8778695610412064
paired,visual_mean,31,valid,binary,target_lifted,auc,0.8533362031855359
paired,visual_mean,31,valid,binary,near_target,auc,0.7508162524941049
paired,visual_mean,31,valid,binary,near_basket,auc,0.979360465116279
paired,visual_mean,31,valid,phase,phase_coarse,macro_f1,0.6219499693080079
paired,visual_mean,31,test,regression,object_a_xyz,mean_r2,0.8867941498756409
paired,visual_mean,31,test,regression,object_b_xyz,mean_r2,0.8964805603027344
paired,visual_mean,31,test,regression,target_xyz,mean_r2,0.19238971173763275
paired,visual_mean,31,test,regression,alternative_xyz,mean_r2,0.1935090869665146
paired,visual_mean,31,test,regression,eef_xyz,mean_r2,0.8802227973937988
paired,visual_mean,31,test,regression,robot_joint_pos,mean_r2,0.8653444647789001
paired,visual_mean,31,test,regression,gripper_width,mean_r2,0.8102153539657593
paired,visual_mean,31,test,regression,target_to_eef_xyz,mean_r2,0.26531270146369934
paired,visual_mean,31,test,regression,alternative_to_eef_xyz,mean_r2,0.33278888463974
paired,visual_mean,31,test,regression,target_to_basket_xyz,mean_r2,0.22750185430049896
paired,visual_mean,31,test,regression,eef_target_distance,mean_r2,0.04230016469955444
paired,visual_mean,31,test,regression,eef_alternative_distance,mean_r2,0.004674017429351807
paired,visual_mean,31,test,regression,target_basket_distance,mean_r2,0.27090615034103394
paired,visual_mean,31,test,regression,target_displacement_xyz,mean_r2,0.21322594583034515
paired,visual_mean,31,test,regression,target_speed_per_action_step,mean_r2,0.12841612100601196
paired,visual_mean,31,test,regression,normalized_action_progress,mean_r2,0.6295397281646729
paired,visual_mean,31,test,binary,target_grasped,auc,0.8371760096443641
paired,visual_mean,31,test,binary,target_moved,auc,0.8754145225843339
paired,visual_mean,31,test,binary,target_lifted,auc,0.8519394512771996
paired,visual_mean,31,test,binary,near_target,auc,0.7527481610050418
paired,visual_mean,31,test,binary,near_basket,auc,0.9635383401585453
paired,visual_mean,31,test,phase,phase_coarse,macro_f1,0.62980162891407
